{"type":"FeatureCollection","features":[{"type":"Feature","properties":{"lid":"L0","name":null,"area_ha_calc":null,"area_ha_src":821568.553,"did":null,"state":null,"shd_src_id":"1"},"geometry":{"type":"Point","coordinates":[3433794.5656,5311814.2231]}},{"type":"Feature","properties":{"lid":"L1","name":null,"area_ha_calc":null,"area_ha_src":2782182.719,"did":null,"state":null,"shd_src_id":"2"},"geometry":{"type":"Point","coordinates":[3434690.6808,5424899.4945]}},{"type":"Feature","properties":{"lid":"L2","name":null,"area_ha_calc":null,"area_ha_src":977280.718,"did":null,"state":null,"shd_src_id":"3"},"geometry":{"type":"Point","coordinates":[3428779.2549,5398903.7073]}},{"type":"Feature","properties":{"lid":"L3","name":null,"area_ha_calc":null,"area_ha_src":524655.837,"did":null,"state":null,"shd_src_id":"4"},"geometry":{"type":"Point","coordinates":[3401262.5448,5356109.2482]}},{"type":"Feature","properties":{"lid":"L4","name":"Shawarang Chhat","area_ha_calc":null,"area_ha_src":2035293.15,"did":null,"state":null,"shd_src_id":"5"},"geometry":{"type":"Point","coordinates":[3332061.7243,5331107.6327]}},{"type":"Feature","properties":{"lid":"L5","name":null,"area_ha_calc":null,"area_ha_src":915030.86,"did":null,"state":null,"shd_src_id":"6"},"geometry":{"type":"Point","coordinates":[3330276.6109,5325700.0706]}},{"type":"Feature","properties":{"lid":"L6","name":null,"area_ha_calc":null,"area_ha_src":510461.372,"did":null,"state":null,"shd_src_id":"7"},"geometry":{"type":"Point","coordinates":[3782274.3606,5251381.2791]}},{"type":"Feature","properties":{"lid":"L7","name":null,"area_ha_calc":null,"area_ha_src":1797353.417,"did":null,"state":null,"shd_src_id":"8"},"geometry":{"type":"Point","coordinates":[3844095.1635,5249647.4283]}},{"type":"Feature","properties":{"lid":"L8","name":"Yuanyang Hu","area_ha_calc":null,"area_ha_src":1235723.897,"did":null,"state":null,"shd_src_id":"9"},"geometry":{"type":"Point","coordinates":[3838170.8267,5247617.6607]}},{"type":"Feature","properties":{"lid":"L9","name":null,"area_ha_calc":null,"area_ha_src":2076017.808,"did":null,"state":null,"shd_src_id":"10"},"geometry":{"type":"Point","coordinates":[3602172.5283,5234666.8848]}},{"type":"Feature","properties":{"lid":"L10","name":"Shausar Lake","area_ha_calc":null,"area_ha_src":1270742.673,"did":null,"state":null,"shd_src_id":"11"},"geometry":{"type":"Point","coordinates":[3565503.7633,5209531.5036]}},{"type":"Feature","properties":{"lid":"L11","name":null,"area_ha_calc":null,"area_ha_src":653018.07,"did":null,"state":null,"shd_src_id":"12"},"geometry":{"type":"Point","coordinates":[3499901.3996,5203993.5048]}},{"type":"Feature","properties":{"lid":"L12","name":"Dhartan Sar","area_ha_calc":null,"area_ha_src":948084.663,"did":null,"state":null,"shd_src_id":"13"},"geometry":{"type":"Point","coordinates":[3457608.444,5195667.3271]}},{"type":"Feature","properties":{"lid":"L13","name":null,"area_ha_calc":null,"area_ha_src":632676.212,"did":null,"state":null,"shd_src_id":"14"},"geometry":{"type":"Point","coordinates":[3555292.8622,5177246.2549]}},{"type":"Feature","properties":{"lid":"L14","name":null,"area_ha_calc":null,"area_ha_src":721623.929,"did":null,"state":null,"shd_src_id":"15"},"geometry":{"type":"Point","coordinates":[3559065.9163,5173743.3808]}},{"type":"Feature","properties":{"lid":"L15","name":"Gangbal Lake","area_ha_calc":null,"area_ha_src":1638367.772,"did":null,"state":null,"shd_src_id":"16"},"geometry":{"type":"Point","coordinates":[3534780.7914,5148588.6748]}},{"type":"Feature","properties":{"lid":"L16","name":null,"area_ha_calc":null,"area_ha_src":962363.833,"did":null,"state":null,"shd_src_id":"17"},"geometry":{"type":"Point","coordinates":[3829243.953,5144000.8922]}},{"type":"Feature","properties":{"lid":"L17","name":"Manasbal lake","area_ha_calc":null,"area_ha_src":1903688.625,"did":null,"state":null,"shd_src_id":"18"},"geometry":{"type":"Point","coordinates":[3509816.7285,5129343.4029]}},{"type":"Feature","properties":{"lid":"L18","name":"Dal Lake","area_ha_calc":null,"area_ha_src":12318636.277,"did":null,"state":null,"shd_src_id":"19"},"geometry":{"type":"Point","coordinates":[3528728.3134,5113782.064]}},{"type":"Feature","properties":{"lid":"L19","name":null,"area_ha_calc":null,"area_ha_src":593162.542,"did":null,"state":null,"shd_src_id":"20"},"geometry":{"type":"Point","coordinates":[3524887.7384,5114594.748]}},{"type":"Feature","properties":{"lid":"L20","name":"Tarsar Lake","area_ha_calc":null,"area_ha_src":857555.144,"did":null,"state":null,"shd_src_id":"21"},"geometry":{"type":"Point","coordinates":[3554023.6333,5115500.1477]}},{"type":"Feature","properties":{"lid":"L21","name":"Ororotse Tso","area_ha_calc":null,"area_ha_src":665644.412,"did":null,"state":null,"shd_src_id":"22"},"geometry":{"type":"Point","coordinates":[3855510.8169,5119110.2647]}},{"type":"Feature","properties":{"lid":"L22","name":null,"area_ha_calc":null,"area_ha_src":1096446.806,"did":null,"state":null,"shd_src_id":"23"},"geometry":{"type":"Point","coordinates":[3856448.2439,5112443.2008]}},{"type":"Feature","properties":{"lid":"L23","name":null,"area_ha_calc":null,"area_ha_src":569485.814,"did":null,"state":null,"shd_src_id":"24"},"geometry":{"type":"Point","coordinates":[3867064.007,5109777.7295]}},{"type":"Feature","properties":{"lid":"L24","name":"Bhag Sar","area_ha_calc":null,"area_ha_src":656912.802,"did":null,"state":null,"shd_src_id":"25"},"geometry":{"type":"Point","coordinates":[3499681.5386,5049050.8253]}},{"type":"Feature","properties":{"lid":"L25","name":null,"area_ha_calc":null,"area_ha_src":1114550.227,"did":null,"state":null,"shd_src_id":"26"},"geometry":{"type":"Point","coordinates":[3516799.7449,5047535.6837]}},{"type":"Feature","properties":{"lid":"L26","name":null,"area_ha_calc":null,"area_ha_src":56952002.892,"did":null,"state":null,"shd_src_id":"27"},"geometry":{"type":"Point","coordinates":[3904099.5259,5041797.6439]}},{"type":"Feature","properties":{"lid":"L27","name":"Mitpal Tso","area_ha_calc":null,"area_ha_src":2020893.587,"did":null,"state":null,"shd_src_id":"28"},"geometry":{"type":"Point","coordinates":[3871642.0913,5034133.1329]}},{"type":"Feature","properties":{"lid":"L28","name":"Yusup Tso (Ordong Tso)","area_ha_calc":null,"area_ha_src":1510965.194,"did":null,"state":null,"shd_src_id":"29"},"geometry":{"type":"Point","coordinates":[3860853.2971,5032756.6575]}},{"type":"Feature","properties":{"lid":"L29","name":"Kyule Tso (Yashu Tso)","area_ha_calc":null,"area_ha_src":1841570.631,"did":null,"state":null,"shd_src_id":"30"},"geometry":{"type":"Point","coordinates":[3860116.422,5030035.5426]}},{"type":"Feature","properties":{"lid":"L30","name":null,"area_ha_calc":null,"area_ha_src":14883071.492,"did":null,"state":null,"shd_src_id":"31"},"geometry":{"type":"Point","coordinates":[3813093.7147,5017647.1747]}},{"type":"Feature","properties":{"lid":"L31","name":"Yaye Tso","area_ha_calc":null,"area_ha_src":1645960.027,"did":null,"state":null,"shd_src_id":"32"},"geometry":{"type":"Point","coordinates":[3859205.9101,5017518.9406]}},{"type":"Feature","properties":{"lid":"L32","name":"Startsapuk Tso","area_ha_calc":null,"area_ha_src":4010479.712,"did":null,"state":null,"shd_src_id":"33"},"geometry":{"type":"Point","coordinates":[3818559.6056,5011468.5099]}},{"type":"Feature","properties":{"lid":"L33","name":"Thadsangkaru Tso (Kiagar Tso)","area_ha_calc":null,"area_ha_src":5023891.743,"did":null,"state":null,"shd_src_id":"34"},"geometry":{"type":"Point","coordinates":[3842732.8714,4994844.5327]}},{"type":"Feature","properties":{"lid":"L34","name":"Tso Moriri","area_ha_calc":null,"area_ha_src":139583280.768,"did":null,"state":null,"shd_src_id":"35"},"geometry":{"type":"Point","coordinates":[3843714.6535,4972475.231]}},{"type":"Feature","properties":{"lid":"L35","name":"Chilling Tso","area_ha_calc":null,"area_ha_src":4371366.927,"did":null,"state":null,"shd_src_id":"36"},"geometry":{"type":"Point","coordinates":[3869659.6816,4980896.2699]}},{"type":"Feature","properties":{"lid":"L36","name":"Ryul Tso","area_ha_calc":null,"area_ha_src":6415898.24,"did":null,"state":null,"shd_src_id":"37"},"geometry":{"type":"Point","coordinates":[3870061.1937,4973860.2097]}},{"type":"Feature","properties":{"lid":"L37","name":"mansar lake","area_ha_calc":null,"area_ha_src":513683.663,"did":null,"state":null,"shd_src_id":"38"},"geometry":{"type":"Point","coordinates":[3548412.0246,4956598.1537]}},{"type":"Feature","properties":{"lid":"L38","name":null,"area_ha_calc":null,"area_ha_src":6793105.121,"did":null,"state":null,"shd_src_id":"39"},"geometry":{"type":"Point","coordinates":[3634614.0104,4945563.124]}},{"type":"Feature","properties":{"lid":"L39","name":null,"area_ha_calc":null,"area_ha_src":608936.59,"did":null,"state":null,"shd_src_id":"40"},"geometry":{"type":"Point","coordinates":[3741020.2707,4932330.6654]}},{"type":"Feature","properties":{"lid":"L40","name":null,"area_ha_calc":null,"area_ha_src":215451948.36,"did":null,"state":null,"shd_src_id":"41"},"geometry":{"type":"Point","coordinates":[3629256.788,4878371.7806]}},{"type":"Feature","properties":{"lid":"L41","name":null,"area_ha_calc":null,"area_ha_src":706062.182,"did":null,"state":null,"shd_src_id":"42"},"geometry":{"type":"Point","coordinates":[3726002.2635,4839298.9512]}},{"type":"Feature","properties":{"lid":"L42","name":null,"area_ha_calc":null,"area_ha_src":134409185.359,"did":null,"state":null,"shd_src_id":"43"},"geometry":{"type":"Point","coordinates":[3667982.2247,4812955.8917]}},{"type":"Feature","properties":{"lid":"L43","name":"Ampee-Wuy-ah Lake (Idu Mishmi)","area_ha_calc":null,"area_ha_src":1113534.984,"did":null,"state":null,"shd_src_id":"44"},"geometry":{"type":"Point","coordinates":[5584870.0769,4612570.5146]}},{"type":"Feature","properties":{"lid":"L44","name":"Bhogpur Dam","area_ha_calc":null,"area_ha_src":15554237.927,"did":null,"state":null,"shd_src_id":"45"},"geometry":{"type":"Point","coordinates":[3898145.8906,4579764.6362]}},{"type":"Feature","properties":{"lid":"L45","name":null,"area_ha_calc":null,"area_ha_src":890339.031,"did":null,"state":null,"shd_src_id":"46"},"geometry":{"type":"Point","coordinates":[5514535.5278,4670016.5454]}},{"type":"Feature","properties":{"lid":"L46","name":null,"area_ha_calc":null,"area_ha_src":1307406.681,"did":null,"state":null,"shd_src_id":"47"},"geometry":{"type":"Point","coordinates":[5534889.7033,4664638.8168]}},{"type":"Feature","properties":{"lid":"L47","name":null,"area_ha_calc":null,"area_ha_src":1102633.552,"did":null,"state":null,"shd_src_id":"48"},"geometry":{"type":"Point","coordinates":[5542972.2331,4661826.2645]}},{"type":"Feature","properties":{"lid":"L48","name":"Longya Cuo","area_ha_calc":null,"area_ha_src":609789.397,"did":null,"state":null,"shd_src_id":"49"},"geometry":{"type":"Point","coordinates":[5554930.4781,4658085.66]}},{"type":"Feature","properties":{"lid":"L49","name":null,"area_ha_calc":null,"area_ha_src":1099734.053,"did":null,"state":null,"shd_src_id":"50"},"geometry":{"type":"Point","coordinates":[5546739.4697,4657893.864]}},{"type":"Feature","properties":{"lid":"L50","name":null,"area_ha_calc":null,"area_ha_src":590828.894,"did":null,"state":null,"shd_src_id":"51"},"geometry":{"type":"Point","coordinates":[5543674.4391,4657125.7972]}},{"type":"Feature","properties":{"lid":"L51","name":null,"area_ha_calc":null,"area_ha_src":558591.563,"did":null,"state":null,"shd_src_id":"52"},"geometry":{"type":"Point","coordinates":[5548103.5756,4654484.2272]}},{"type":"Feature","properties":{"lid":"L52","name":null,"area_ha_calc":null,"area_ha_src":626269.378,"did":null,"state":null,"shd_src_id":"53"},"geometry":{"type":"Point","coordinates":[5560095.6282,4653427.9955]}},{"type":"Feature","properties":{"lid":"L53","name":null,"area_ha_calc":null,"area_ha_src":865879.39,"did":null,"state":null,"shd_src_id":"54"},"geometry":{"type":"Point","coordinates":[5544061.9604,4641153.0464]}},{"type":"Feature","properties":{"lid":"L54","name":null,"area_ha_calc":null,"area_ha_src":66195454.319,"did":null,"state":null,"shd_src_id":"55"},"geometry":{"type":"Point","coordinates":[3883524.4697,4607814.9814]}},{"type":"Feature","properties":{"lid":"L55","name":null,"area_ha_calc":null,"area_ha_src":758036.564,"did":null,"state":null,"shd_src_id":"56"},"geometry":{"type":"Point","coordinates":[5544170.1689,4637890.5968]}},{"type":"Feature","properties":{"lid":"L56","name":null,"area_ha_calc":null,"area_ha_src":529776.795,"did":null,"state":null,"shd_src_id":"57"},"geometry":{"type":"Point","coordinates":[5520210.4006,4630954.0694]}},{"type":"Feature","properties":{"lid":"L57","name":null,"area_ha_calc":null,"area_ha_src":508289.982,"did":null,"state":null,"shd_src_id":"58"},"geometry":{"type":"Point","coordinates":[5522025.32,4630380.3139]}},{"type":"Feature","properties":{"lid":"L58","name":"Haripura jalshay","area_ha_calc":null,"area_ha_src":14693737.949,"did":null,"state":null,"shd_src_id":"59"},"geometry":{"type":"Point","coordinates":[3931775.174,4558738.1308]}},{"type":"Feature","properties":{"lid":"L59","name":null,"area_ha_calc":null,"area_ha_src":912367.595,"did":null,"state":null,"shd_src_id":"60"},"geometry":{"type":"Point","coordinates":[4792661.496,4448660.4606]}},{"type":"Feature","properties":{"lid":"L60","name":"Nanaksagar Dam","area_ha_calc":null,"area_ha_src":19964947.244,"did":null,"state":null,"shd_src_id":"61"},"geometry":{"type":"Point","coordinates":[3984631.274,4539944.5758]}},{"type":"Feature","properties":{"lid":"L61","name":"Dohra Dham","area_ha_calc":null,"area_ha_src":7135123.658,"did":null,"state":null,"shd_src_id":"62"},"geometry":{"type":"Point","coordinates":[3959017.9052,4539066.0808]}},{"type":"Feature","properties":{"lid":"L62","name":"Baigul Dam","area_ha_calc":null,"area_ha_src":10473843.368,"did":null,"state":null,"shd_src_id":"63"},"geometry":{"type":"Point","coordinates":[3962905.224,4533715.8526]}},{"type":"Feature","properties":{"lid":"L63","name":null,"area_ha_calc":null,"area_ha_src":647429.976,"did":null,"state":null,"shd_src_id":"64"},"geometry":{"type":"Point","coordinates":[5627171.0264,4554691.9406]}},{"type":"Feature","properties":{"lid":"L64","name":null,"area_ha_calc":null,"area_ha_src":537722.036,"did":null,"state":null,"shd_src_id":"65"},"geometry":{"type":"Point","coordinates":[5666107.9058,4547744.9653]}},{"type":"Feature","properties":{"lid":"L65","name":"Mehao Lake","area_ha_calc":null,"area_ha_src":961247.973,"did":null,"state":null,"shd_src_id":"66"},"geometry":{"type":"Point","coordinates":[5536349.8608,4538070.0793]}},{"type":"Feature","properties":{"lid":"L66","name":"Glo Hawel Lake","area_ha_calc":null,"area_ha_src":800590.117,"did":null,"state":null,"shd_src_id":"67"},"geometry":{"type":"Point","coordinates":[5590891.5397,4494835.5626]}},{"type":"Feature","properties":{"lid":"L67","name":null,"area_ha_calc":null,"area_ha_src":1017946.489,"did":null,"state":null,"shd_src_id":"68"},"geometry":{"type":"Point","coordinates":[4841453.2901,4463907.6274]}},{"type":"Feature","properties":{"lid":"L68","name":null,"area_ha_calc":null,"area_ha_src":933406.103,"did":null,"state":null,"shd_src_id":"69"},"geometry":{"type":"Point","coordinates":[4845962.5724,4462522.0258]}},{"type":"Feature","properties":{"lid":"L69","name":null,"area_ha_calc":null,"area_ha_src":1028612.276,"did":null,"state":null,"shd_src_id":"70"},"geometry":{"type":"Point","coordinates":[4841792.1529,4461769.4254]}},{"type":"Feature","properties":{"lid":"L70","name":null,"area_ha_calc":null,"area_ha_src":760470.75,"did":null,"state":null,"shd_src_id":"71"},"geometry":{"type":"Point","coordinates":[4840426.0243,4461696.4142]}},{"type":"Feature","properties":{"lid":"L71","name":null,"area_ha_calc":null,"area_ha_src":534018.105,"did":null,"state":null,"shd_src_id":"72"},"geometry":{"type":"Point","coordinates":[5120046.2141,4464267.1924]}},{"type":"Feature","properties":{"lid":"L72","name":null,"area_ha_calc":null,"area_ha_src":1512176.194,"did":null,"state":null,"shd_src_id":"73"},"geometry":{"type":"Point","coordinates":[4852075.0624,4460365.4801]}},{"type":"Feature","properties":{"lid":"L73","name":"Sezhang Cuo","area_ha_calc":null,"area_ha_src":625957.931,"did":null,"state":null,"shd_src_id":"74"},"geometry":{"type":"Point","coordinates":[5122324.4634,4463471.0902]}},{"type":"Feature","properties":{"lid":"L74","name":null,"area_ha_calc":null,"area_ha_src":646014.078,"did":null,"state":null,"shd_src_id":"75"},"geometry":{"type":"Point","coordinates":[5117329.6592,4462682.7707]}},{"type":"Feature","properties":{"lid":"L75","name":"Green lake","area_ha_calc":null,"area_ha_src":557176.902,"did":null,"state":null,"shd_src_id":"76"},"geometry":{"type":"Point","coordinates":[4832682.3807,4457591.7116]}},{"type":"Feature","properties":{"lid":"L76","name":null,"area_ha_calc":null,"area_ha_src":604723.556,"did":null,"state":null,"shd_src_id":"77"},"geometry":{"type":"Point","coordinates":[5166556.0535,4432360.5981]}},{"type":"Feature","properties":{"lid":"L77","name":null,"area_ha_calc":null,"area_ha_src":518645.602,"did":null,"state":null,"shd_src_id":"78"},"geometry":{"type":"Point","coordinates":[4805381.8616,4452907.5263]}},{"type":"Feature","properties":{"lid":"L78","name":null,"area_ha_calc":null,"area_ha_src":609229.411,"did":null,"state":null,"shd_src_id":"79"},"geometry":{"type":"Point","coordinates":[4789043.798,4448937.8858]}},{"type":"Feature","properties":{"lid":"L79","name":null,"area_ha_calc":null,"area_ha_src":543427.533,"did":null,"state":null,"shd_src_id":"80"},"geometry":{"type":"Point","coordinates":[4798199.9848,4439069.417]}},{"type":"Feature","properties":{"lid":"L80","name":null,"area_ha_calc":null,"area_ha_src":474775.058,"did":null,"state":null,"shd_src_id":"81"},"geometry":{"type":"Point","coordinates":[3552399.7597,5143097.2702]}},{"type":"Feature","properties":{"lid":"L81","name":null,"area_ha_calc":null,"area_ha_src":492219.902,"did":null,"state":null,"shd_src_id":"82"},"geometry":{"type":"Point","coordinates":[3586065.8479,5109447.0708]}},{"type":"Feature","properties":{"lid":"L82","name":null,"area_ha_calc":null,"area_ha_src":435216.292,"did":null,"state":null,"shd_src_id":"83"},"geometry":{"type":"Point","coordinates":[3862909.8916,5113646.3156]}},{"type":"Feature","properties":{"lid":"L83","name":null,"area_ha_calc":null,"area_ha_src":442578.87,"did":null,"state":null,"shd_src_id":"84"},"geometry":{"type":"Point","coordinates":[3814020.3899,5093782.288]}},{"type":"Feature","properties":{"lid":"L84","name":null,"area_ha_calc":null,"area_ha_src":442347.655,"did":null,"state":null,"shd_src_id":"85"},"geometry":{"type":"Point","coordinates":[3720598.1376,5002506.3674]}},{"type":"Feature","properties":{"lid":"L85","name":null,"area_ha_calc":null,"area_ha_src":458840.225,"did":null,"state":null,"shd_src_id":"86"},"geometry":{"type":"Point","coordinates":[3771825.5332,4928755.2336]}},{"type":"Feature","properties":{"lid":"L86","name":null,"area_ha_calc":null,"area_ha_src":449060.679,"did":null,"state":null,"shd_src_id":"87"},"geometry":{"type":"Point","coordinates":[3777753.3496,4926965.3169]}},{"type":"Feature","properties":{"lid":"L87","name":null,"area_ha_calc":null,"area_ha_src":444259.89,"did":null,"state":null,"shd_src_id":"88"},"geometry":{"type":"Point","coordinates":[3948440.3284,4586077.7231]}},{"type":"Feature","properties":{"lid":"L88","name":null,"area_ha_calc":null,"area_ha_src":432893.423,"did":null,"state":null,"shd_src_id":"89"},"geometry":{"type":"Point","coordinates":[5492413.0312,4645983.1046]}},{"type":"Feature","properties":{"lid":"L89","name":null,"area_ha_calc":null,"area_ha_src":428520.775,"did":null,"state":null,"shd_src_id":"90"},"geometry":{"type":"Point","coordinates":[5460103.8795,4629665.775]}},{"type":"Feature","properties":{"lid":"L90","name":null,"area_ha_calc":null,"area_ha_src":455534.542,"did":null,"state":null,"shd_src_id":"91"},"geometry":{"type":"Point","coordinates":[5564643.5308,4626745.0332]}},{"type":"Feature","properties":{"lid":"L91","name":null,"area_ha_calc":null,"area_ha_src":447397.051,"did":null,"state":null,"shd_src_id":"92"},"geometry":{"type":"Point","coordinates":[5568782.4658,4626350.5525]}},{"type":"Feature","properties":{"lid":"L92","name":null,"area_ha_calc":null,"area_ha_src":423002.583,"did":null,"state":null,"shd_src_id":"93"},"geometry":{"type":"Point","coordinates":[5570401.5485,4621812.5886]}},{"type":"Feature","properties":{"lid":"L93","name":null,"area_ha_calc":null,"area_ha_src":439782.201,"did":null,"state":null,"shd_src_id":"94"},"geometry":{"type":"Point","coordinates":[5675213.7456,4537147.6937]}},{"type":"Feature","properties":{"lid":"L94","name":null,"area_ha_calc":null,"area_ha_src":480662.304,"did":null,"state":null,"shd_src_id":"95"},"geometry":{"type":"Point","coordinates":[5630354.0928,4498776.0816]}},{"type":"Feature","properties":{"lid":"L95","name":null,"area_ha_calc":null,"area_ha_src":446378.346,"did":null,"state":null,"shd_src_id":"96"},"geometry":{"type":"Point","coordinates":[4820797.9871,4460425.9809]}},{"type":"Feature","properties":{"lid":"L96","name":null,"area_ha_calc":null,"area_ha_src":239954.209,"did":null,"state":null,"shd_src_id":"97"},"geometry":{"type":"Point","coordinates":[3372456.3221,5320811.2733]}},{"type":"Feature","properties":{"lid":"L97","name":null,"area_ha_calc":null,"area_ha_src":115742.072,"did":null,"state":null,"shd_src_id":"98"},"geometry":{"type":"Point","coordinates":[3391053.2032,5321645.1153]}},{"type":"Feature","properties":{"lid":"L98","name":null,"area_ha_calc":null,"area_ha_src":305368.895,"did":null,"state":null,"shd_src_id":"99"},"geometry":{"type":"Point","coordinates":[3449247.4098,5323034.4802]}},{"type":"Feature","properties":{"lid":"L99","name":null,"area_ha_calc":null,"area_ha_src":127413.691,"did":null,"state":null,"shd_src_id":"100"},"geometry":{"type":"Point","coordinates":[3391468.7088,5320464.4317]}},{"type":"Feature","properties":{"lid":"L100","name":null,"area_ha_calc":null,"area_ha_src":121073.411,"did":null,"state":null,"shd_src_id":"101"},"geometry":{"type":"Point","coordinates":[3397638.7922,5320086.5091]}},{"type":"Feature","properties":{"lid":"L101","name":null,"area_ha_calc":null,"area_ha_src":264519.432,"did":null,"state":null,"shd_src_id":"102"},"geometry":{"type":"Point","coordinates":[3380692.6613,5318778.6879]}},{"type":"Feature","properties":{"lid":"L102","name":null,"area_ha_calc":null,"area_ha_src":103135.743,"did":null,"state":null,"shd_src_id":"103"},"geometry":{"type":"Point","coordinates":[3372916.8106,5318489.192]}},{"type":"Feature","properties":{"lid":"L103","name":null,"area_ha_calc":null,"area_ha_src":136600.982,"did":null,"state":null,"shd_src_id":"104"},"geometry":{"type":"Point","coordinates":[3400244.1202,5319185.2108]}},{"type":"Feature","properties":{"lid":"L104","name":null,"area_ha_calc":null,"area_ha_src":162617.124,"did":null,"state":null,"shd_src_id":"105"},"geometry":{"type":"Point","coordinates":[3458996.0962,5321527.1947]}},{"type":"Feature","properties":{"lid":"L105","name":null,"area_ha_calc":null,"area_ha_src":165455.91,"did":null,"state":null,"shd_src_id":"106"},"geometry":{"type":"Point","coordinates":[3360890.125,5315722.4275]}},{"type":"Feature","properties":{"lid":"L106","name":null,"area_ha_calc":null,"area_ha_src":200365.071,"did":null,"state":null,"shd_src_id":"107"},"geometry":{"type":"Point","coordinates":[3455975.2801,5319096.8725]}},{"type":"Feature","properties":{"lid":"L107","name":null,"area_ha_calc":null,"area_ha_src":195892.157,"did":null,"state":null,"shd_src_id":"108"},"geometry":{"type":"Point","coordinates":[3417975.7448,5316939.8966]}},{"type":"Feature","properties":{"lid":"L108","name":null,"area_ha_calc":null,"area_ha_src":132095.009,"did":null,"state":null,"shd_src_id":"109"},"geometry":{"type":"Point","coordinates":[3452136.0781,5316786.7331]}},{"type":"Feature","properties":{"lid":"L109","name":null,"area_ha_calc":null,"area_ha_src":128497.126,"did":null,"state":null,"shd_src_id":"110"},"geometry":{"type":"Point","coordinates":[3456341.0757,5316552.0117]}},{"type":"Feature","properties":{"lid":"L110","name":null,"area_ha_calc":null,"area_ha_src":160816.637,"did":null,"state":null,"shd_src_id":"111"},"geometry":{"type":"Point","coordinates":[3449932.5733,5315593.4035]}},{"type":"Feature","properties":{"lid":"L111","name":null,"area_ha_calc":null,"area_ha_src":317630.874,"did":null,"state":null,"shd_src_id":"112"},"geometry":{"type":"Point","coordinates":[3418639.7686,5314125.0381]}},{"type":"Feature","properties":{"lid":"L112","name":null,"area_ha_calc":null,"area_ha_src":157726.129,"did":null,"state":null,"shd_src_id":"113"},"geometry":{"type":"Point","coordinates":[3422055.2617,5313625.115]}},{"type":"Feature","properties":{"lid":"L113","name":null,"area_ha_calc":null,"area_ha_src":433081.606,"did":null,"state":null,"shd_src_id":"114"},"geometry":{"type":"Point","coordinates":[3435503.9044,5313640.446]}},{"type":"Feature","properties":{"lid":"L114","name":null,"area_ha_calc":null,"area_ha_src":138860.66,"did":null,"state":null,"shd_src_id":"115"},"geometry":{"type":"Point","coordinates":[3386772.7805,5310010.3557]}},{"type":"Feature","properties":{"lid":"L115","name":null,"area_ha_calc":null,"area_ha_src":259980.968,"did":null,"state":null,"shd_src_id":"116"},"geometry":{"type":"Point","coordinates":[3385260.6489,5309566.2012]}},{"type":"Feature","properties":{"lid":"L116","name":null,"area_ha_calc":null,"area_ha_src":223552.662,"did":null,"state":null,"shd_src_id":"117"},"geometry":{"type":"Point","coordinates":[3450364.3656,5311400.9538]}},{"type":"Feature","properties":{"lid":"L117","name":null,"area_ha_calc":null,"area_ha_src":282414.032,"did":null,"state":null,"shd_src_id":"118"},"geometry":{"type":"Point","coordinates":[3436389.5452,5310632.3207]}},{"type":"Feature","properties":{"lid":"L118","name":null,"area_ha_calc":null,"area_ha_src":101329.541,"did":null,"state":null,"shd_src_id":"119"},"geometry":{"type":"Point","coordinates":[3452870.4411,5311078.942]}},{"type":"Feature","properties":{"lid":"L119","name":null,"area_ha_calc":null,"area_ha_src":141694.199,"did":null,"state":null,"shd_src_id":"120"},"geometry":{"type":"Point","coordinates":[3392967.7654,5308325.9412]}},{"type":"Feature","properties":{"lid":"L120","name":null,"area_ha_calc":null,"area_ha_src":204347.106,"did":null,"state":null,"shd_src_id":"121"},"geometry":{"type":"Point","coordinates":[3445607.056,5309816.6473]}},{"type":"Feature","properties":{"lid":"L121","name":null,"area_ha_calc":null,"area_ha_src":129346.516,"did":null,"state":null,"shd_src_id":"122"},"geometry":{"type":"Point","coordinates":[3407283.9912,5399755.2053]}},{"type":"Feature","properties":{"lid":"L122","name":null,"area_ha_calc":null,"area_ha_src":167402.62,"did":null,"state":null,"shd_src_id":"123"},"geometry":{"type":"Point","coordinates":[3537204.817,5370696.4817]}},{"type":"Feature","properties":{"lid":"L123","name":null,"area_ha_calc":null,"area_ha_src":198359.879,"did":null,"state":null,"shd_src_id":"124"},"geometry":{"type":"Point","coordinates":[3372862.5292,5359057.7423]}},{"type":"Feature","properties":{"lid":"L124","name":null,"area_ha_calc":null,"area_ha_src":298610.531,"did":null,"state":null,"shd_src_id":"125"},"geometry":{"type":"Point","coordinates":[3454624.3942,5355434.8114]}},{"type":"Feature","properties":{"lid":"L125","name":null,"area_ha_calc":null,"area_ha_src":194685.529,"did":null,"state":null,"shd_src_id":"126"},"geometry":{"type":"Point","coordinates":[3466190.1578,5352069.105]}},{"type":"Feature","properties":{"lid":"L126","name":null,"area_ha_calc":null,"area_ha_src":147678.4,"did":null,"state":null,"shd_src_id":"127"},"geometry":{"type":"Point","coordinates":[3423546.2848,5344456.5054]}},{"type":"Feature","properties":{"lid":"L127","name":null,"area_ha_calc":null,"area_ha_src":249875.447,"did":null,"state":null,"shd_src_id":"128"},"geometry":{"type":"Point","coordinates":[3402407.7623,5342912.9313]}},{"type":"Feature","properties":{"lid":"L128","name":null,"area_ha_calc":null,"area_ha_src":210711.756,"did":null,"state":null,"shd_src_id":"129"},"geometry":{"type":"Point","coordinates":[3425620.2386,5343426.2646]}},{"type":"Feature","properties":{"lid":"L129","name":null,"area_ha_calc":null,"area_ha_src":246575.984,"did":null,"state":null,"shd_src_id":"130"},"geometry":{"type":"Point","coordinates":[3413332.8651,5342150.3777]}},{"type":"Feature","properties":{"lid":"L130","name":null,"area_ha_calc":null,"area_ha_src":247796.91,"did":null,"state":null,"shd_src_id":"131"},"geometry":{"type":"Point","coordinates":[3405995.2707,5341112.9235]}},{"type":"Feature","properties":{"lid":"L131","name":null,"area_ha_calc":null,"area_ha_src":117245.763,"did":null,"state":null,"shd_src_id":"132"},"geometry":{"type":"Point","coordinates":[3408284.7355,5340466.5057]}},{"type":"Feature","properties":{"lid":"L132","name":null,"area_ha_calc":null,"area_ha_src":213819.045,"did":null,"state":null,"shd_src_id":"133"},"geometry":{"type":"Point","coordinates":[3409642.9473,5340005.5217]}},{"type":"Feature","properties":{"lid":"L133","name":null,"area_ha_calc":null,"area_ha_src":143040.72,"did":null,"state":null,"shd_src_id":"134"},"geometry":{"type":"Point","coordinates":[3409166.5439,5337469.3734]}},{"type":"Feature","properties":{"lid":"L134","name":null,"area_ha_calc":null,"area_ha_src":289018.159,"did":null,"state":null,"shd_src_id":"135"},"geometry":{"type":"Point","coordinates":[3425895.6456,5336102.0533]}},{"type":"Feature","properties":{"lid":"L135","name":null,"area_ha_calc":null,"area_ha_src":209947.147,"did":null,"state":null,"shd_src_id":"136"},"geometry":{"type":"Point","coordinates":[3420788.8374,5331707.7487]}},{"type":"Feature","properties":{"lid":"L136","name":null,"area_ha_calc":null,"area_ha_src":125215.021,"did":null,"state":null,"shd_src_id":"137"},"geometry":{"type":"Point","coordinates":[3431705.3333,5330297.1654]}},{"type":"Feature","properties":{"lid":"L137","name":null,"area_ha_calc":null,"area_ha_src":141263.323,"did":null,"state":null,"shd_src_id":"138"},"geometry":{"type":"Point","coordinates":[3395304.4028,5328609.5715]}},{"type":"Feature","properties":{"lid":"L138","name":null,"area_ha_calc":null,"area_ha_src":243787.335,"did":null,"state":null,"shd_src_id":"139"},"geometry":{"type":"Point","coordinates":[3417702.2001,5328677.7696]}},{"type":"Feature","properties":{"lid":"L139","name":null,"area_ha_calc":null,"area_ha_src":109727.0,"did":null,"state":null,"shd_src_id":"140"},"geometry":{"type":"Point","coordinates":[3395333.7876,5327121.5417]}},{"type":"Feature","properties":{"lid":"L140","name":null,"area_ha_calc":null,"area_ha_src":183842.898,"did":null,"state":null,"shd_src_id":"141"},"geometry":{"type":"Point","coordinates":[3392625.4355,5323888.856]}},{"type":"Feature","properties":{"lid":"L141","name":null,"area_ha_calc":null,"area_ha_src":212223.862,"did":null,"state":null,"shd_src_id":"142"},"geometry":{"type":"Point","coordinates":[3402747.1447,5324022.8755]}},{"type":"Feature","properties":{"lid":"L142","name":null,"area_ha_calc":null,"area_ha_src":382210.372,"did":null,"state":null,"shd_src_id":"143"},"geometry":{"type":"Point","coordinates":[3393091.6812,5322720.7397]}},{"type":"Feature","properties":{"lid":"L143","name":null,"area_ha_calc":null,"area_ha_src":100418.507,"did":null,"state":null,"shd_src_id":"144"},"geometry":{"type":"Point","coordinates":[3409567.2738,5305098.1515]}},{"type":"Feature","properties":{"lid":"L144","name":null,"area_ha_calc":null,"area_ha_src":120781.801,"did":null,"state":null,"shd_src_id":"145"},"geometry":{"type":"Point","coordinates":[3411815.9429,5303733.2973]}},{"type":"Feature","properties":{"lid":"L145","name":null,"area_ha_calc":null,"area_ha_src":232453.633,"did":null,"state":null,"shd_src_id":"146"},"geometry":{"type":"Point","coordinates":[3417682.3271,5303289.9955]}},{"type":"Feature","properties":{"lid":"L146","name":null,"area_ha_calc":null,"area_ha_src":179384.853,"did":null,"state":null,"shd_src_id":"147"},"geometry":{"type":"Point","coordinates":[3464121.9043,5305212.0495]}},{"type":"Feature","properties":{"lid":"L147","name":null,"area_ha_calc":null,"area_ha_src":129556.313,"did":null,"state":null,"shd_src_id":"148"},"geometry":{"type":"Point","coordinates":[3483232.8188,5304788.4968]}},{"type":"Feature","properties":{"lid":"L148","name":null,"area_ha_calc":null,"area_ha_src":264091.525,"did":null,"state":null,"shd_src_id":"149"},"geometry":{"type":"Point","coordinates":[3388795.6604,5299762.1107]}},{"type":"Feature","properties":{"lid":"L149","name":null,"area_ha_calc":null,"area_ha_src":264342.35,"did":null,"state":null,"shd_src_id":"150"},"geometry":{"type":"Point","coordinates":[3385166.1227,5298970.7128]}},{"type":"Feature","properties":{"lid":"L150","name":null,"area_ha_calc":null,"area_ha_src":139894.712,"did":null,"state":null,"shd_src_id":"151"},"geometry":{"type":"Point","coordinates":[3474987.3423,5300479.4345]}},{"type":"Feature","properties":{"lid":"L151","name":null,"area_ha_calc":null,"area_ha_src":117197.043,"did":null,"state":null,"shd_src_id":"152"},"geometry":{"type":"Point","coordinates":[3474081.5968,5299827.3719]}},{"type":"Feature","properties":{"lid":"L152","name":null,"area_ha_calc":null,"area_ha_src":247079.802,"did":null,"state":null,"shd_src_id":"153"},"geometry":{"type":"Point","coordinates":[3396491.6593,5292376.4317]}},{"type":"Feature","properties":{"lid":"L153","name":null,"area_ha_calc":null,"area_ha_src":233750.758,"did":null,"state":null,"shd_src_id":"154"},"geometry":{"type":"Point","coordinates":[3389248.9682,5290252.2155]}},{"type":"Feature","properties":{"lid":"L154","name":null,"area_ha_calc":null,"area_ha_src":104665.626,"did":null,"state":null,"shd_src_id":"155"},"geometry":{"type":"Point","coordinates":[3479306.2326,5293930.3165]}},{"type":"Feature","properties":{"lid":"L155","name":null,"area_ha_calc":null,"area_ha_src":239924.789,"did":null,"state":null,"shd_src_id":"156"},"geometry":{"type":"Point","coordinates":[3397588.3232,5289767.5141]}},{"type":"Feature","properties":{"lid":"L156","name":null,"area_ha_calc":null,"area_ha_src":207589.517,"did":null,"state":null,"shd_src_id":"157"},"geometry":{"type":"Point","coordinates":[3397174.1892,5288969.7633]}},{"type":"Feature","properties":{"lid":"L157","name":null,"area_ha_calc":null,"area_ha_src":166496.653,"did":null,"state":null,"shd_src_id":"158"},"geometry":{"type":"Point","coordinates":[3478077.4076,5292299.7731]}},{"type":"Feature","properties":{"lid":"L158","name":null,"area_ha_calc":null,"area_ha_src":145233.93,"did":null,"state":null,"shd_src_id":"159"},"geometry":{"type":"Point","coordinates":[3476865.3385,5290061.7657]}},{"type":"Feature","properties":{"lid":"L159","name":null,"area_ha_calc":null,"area_ha_src":201556.493,"did":null,"state":null,"shd_src_id":"160"},"geometry":{"type":"Point","coordinates":[3586183.1378,5259439.0445]}},{"type":"Feature","properties":{"lid":"L160","name":null,"area_ha_calc":null,"area_ha_src":151949.771,"did":null,"state":null,"shd_src_id":"161"},"geometry":{"type":"Point","coordinates":[3525743.1346,5248574.0357]}},{"type":"Feature","properties":{"lid":"L161","name":null,"area_ha_calc":null,"area_ha_src":175820.629,"did":null,"state":null,"shd_src_id":"162"},"geometry":{"type":"Point","coordinates":[3832588.2112,5259022.0916]}},{"type":"Feature","properties":{"lid":"L162","name":null,"area_ha_calc":null,"area_ha_src":155531.805,"did":null,"state":null,"shd_src_id":"163"},"geometry":{"type":"Point","coordinates":[3435643.8833,5242987.1221]}},{"type":"Feature","properties":{"lid":"L163","name":null,"area_ha_calc":null,"area_ha_src":265758.475,"did":null,"state":null,"shd_src_id":"164"},"geometry":{"type":"Point","coordinates":[3834953.6106,5257886.0093]}},{"type":"Feature","properties":{"lid":"L164","name":null,"area_ha_calc":null,"area_ha_src":178997.795,"did":null,"state":null,"shd_src_id":"165"},"geometry":{"type":"Point","coordinates":[3562552.0123,5239870.4998]}},{"type":"Feature","properties":{"lid":"L165","name":null,"area_ha_calc":null,"area_ha_src":115387.019,"did":null,"state":null,"shd_src_id":"166"},"geometry":{"type":"Point","coordinates":[3583039.9066,5230188.608]}},{"type":"Feature","properties":{"lid":"L166","name":null,"area_ha_calc":null,"area_ha_src":108101.217,"did":null,"state":null,"shd_src_id":"167"},"geometry":{"type":"Point","coordinates":[3591982.8042,5228697.7985]}},{"type":"Feature","properties":{"lid":"L167","name":null,"area_ha_calc":null,"area_ha_src":101653.548,"did":null,"state":null,"shd_src_id":"168"},"geometry":{"type":"Point","coordinates":[3469160.1323,5222250.2661]}},{"type":"Feature","properties":{"lid":"L168","name":null,"area_ha_calc":null,"area_ha_src":157417.603,"did":null,"state":null,"shd_src_id":"169"},"geometry":{"type":"Point","coordinates":[3573670.6406,5224980.617]}},{"type":"Feature","properties":{"lid":"L169","name":null,"area_ha_calc":null,"area_ha_src":137924.569,"did":null,"state":null,"shd_src_id":"170"},"geometry":{"type":"Point","coordinates":[3565156.2842,5223744.5811]}},{"type":"Feature","properties":{"lid":"L170","name":null,"area_ha_calc":null,"area_ha_src":306301.76,"did":null,"state":null,"shd_src_id":"171"},"geometry":{"type":"Point","coordinates":[3654388.4551,5226740.8563]}},{"type":"Feature","properties":{"lid":"L171","name":null,"area_ha_calc":null,"area_ha_src":317575.992,"did":null,"state":null,"shd_src_id":"172"},"geometry":{"type":"Point","coordinates":[3528316.5513,5217748.4304]}},{"type":"Feature","properties":{"lid":"L172","name":null,"area_ha_calc":null,"area_ha_src":151018.746,"did":null,"state":null,"shd_src_id":"173"},"geometry":{"type":"Point","coordinates":[3597092.8629,5220053.2806]}},{"type":"Feature","properties":{"lid":"L173","name":null,"area_ha_calc":null,"area_ha_src":232335.986,"did":null,"state":null,"shd_src_id":"174"},"geometry":{"type":"Point","coordinates":[3656733.4016,5218526.0528]}},{"type":"Feature","properties":{"lid":"L174","name":null,"area_ha_calc":null,"area_ha_src":322891.177,"did":null,"state":null,"shd_src_id":"175"},"geometry":{"type":"Point","coordinates":[3461745.9786,5210229.8547]}},{"type":"Feature","properties":{"lid":"L175","name":null,"area_ha_calc":null,"area_ha_src":239290.351,"did":null,"state":null,"shd_src_id":"176"},"geometry":{"type":"Point","coordinates":[3658442.1177,5217899.8391]}},{"type":"Feature","properties":{"lid":"L176","name":null,"area_ha_calc":null,"area_ha_src":193233.655,"did":null,"state":null,"shd_src_id":"177"},"geometry":{"type":"Point","coordinates":[3465098.2123,5208503.1814]}},{"type":"Feature","properties":{"lid":"L177","name":null,"area_ha_calc":null,"area_ha_src":105165.111,"did":null,"state":null,"shd_src_id":"178"},"geometry":{"type":"Point","coordinates":[3662042.0124,5215852.167]}},{"type":"Feature","properties":{"lid":"L178","name":null,"area_ha_calc":null,"area_ha_src":202333.293,"did":null,"state":null,"shd_src_id":"179"},"geometry":{"type":"Point","coordinates":[3466597.0217,5206027.2456]}},{"type":"Feature","properties":{"lid":"L179","name":null,"area_ha_calc":null,"area_ha_src":105626.728,"did":null,"state":null,"shd_src_id":"180"},"geometry":{"type":"Point","coordinates":[3610235.1392,5212026.8436]}},{"type":"Feature","properties":{"lid":"L180","name":null,"area_ha_calc":null,"area_ha_src":112264.631,"did":null,"state":null,"shd_src_id":"181"},"geometry":{"type":"Point","coordinates":[3613881.3127,5209475.9191]}},{"type":"Feature","properties":{"lid":"L181","name":null,"area_ha_calc":null,"area_ha_src":164996.112,"did":null,"state":null,"shd_src_id":"182"},"geometry":{"type":"Point","coordinates":[3594338.1774,5208076.3603]}},{"type":"Feature","properties":{"lid":"L182","name":null,"area_ha_calc":null,"area_ha_src":152597.748,"did":null,"state":null,"shd_src_id":"183"},"geometry":{"type":"Point","coordinates":[3664377.9824,5208678.9266]}},{"type":"Feature","properties":{"lid":"L183","name":null,"area_ha_calc":null,"area_ha_src":124019.821,"did":null,"state":null,"shd_src_id":"184"},"geometry":{"type":"Point","coordinates":[3593537.0813,5205684.1602]}},{"type":"Feature","properties":{"lid":"L184","name":null,"area_ha_calc":null,"area_ha_src":199979.261,"did":null,"state":null,"shd_src_id":"185"},"geometry":{"type":"Point","coordinates":[3459070.071,5198744.1646]}},{"type":"Feature","properties":{"lid":"L185","name":null,"area_ha_calc":null,"area_ha_src":345328.806,"did":null,"state":null,"shd_src_id":"186"},"geometry":{"type":"Point","coordinates":[3654393.9744,5206424.9045]}},{"type":"Feature","properties":{"lid":"L186","name":null,"area_ha_calc":null,"area_ha_src":226688.296,"did":null,"state":null,"shd_src_id":"187"},"geometry":{"type":"Point","coordinates":[3597754.5024,5203549.8933]}},{"type":"Feature","properties":{"lid":"L187","name":null,"area_ha_calc":null,"area_ha_src":105964.554,"did":null,"state":null,"shd_src_id":"188"},"geometry":{"type":"Point","coordinates":[3495721.1094,5199351.1401]}},{"type":"Feature","properties":{"lid":"L188","name":null,"area_ha_calc":null,"area_ha_src":148886.99,"did":null,"state":null,"shd_src_id":"189"},"geometry":{"type":"Point","coordinates":[3559782.4215,5201841.7476]}},{"type":"Feature","properties":{"lid":"L189","name":null,"area_ha_calc":null,"area_ha_src":146461.177,"did":null,"state":null,"shd_src_id":"190"},"geometry":{"type":"Point","coordinates":[3560743.3591,5201727.2795]}},{"type":"Feature","properties":{"lid":"L190","name":null,"area_ha_calc":null,"area_ha_src":133958.045,"did":null,"state":null,"shd_src_id":"191"},"geometry":{"type":"Point","coordinates":[3566425.6246,5201799.831]}},{"type":"Feature","properties":{"lid":"L191","name":null,"area_ha_calc":null,"area_ha_src":238205.23,"did":null,"state":null,"shd_src_id":"192"},"geometry":{"type":"Point","coordinates":[3613231.3575,5203032.3951]}},{"type":"Feature","properties":{"lid":"L192","name":null,"area_ha_calc":null,"area_ha_src":196193.032,"did":null,"state":null,"shd_src_id":"193"},"geometry":{"type":"Point","coordinates":[3450577.5874,5196081.5222]}},{"type":"Feature","properties":{"lid":"L193","name":null,"area_ha_calc":null,"area_ha_src":205276.966,"did":null,"state":null,"shd_src_id":"194"},"geometry":{"type":"Point","coordinates":[3598308.0059,5200913.666]}},{"type":"Feature","properties":{"lid":"L194","name":null,"area_ha_calc":null,"area_ha_src":206526.824,"did":null,"state":null,"shd_src_id":"195"},"geometry":{"type":"Point","coordinates":[3499741.5178,5196252.672]}},{"type":"Feature","properties":{"lid":"L195","name":null,"area_ha_calc":null,"area_ha_src":104636.915,"did":null,"state":null,"shd_src_id":"196"},"geometry":{"type":"Point","coordinates":[3613454.302,5199844.739]}},{"type":"Feature","properties":{"lid":"L196","name":null,"area_ha_calc":null,"area_ha_src":428164.659,"did":null,"state":null,"shd_src_id":"197"},"geometry":{"type":"Point","coordinates":[3525791.1131,5194699.4327]}},{"type":"Feature","properties":{"lid":"L197","name":null,"area_ha_calc":null,"area_ha_src":108760.184,"did":null,"state":null,"shd_src_id":"198"},"geometry":{"type":"Point","coordinates":[3599811.6198,5197803.1372]}},{"type":"Feature","properties":{"lid":"L198","name":null,"area_ha_calc":null,"area_ha_src":175419.535,"did":null,"state":null,"shd_src_id":"199"},"geometry":{"type":"Point","coordinates":[3521517.0133,5194275.0378]}},{"type":"Feature","properties":{"lid":"L199","name":null,"area_ha_calc":null,"area_ha_src":165314.785,"did":null,"state":null,"shd_src_id":"200"},"geometry":{"type":"Point","coordinates":[3608554.3486,5197259.7667]}},{"type":"Feature","properties":{"lid":"L200","name":null,"area_ha_calc":null,"area_ha_src":107559.298,"did":null,"state":null,"shd_src_id":"201"},"geometry":{"type":"Point","coordinates":[3636336.8222,5198033.2744]}},{"type":"Feature","properties":{"lid":"L201","name":null,"area_ha_calc":null,"area_ha_src":132006.039,"did":null,"state":null,"shd_src_id":"202"},"geometry":{"type":"Point","coordinates":[3605500.7538,5196195.1771]}},{"type":"Feature","properties":{"lid":"L202","name":null,"area_ha_calc":null,"area_ha_src":109364.65,"did":null,"state":null,"shd_src_id":"203"},"geometry":{"type":"Point","coordinates":[3624913.6545,5196183.2826]}},{"type":"Feature","properties":{"lid":"L203","name":null,"area_ha_calc":null,"area_ha_src":180661.529,"did":null,"state":null,"shd_src_id":"204"},"geometry":{"type":"Point","coordinates":[3608715.3056,5194975.0663]}},{"type":"Feature","properties":{"lid":"L204","name":null,"area_ha_calc":null,"area_ha_src":193984.488,"did":null,"state":null,"shd_src_id":"205"},"geometry":{"type":"Point","coordinates":[3622842.7064,5195156.7106]}},{"type":"Feature","properties":{"lid":"L205","name":null,"area_ha_calc":null,"area_ha_src":158346.74,"did":null,"state":null,"shd_src_id":"206"},"geometry":{"type":"Point","coordinates":[3629430.7492,5192801.9523]}},{"type":"Feature","properties":{"lid":"L206","name":null,"area_ha_calc":null,"area_ha_src":185866.082,"did":null,"state":null,"shd_src_id":"207"},"geometry":{"type":"Point","coordinates":[3578093.0176,5190570.7767]}},{"type":"Feature","properties":{"lid":"L207","name":null,"area_ha_calc":null,"area_ha_src":154701.347,"did":null,"state":null,"shd_src_id":"208"},"geometry":{"type":"Point","coordinates":[3669617.0942,5191231.5038]}},{"type":"Feature","properties":{"lid":"L208","name":null,"area_ha_calc":null,"area_ha_src":144400.882,"did":null,"state":null,"shd_src_id":"209"},"geometry":{"type":"Point","coordinates":[3668224.936,5191247.3265]}},{"type":"Feature","properties":{"lid":"L209","name":null,"area_ha_calc":null,"area_ha_src":160863.482,"did":null,"state":null,"shd_src_id":"210"},"geometry":{"type":"Point","coordinates":[3592850.6666,5188275.2713]}},{"type":"Feature","properties":{"lid":"L210","name":null,"area_ha_calc":null,"area_ha_src":228606.392,"did":null,"state":null,"shd_src_id":"211"},"geometry":{"type":"Point","coordinates":[3676191.5756,5188114.8704]}},{"type":"Feature","properties":{"lid":"L211","name":null,"area_ha_calc":null,"area_ha_src":194711.835,"did":null,"state":null,"shd_src_id":"212"},"geometry":{"type":"Point","coordinates":[3681756.1755,5186412.5217]}},{"type":"Feature","properties":{"lid":"L212","name":null,"area_ha_calc":null,"area_ha_src":156114.35,"did":null,"state":null,"shd_src_id":"213"},"geometry":{"type":"Point","coordinates":[3680386.686,5186154.3764]}},{"type":"Feature","properties":{"lid":"L213","name":null,"area_ha_calc":null,"area_ha_src":165605.63,"did":null,"state":null,"shd_src_id":"214"},"geometry":{"type":"Point","coordinates":[3677157.5495,5180813.8892]}},{"type":"Feature","properties":{"lid":"L214","name":null,"area_ha_calc":null,"area_ha_src":206107.733,"did":null,"state":null,"shd_src_id":"215"},"geometry":{"type":"Point","coordinates":[3555499.4124,5175759.4853]}},{"type":"Feature","properties":{"lid":"L215","name":null,"area_ha_calc":null,"area_ha_src":217469.287,"did":null,"state":null,"shd_src_id":"216"},"geometry":{"type":"Point","coordinates":[3576321.6347,5171708.199]}},{"type":"Feature","properties":{"lid":"L216","name":null,"area_ha_calc":null,"area_ha_src":287755.479,"did":null,"state":null,"shd_src_id":"217"},"geometry":{"type":"Point","coordinates":[3703312.9632,5170151.3728]}},{"type":"Feature","properties":{"lid":"L217","name":null,"area_ha_calc":null,"area_ha_src":306733.5,"did":null,"state":null,"shd_src_id":"218"},"geometry":{"type":"Point","coordinates":[3525360.6282,5161711.6763]}},{"type":"Feature","properties":{"lid":"L218","name":null,"area_ha_calc":null,"area_ha_src":315871.9,"did":null,"state":null,"shd_src_id":"219"},"geometry":{"type":"Point","coordinates":[3526273.2311,5160514.8595]}},{"type":"Feature","properties":{"lid":"L219","name":null,"area_ha_calc":null,"area_ha_src":356470.703,"did":null,"state":null,"shd_src_id":"220"},"geometry":{"type":"Point","coordinates":[3534702.534,5155370.7991]}},{"type":"Feature","properties":{"lid":"L220","name":null,"area_ha_calc":null,"area_ha_src":113785.774,"did":null,"state":null,"shd_src_id":"221"},"geometry":{"type":"Point","coordinates":[3533306.0654,5154962.2382]}},{"type":"Feature","properties":{"lid":"L221","name":null,"area_ha_calc":null,"area_ha_src":103018.081,"did":null,"state":null,"shd_src_id":"222"},"geometry":{"type":"Point","coordinates":[3533856.4429,5152795.0199]}},{"type":"Feature","properties":{"lid":"L222","name":null,"area_ha_calc":null,"area_ha_src":352775.557,"did":null,"state":null,"shd_src_id":"223"},"geometry":{"type":"Point","coordinates":[3531854.1827,5150167.8141]}},{"type":"Feature","properties":{"lid":"L223","name":null,"area_ha_calc":null,"area_ha_src":142401.428,"did":null,"state":null,"shd_src_id":"224"},"geometry":{"type":"Point","coordinates":[3601398.5741,5152991.0267]}},{"type":"Feature","properties":{"lid":"L224","name":null,"area_ha_calc":null,"area_ha_src":359568.013,"did":null,"state":null,"shd_src_id":"225"},"geometry":{"type":"Point","coordinates":[3535545.4209,5147023.0051]}},{"type":"Feature","properties":{"lid":"L225","name":null,"area_ha_calc":null,"area_ha_src":395278.052,"did":null,"state":null,"shd_src_id":"226"},"geometry":{"type":"Point","coordinates":[3546917.2031,5147061.4576]}},{"type":"Feature","properties":{"lid":"L226","name":null,"area_ha_calc":null,"area_ha_src":304937.409,"did":null,"state":null,"shd_src_id":"227"},"geometry":{"type":"Point","coordinates":[3529888.1071,5144412.5989]}},{"type":"Feature","properties":{"lid":"L227","name":null,"area_ha_calc":null,"area_ha_src":281926.523,"did":null,"state":null,"shd_src_id":"228"},"geometry":{"type":"Point","coordinates":[3550992.9312,5144135.4323]}},{"type":"Feature","properties":{"lid":"L228","name":null,"area_ha_calc":null,"area_ha_src":165586.559,"did":null,"state":null,"shd_src_id":"229"},"geometry":{"type":"Point","coordinates":[3566172.8602,5125619.0534]}},{"type":"Feature","properties":{"lid":"L229","name":null,"area_ha_calc":null,"area_ha_src":148308.414,"did":null,"state":null,"shd_src_id":"230"},"geometry":{"type":"Point","coordinates":[3574957.4174,5119832.9409]}},{"type":"Feature","properties":{"lid":"L230","name":null,"area_ha_calc":null,"area_ha_src":303251.309,"did":null,"state":null,"shd_src_id":"231"},"geometry":{"type":"Point","coordinates":[3575126.2045,5114780.1339]}},{"type":"Feature","properties":{"lid":"L231","name":null,"area_ha_calc":null,"area_ha_src":155949.467,"did":null,"state":null,"shd_src_id":"232"},"geometry":{"type":"Point","coordinates":[4807875.5474,4454018.6154]}},{"type":"Feature","properties":{"lid":"L232","name":null,"area_ha_calc":null,"area_ha_src":147530.014,"did":null,"state":null,"shd_src_id":"233"},"geometry":{"type":"Point","coordinates":[3583938.2763,5106578.911]}},{"type":"Feature","properties":{"lid":"L233","name":null,"area_ha_calc":null,"area_ha_src":231468.46,"did":null,"state":null,"shd_src_id":"234"},"geometry":{"type":"Point","coordinates":[3863585.723,5115319.0846]}},{"type":"Feature","properties":{"lid":"L234","name":null,"area_ha_calc":null,"area_ha_src":328785.69,"did":null,"state":null,"shd_src_id":"235"},"geometry":{"type":"Point","coordinates":[3853053.0768,5114423.8134]}},{"type":"Feature","properties":{"lid":"L235","name":null,"area_ha_calc":null,"area_ha_src":175677.267,"did":null,"state":null,"shd_src_id":"236"},"geometry":{"type":"Point","coordinates":[3534255.5323,5102269.9809]}},{"type":"Feature","properties":{"lid":"L236","name":null,"area_ha_calc":null,"area_ha_src":395100.154,"did":null,"state":null,"shd_src_id":"237"},"geometry":{"type":"Point","coordinates":[3856325.8411,5111336.2906]}},{"type":"Feature","properties":{"lid":"L237","name":null,"area_ha_calc":null,"area_ha_src":150578.125,"did":null,"state":null,"shd_src_id":"238"},"geometry":{"type":"Point","coordinates":[3850498.3315,5110055.5495]}},{"type":"Feature","properties":{"lid":"L238","name":null,"area_ha_calc":null,"area_ha_src":187837.474,"did":null,"state":null,"shd_src_id":"239"},"geometry":{"type":"Point","coordinates":[3858186.0437,5109232.6774]}},{"type":"Feature","properties":{"lid":"L239","name":null,"area_ha_calc":null,"area_ha_src":258495.787,"did":null,"state":null,"shd_src_id":"240"},"geometry":{"type":"Point","coordinates":[3851023.0073,5107945.0447]}},{"type":"Feature","properties":{"lid":"L240","name":null,"area_ha_calc":null,"area_ha_src":182872.706,"did":null,"state":null,"shd_src_id":"241"},"geometry":{"type":"Point","coordinates":[3698176.9642,5101773.9762]}},{"type":"Feature","properties":{"lid":"L241","name":null,"area_ha_calc":null,"area_ha_src":156280.689,"did":null,"state":null,"shd_src_id":"242"},"geometry":{"type":"Point","coordinates":[3871850.4543,5106447.3428]}},{"type":"Feature","properties":{"lid":"L242","name":null,"area_ha_calc":null,"area_ha_src":103392.697,"did":null,"state":null,"shd_src_id":"243"},"geometry":{"type":"Point","coordinates":[3592652.0794,5096023.7969]}},{"type":"Feature","properties":{"lid":"L243","name":null,"area_ha_calc":null,"area_ha_src":220946.315,"did":null,"state":null,"shd_src_id":"244"},"geometry":{"type":"Point","coordinates":[3574649.0979,5094342.3622]}},{"type":"Feature","properties":{"lid":"L244","name":null,"area_ha_calc":null,"area_ha_src":247676.741,"did":null,"state":null,"shd_src_id":"245"},"geometry":{"type":"Point","coordinates":[3577603.6477,5094103.8255]}},{"type":"Feature","properties":{"lid":"L245","name":null,"area_ha_calc":null,"area_ha_src":209725.708,"did":null,"state":null,"shd_src_id":"246"},"geometry":{"type":"Point","coordinates":[3698452.0621,5096557.6807]}},{"type":"Feature","properties":{"lid":"L246","name":null,"area_ha_calc":null,"area_ha_src":202317.117,"did":null,"state":null,"shd_src_id":"247"},"geometry":{"type":"Point","coordinates":[3575537.8363,5091581.6245]}},{"type":"Feature","properties":{"lid":"L247","name":null,"area_ha_calc":null,"area_ha_src":167203.722,"did":null,"state":null,"shd_src_id":"248"},"geometry":{"type":"Point","coordinates":[3704352.3492,5096448.9808]}},{"type":"Feature","properties":{"lid":"L248","name":null,"area_ha_calc":null,"area_ha_src":418059.435,"did":null,"state":null,"shd_src_id":"249"},"geometry":{"type":"Point","coordinates":[3486731.576,5085111.9168]}},{"type":"Feature","properties":{"lid":"L249","name":null,"area_ha_calc":null,"area_ha_src":356351.517,"did":null,"state":null,"shd_src_id":"250"},"geometry":{"type":"Point","coordinates":[3653107.4332,5091066.0624]}},{"type":"Feature","properties":{"lid":"L250","name":null,"area_ha_calc":null,"area_ha_src":121195.718,"did":null,"state":null,"shd_src_id":"251"},"geometry":{"type":"Point","coordinates":[3487322.0985,5083752.8795]}},{"type":"Feature","properties":{"lid":"L251","name":null,"area_ha_calc":null,"area_ha_src":261451.495,"did":null,"state":null,"shd_src_id":"252"},"geometry":{"type":"Point","coordinates":[3488741.759,5082703.4939]}},{"type":"Feature","properties":{"lid":"L252","name":null,"area_ha_calc":null,"area_ha_src":223026.719,"did":null,"state":null,"shd_src_id":"253"},"geometry":{"type":"Point","coordinates":[3847182.1268,5093416.2975]}},{"type":"Feature","properties":{"lid":"L253","name":null,"area_ha_calc":null,"area_ha_src":261105.855,"did":null,"state":null,"shd_src_id":"254"},"geometry":{"type":"Point","coordinates":[3642527.9539,5082980.8868]}},{"type":"Feature","properties":{"lid":"L254","name":null,"area_ha_calc":null,"area_ha_src":113990.044,"did":null,"state":null,"shd_src_id":"255"},"geometry":{"type":"Point","coordinates":[3495071.2267,5072975.3876]}},{"type":"Feature","properties":{"lid":"L255","name":null,"area_ha_calc":null,"area_ha_src":287022.425,"did":null,"state":null,"shd_src_id":"256"},"geometry":{"type":"Point","coordinates":[3841462.7574,5084064.5164]}},{"type":"Feature","properties":{"lid":"L256","name":null,"area_ha_calc":null,"area_ha_src":212657.461,"did":null,"state":null,"shd_src_id":"257"},"geometry":{"type":"Point","coordinates":[3494621.7976,5053609.6584]}},{"type":"Feature","properties":{"lid":"L257","name":null,"area_ha_calc":null,"area_ha_src":151336.752,"did":null,"state":null,"shd_src_id":"258"},"geometry":{"type":"Point","coordinates":[3496005.7107,5052487.6001]}},{"type":"Feature","properties":{"lid":"L258","name":null,"area_ha_calc":null,"area_ha_src":295132.703,"did":null,"state":null,"shd_src_id":"259"},"geometry":{"type":"Point","coordinates":[3497159.6459,5051077.7363]}},{"type":"Feature","properties":{"lid":"L259","name":null,"area_ha_calc":null,"area_ha_src":178536.989,"did":null,"state":null,"shd_src_id":"260"},"geometry":{"type":"Point","coordinates":[3498036.4991,5051322.379]}},{"type":"Feature","properties":{"lid":"L260","name":null,"area_ha_calc":null,"area_ha_src":111674.386,"did":null,"state":null,"shd_src_id":"261"},"geometry":{"type":"Point","coordinates":[3498823.2999,5050223.6068]}},{"type":"Feature","properties":{"lid":"L261","name":null,"area_ha_calc":null,"area_ha_src":112798.73,"did":null,"state":null,"shd_src_id":"262"},"geometry":{"type":"Point","coordinates":[3501671.5715,5049233.883]}},{"type":"Feature","properties":{"lid":"L262","name":null,"area_ha_calc":null,"area_ha_src":210855.718,"did":null,"state":null,"shd_src_id":"263"},"geometry":{"type":"Point","coordinates":[3497910.1909,5048064.914]}},{"type":"Feature","properties":{"lid":"L263","name":null,"area_ha_calc":null,"area_ha_src":282560.652,"did":null,"state":null,"shd_src_id":"264"},"geometry":{"type":"Point","coordinates":[3503437.0991,5047823.9942]}},{"type":"Feature","properties":{"lid":"L264","name":null,"area_ha_calc":null,"area_ha_src":134506.666,"did":null,"state":null,"shd_src_id":"265"},"geometry":{"type":"Point","coordinates":[3524241.2882,5046274.9327]}},{"type":"Feature","properties":{"lid":"L265","name":null,"area_ha_calc":null,"area_ha_src":144161.434,"did":null,"state":null,"shd_src_id":"266"},"geometry":{"type":"Point","coordinates":[3502107.4127,5040516.9683]}},{"type":"Feature","properties":{"lid":"L266","name":null,"area_ha_calc":null,"area_ha_src":362831.357,"did":null,"state":null,"shd_src_id":"267"},"geometry":{"type":"Point","coordinates":[3837738.4557,5045722.1968]}},{"type":"Feature","properties":{"lid":"L267","name":null,"area_ha_calc":null,"area_ha_src":297809.169,"did":null,"state":null,"shd_src_id":"268"},"geometry":{"type":"Point","coordinates":[3861995.1401,5044342.7033]}},{"type":"Feature","properties":{"lid":"L268","name":null,"area_ha_calc":null,"area_ha_src":151487.414,"did":null,"state":null,"shd_src_id":"269"},"geometry":{"type":"Point","coordinates":[3863186.8786,5039898.2922]}},{"type":"Feature","properties":{"lid":"L269","name":null,"area_ha_calc":null,"area_ha_src":175132.692,"did":null,"state":null,"shd_src_id":"270"},"geometry":{"type":"Point","coordinates":[3861169.6725,5037515.4131]}},{"type":"Feature","properties":{"lid":"L270","name":null,"area_ha_calc":null,"area_ha_src":144131.498,"did":null,"state":null,"shd_src_id":"271"},"geometry":{"type":"Point","coordinates":[3861575.8971,5035178.3824]}},{"type":"Feature","properties":{"lid":"L271","name":null,"area_ha_calc":null,"area_ha_src":279904.006,"did":null,"state":null,"shd_src_id":"272"},"geometry":{"type":"Point","coordinates":[3749757.1777,5022515.7424]}},{"type":"Feature","properties":{"lid":"L272","name":null,"area_ha_calc":null,"area_ha_src":397200.494,"did":null,"state":null,"shd_src_id":"273"},"geometry":{"type":"Point","coordinates":[3836136.8975,5014095.4218]}},{"type":"Feature","properties":{"lid":"L273","name":null,"area_ha_calc":null,"area_ha_src":205648.965,"did":null,"state":null,"shd_src_id":"274"},"geometry":{"type":"Point","coordinates":[3903506.5236,5006493.4813]}},{"type":"Feature","properties":{"lid":"L274","name":null,"area_ha_calc":null,"area_ha_src":196041.257,"did":null,"state":null,"shd_src_id":"275"},"geometry":{"type":"Point","coordinates":[3916677.3542,4994725.073]}},{"type":"Feature","properties":{"lid":"L275","name":null,"area_ha_calc":null,"area_ha_src":341848.459,"did":null,"state":null,"shd_src_id":"276"},"geometry":{"type":"Point","coordinates":[3919046.1569,4989329.0793]}},{"type":"Feature","properties":{"lid":"L276","name":null,"area_ha_calc":null,"area_ha_src":251885.441,"did":null,"state":null,"shd_src_id":"277"},"geometry":{"type":"Point","coordinates":[3539016.5592,4965022.66]}},{"type":"Feature","properties":{"lid":"L277","name":null,"area_ha_calc":null,"area_ha_src":180924.969,"did":null,"state":null,"shd_src_id":"278"},"geometry":{"type":"Point","coordinates":[3932041.6333,4971355.7628]}},{"type":"Feature","properties":{"lid":"L278","name":null,"area_ha_calc":null,"area_ha_src":257461.296,"did":null,"state":null,"shd_src_id":"279"},"geometry":{"type":"Point","coordinates":[3854244.4371,4966344.1582]}},{"type":"Feature","properties":{"lid":"L279","name":null,"area_ha_calc":null,"area_ha_src":147483.228,"did":null,"state":null,"shd_src_id":"280"},"geometry":{"type":"Point","coordinates":[3812311.0427,4953905.4545]}},{"type":"Feature","properties":{"lid":"L280","name":null,"area_ha_calc":null,"area_ha_src":346038.332,"did":null,"state":null,"shd_src_id":"281"},"geometry":{"type":"Point","coordinates":[3881488.316,4953510.7083]}},{"type":"Feature","properties":{"lid":"L281","name":null,"area_ha_calc":null,"area_ha_src":274542.257,"did":null,"state":null,"shd_src_id":"282"},"geometry":{"type":"Point","coordinates":[3771118.444,4929002.7058]}},{"type":"Feature","properties":{"lid":"L282","name":null,"area_ha_calc":null,"area_ha_src":264829.73,"did":null,"state":null,"shd_src_id":"283"},"geometry":{"type":"Point","coordinates":[3657826.137,4913502.286]}},{"type":"Feature","properties":{"lid":"L283","name":null,"area_ha_calc":null,"area_ha_src":123042.107,"did":null,"state":null,"shd_src_id":"284"},"geometry":{"type":"Point","coordinates":[3899726.0745,4920955.135]}},{"type":"Feature","properties":{"lid":"L284","name":null,"area_ha_calc":null,"area_ha_src":313865.122,"did":null,"state":null,"shd_src_id":"285"},"geometry":{"type":"Point","coordinates":[3897291.1613,4917625.8686]}},{"type":"Feature","properties":{"lid":"L285","name":null,"area_ha_calc":null,"area_ha_src":108650.16,"did":null,"state":null,"shd_src_id":"286"},"geometry":{"type":"Point","coordinates":[3807483.7409,4904450.6558]}},{"type":"Feature","properties":{"lid":"L286","name":null,"area_ha_calc":null,"area_ha_src":147682.683,"did":null,"state":null,"shd_src_id":"287"},"geometry":{"type":"Point","coordinates":[3730298.6586,4883204.7515]}},{"type":"Feature","properties":{"lid":"L287","name":null,"area_ha_calc":null,"area_ha_src":222927.669,"did":null,"state":null,"shd_src_id":"288"},"geometry":{"type":"Point","coordinates":[3828032.2882,4836113.4652]}},{"type":"Feature","properties":{"lid":"L288","name":null,"area_ha_calc":null,"area_ha_src":426485.875,"did":null,"state":null,"shd_src_id":"289"},"geometry":{"type":"Point","coordinates":[3707504.0341,4824342.7151]}},{"type":"Feature","properties":{"lid":"L289","name":null,"area_ha_calc":null,"area_ha_src":159543.496,"did":null,"state":null,"shd_src_id":"290"},"geometry":{"type":"Point","coordinates":[3835660.2832,4792033.6573]}},{"type":"Feature","properties":{"lid":"L290","name":null,"area_ha_calc":null,"area_ha_src":204484.012,"did":null,"state":null,"shd_src_id":"291"},"geometry":{"type":"Point","coordinates":[3976722.4107,4751793.4991]}},{"type":"Feature","properties":{"lid":"L291","name":null,"area_ha_calc":null,"area_ha_src":182902.91,"did":null,"state":null,"shd_src_id":"292"},"geometry":{"type":"Point","coordinates":[4016776.3145,4714769.4365]}},{"type":"Feature","properties":{"lid":"L292","name":null,"area_ha_calc":null,"area_ha_src":122211.645,"did":null,"state":null,"shd_src_id":"293"},"geometry":{"type":"Point","coordinates":[4056211.5316,4705373.0943]}},{"type":"Feature","properties":{"lid":"L293","name":null,"area_ha_calc":null,"area_ha_src":121188.042,"did":null,"state":null,"shd_src_id":"294"},"geometry":{"type":"Point","coordinates":[4036780.1464,4701863.4792]}},{"type":"Feature","properties":{"lid":"L294","name":null,"area_ha_calc":null,"area_ha_src":183505.701,"did":null,"state":null,"shd_src_id":"295"},"geometry":{"type":"Point","coordinates":[4012395.097,4683596.3866]}},{"type":"Feature","properties":{"lid":"L295","name":null,"area_ha_calc":null,"area_ha_src":134354.235,"did":null,"state":null,"shd_src_id":"296"},"geometry":{"type":"Point","coordinates":[5591789.5666,4613401.3658]}},{"type":"Feature","properties":{"lid":"L296","name":null,"area_ha_calc":null,"area_ha_src":389092.908,"did":null,"state":null,"shd_src_id":"297"},"geometry":{"type":"Point","coordinates":[5544939.4441,4612920.2664]}},{"type":"Feature","properties":{"lid":"L297","name":null,"area_ha_calc":null,"area_ha_src":150356.054,"did":null,"state":null,"shd_src_id":"298"},"geometry":{"type":"Point","coordinates":[5466910.4478,4612687.4608]}},{"type":"Feature","properties":{"lid":"L298","name":null,"area_ha_calc":null,"area_ha_src":212747.038,"did":null,"state":null,"shd_src_id":"299"},"geometry":{"type":"Point","coordinates":[5592927.0992,4612787.2627]}},{"type":"Feature","properties":{"lid":"L299","name":null,"area_ha_calc":null,"area_ha_src":237788.913,"did":null,"state":null,"shd_src_id":"300"},"geometry":{"type":"Point","coordinates":[5378748.2207,4612014.4806]}},{"type":"Feature","properties":{"lid":"L300","name":null,"area_ha_calc":null,"area_ha_src":122925.99,"did":null,"state":null,"shd_src_id":"301"},"geometry":{"type":"Point","coordinates":[5545219.7555,4612120.3747]}},{"type":"Feature","properties":{"lid":"L301","name":null,"area_ha_calc":null,"area_ha_src":167188.112,"did":null,"state":null,"shd_src_id":"302"},"geometry":{"type":"Point","coordinates":[5548444.2431,4611384.6673]}},{"type":"Feature","properties":{"lid":"L302","name":null,"area_ha_calc":null,"area_ha_src":128351.433,"did":null,"state":null,"shd_src_id":"303"},"geometry":{"type":"Point","coordinates":[5376410.7095,4610263.4736]}},{"type":"Feature","properties":{"lid":"L303","name":null,"area_ha_calc":null,"area_ha_src":200759.901,"did":null,"state":null,"shd_src_id":"304"},"geometry":{"type":"Point","coordinates":[5470832.6232,4610219.4955]}},{"type":"Feature","properties":{"lid":"L304","name":null,"area_ha_calc":null,"area_ha_src":111572.43,"did":null,"state":null,"shd_src_id":"305"},"geometry":{"type":"Point","coordinates":[5469141.7592,4610192.4552]}},{"type":"Feature","properties":{"lid":"L305","name":null,"area_ha_calc":null,"area_ha_src":277923.911,"did":null,"state":null,"shd_src_id":"306"},"geometry":{"type":"Point","coordinates":[5547919.4003,4610022.5718]}},{"type":"Feature","properties":{"lid":"L306","name":null,"area_ha_calc":null,"area_ha_src":112546.79,"did":null,"state":null,"shd_src_id":"307"},"geometry":{"type":"Point","coordinates":[5571081.4892,4609739.8675]}},{"type":"Feature","properties":{"lid":"L307","name":null,"area_ha_calc":null,"area_ha_src":163895.088,"did":null,"state":null,"shd_src_id":"308"},"geometry":{"type":"Point","coordinates":[5377583.1925,4609187.5948]}},{"type":"Feature","properties":{"lid":"L308","name":null,"area_ha_calc":null,"area_ha_src":271988.064,"did":null,"state":null,"shd_src_id":"309"},"geometry":{"type":"Point","coordinates":[5583213.5241,4609014.0189]}},{"type":"Feature","properties":{"lid":"L309","name":null,"area_ha_calc":null,"area_ha_src":172530.468,"did":null,"state":null,"shd_src_id":"310"},"geometry":{"type":"Point","coordinates":[3955393.9987,4582128.9749]}},{"type":"Feature","properties":{"lid":"L310","name":null,"area_ha_calc":null,"area_ha_src":212959.885,"did":null,"state":null,"shd_src_id":"311"},"geometry":{"type":"Point","coordinates":[5570171.15,4607861.9675]}},{"type":"Feature","properties":{"lid":"L311","name":null,"area_ha_calc":null,"area_ha_src":374805.77,"did":null,"state":null,"shd_src_id":"312"},"geometry":{"type":"Point","coordinates":[3958041.5767,4581332.1951]}},{"type":"Feature","properties":{"lid":"L312","name":null,"area_ha_calc":null,"area_ha_src":294922.236,"did":null,"state":null,"shd_src_id":"313"},"geometry":{"type":"Point","coordinates":[5568128.946,4607608.3524]}},{"type":"Feature","properties":{"lid":"L313","name":null,"area_ha_calc":null,"area_ha_src":152976.203,"did":null,"state":null,"shd_src_id":"314"},"geometry":{"type":"Point","coordinates":[5468226.9926,4607185.4477]}},{"type":"Feature","properties":{"lid":"L314","name":null,"area_ha_calc":null,"area_ha_src":230797.876,"did":null,"state":null,"shd_src_id":"315"},"geometry":{"type":"Point","coordinates":[5578035.6904,4606978.2286]}},{"type":"Feature","properties":{"lid":"L315","name":null,"area_ha_calc":null,"area_ha_src":234767.584,"did":null,"state":null,"shd_src_id":"316"},"geometry":{"type":"Point","coordinates":[5580961.0191,4606851.2158]}},{"type":"Feature","properties":{"lid":"L316","name":null,"area_ha_calc":null,"area_ha_src":154913.927,"did":null,"state":null,"shd_src_id":"317"},"geometry":{"type":"Point","coordinates":[5522001.8375,4671065.5884]}},{"type":"Feature","properties":{"lid":"L317","name":null,"area_ha_calc":null,"area_ha_src":377195.825,"did":null,"state":null,"shd_src_id":"318"},"geometry":{"type":"Point","coordinates":[5519917.6567,4668567.969]}},{"type":"Feature","properties":{"lid":"L318","name":null,"area_ha_calc":null,"area_ha_src":270302.874,"did":null,"state":null,"shd_src_id":"319"},"geometry":{"type":"Point","coordinates":[5534934.6232,4668528.2484]}},{"type":"Feature","properties":{"lid":"L319","name":null,"area_ha_calc":null,"area_ha_src":127804.266,"did":null,"state":null,"shd_src_id":"320"},"geometry":{"type":"Point","coordinates":[5538502.5692,4667039.5273]}},{"type":"Feature","properties":{"lid":"L320","name":null,"area_ha_calc":null,"area_ha_src":245787.014,"did":null,"state":null,"shd_src_id":"321"},"geometry":{"type":"Point","coordinates":[5514801.5019,4666048.8674]}},{"type":"Feature","properties":{"lid":"L321","name":null,"area_ha_calc":null,"area_ha_src":273153.036,"did":null,"state":null,"shd_src_id":"322"},"geometry":{"type":"Point","coordinates":[5540326.1025,4665950.8328]}},{"type":"Feature","properties":{"lid":"L322","name":null,"area_ha_calc":null,"area_ha_src":195140.209,"did":null,"state":null,"shd_src_id":"323"},"geometry":{"type":"Point","coordinates":[5542313.0863,4665519.0006]}},{"type":"Feature","properties":{"lid":"L323","name":null,"area_ha_calc":null,"area_ha_src":263866.587,"did":null,"state":null,"shd_src_id":"324"},"geometry":{"type":"Point","coordinates":[5541063.4688,4665437.7851]}},{"type":"Feature","properties":{"lid":"L324","name":null,"area_ha_calc":null,"area_ha_src":214102.426,"did":null,"state":null,"shd_src_id":"325"},"geometry":{"type":"Point","coordinates":[5512601.7922,4664764.1189]}},{"type":"Feature","properties":{"lid":"L325","name":null,"area_ha_calc":null,"area_ha_src":251061.129,"did":null,"state":null,"shd_src_id":"326"},"geometry":{"type":"Point","coordinates":[5516778.4437,4661738.3546]}},{"type":"Feature","properties":{"lid":"L326","name":null,"area_ha_calc":null,"area_ha_src":405448.053,"did":null,"state":null,"shd_src_id":"327"},"geometry":{"type":"Point","coordinates":[5547991.885,4660872.2529]}},{"type":"Feature","properties":{"lid":"L327","name":null,"area_ha_calc":null,"area_ha_src":238801.991,"did":null,"state":null,"shd_src_id":"328"},"geometry":{"type":"Point","coordinates":[5520731.3699,4659542.3117]}},{"type":"Feature","properties":{"lid":"L328","name":null,"area_ha_calc":null,"area_ha_src":133268.529,"did":null,"state":null,"shd_src_id":"329"},"geometry":{"type":"Point","coordinates":[5502895.7597,4658823.5709]}},{"type":"Feature","properties":{"lid":"L329","name":null,"area_ha_calc":null,"area_ha_src":306778.916,"did":null,"state":null,"shd_src_id":"330"},"geometry":{"type":"Point","coordinates":[5535562.0967,4656201.891]}},{"type":"Feature","properties":{"lid":"L330","name":null,"area_ha_calc":null,"area_ha_src":421907.343,"did":null,"state":null,"shd_src_id":"331"},"geometry":{"type":"Point","coordinates":[5526624.9555,4655749.1898]}},{"type":"Feature","properties":{"lid":"L331","name":null,"area_ha_calc":null,"area_ha_src":298770.833,"did":null,"state":null,"shd_src_id":"332"},"geometry":{"type":"Point","coordinates":[5535151.6503,4654542.8575]}},{"type":"Feature","properties":{"lid":"L332","name":null,"area_ha_calc":null,"area_ha_src":147156.115,"did":null,"state":null,"shd_src_id":"333"},"geometry":{"type":"Point","coordinates":[5547085.2754,4654454.5114]}},{"type":"Feature","properties":{"lid":"L333","name":null,"area_ha_calc":null,"area_ha_src":355972.023,"did":null,"state":null,"shd_src_id":"334"},"geometry":{"type":"Point","coordinates":[5561883.2197,4653807.3]}},{"type":"Feature","properties":{"lid":"L334","name":null,"area_ha_calc":null,"area_ha_src":163111.0,"did":null,"state":null,"shd_src_id":"335"},"geometry":{"type":"Point","coordinates":[5495321.3918,4652458.9556]}},{"type":"Feature","properties":{"lid":"L335","name":null,"area_ha_calc":null,"area_ha_src":143803.781,"did":null,"state":null,"shd_src_id":"336"},"geometry":{"type":"Point","coordinates":[5489730.5933,4651887.3219]}},{"type":"Feature","properties":{"lid":"L336","name":null,"area_ha_calc":null,"area_ha_src":176389.356,"did":null,"state":null,"shd_src_id":"337"},"geometry":{"type":"Point","coordinates":[5504580.4539,4651921.0804]}},{"type":"Feature","properties":{"lid":"L337","name":null,"area_ha_calc":null,"area_ha_src":200798.168,"did":null,"state":null,"shd_src_id":"338"},"geometry":{"type":"Point","coordinates":[5545627.4503,4651833.0493]}},{"type":"Feature","properties":{"lid":"L338","name":null,"area_ha_calc":null,"area_ha_src":123053.756,"did":null,"state":null,"shd_src_id":"339"},"geometry":{"type":"Point","coordinates":[5509417.3409,4650706.5914]}},{"type":"Feature","properties":{"lid":"L339","name":null,"area_ha_calc":null,"area_ha_src":166186.907,"did":null,"state":null,"shd_src_id":"340"},"geometry":{"type":"Point","coordinates":[5528235.6106,4649900.5369]}},{"type":"Feature","properties":{"lid":"L340","name":null,"area_ha_calc":null,"area_ha_src":183483.145,"did":null,"state":null,"shd_src_id":"341"},"geometry":{"type":"Point","coordinates":[5485480.4145,4648048.4793]}},{"type":"Feature","properties":{"lid":"L341","name":null,"area_ha_calc":null,"area_ha_src":121536.688,"did":null,"state":null,"shd_src_id":"342"},"geometry":{"type":"Point","coordinates":[5512489.4541,4647841.2044]}},{"type":"Feature","properties":{"lid":"L342","name":null,"area_ha_calc":null,"area_ha_src":409242.563,"did":null,"state":null,"shd_src_id":"343"},"geometry":{"type":"Point","coordinates":[5489937.0765,4647727.1398]}},{"type":"Feature","properties":{"lid":"L343","name":null,"area_ha_calc":null,"area_ha_src":145654.273,"did":null,"state":null,"shd_src_id":"344"},"geometry":{"type":"Point","coordinates":[5531039.3414,4646991.4743]}},{"type":"Feature","properties":{"lid":"L344","name":null,"area_ha_calc":null,"area_ha_src":263292.178,"did":null,"state":null,"shd_src_id":"345"},"geometry":{"type":"Point","coordinates":[5532937.7626,4646699.7499]}},{"type":"Feature","properties":{"lid":"L345","name":null,"area_ha_calc":null,"area_ha_src":180861.317,"did":null,"state":null,"shd_src_id":"346"},"geometry":{"type":"Point","coordinates":[5498057.6805,4645439.8977]}},{"type":"Feature","properties":{"lid":"L346","name":null,"area_ha_calc":null,"area_ha_src":97820.039,"did":null,"state":null,"shd_src_id":"347"},"geometry":{"type":"Point","coordinates":[5412543.2452,4642816.588]}},{"type":"Feature","properties":{"lid":"L347","name":null,"area_ha_calc":null,"area_ha_src":145081.978,"did":null,"state":null,"shd_src_id":"348"},"geometry":{"type":"Point","coordinates":[5412275.7437,4642278.4276]}},{"type":"Feature","properties":{"lid":"L348","name":null,"area_ha_calc":null,"area_ha_src":269549.207,"did":null,"state":null,"shd_src_id":"349"},"geometry":{"type":"Point","coordinates":[5488780.9844,4636132.1014]}},{"type":"Feature","properties":{"lid":"L349","name":null,"area_ha_calc":null,"area_ha_src":286285.92,"did":null,"state":null,"shd_src_id":"350"},"geometry":{"type":"Point","coordinates":[5482815.2148,4634671.4371]}},{"type":"Feature","properties":{"lid":"L350","name":null,"area_ha_calc":null,"area_ha_src":113821.704,"did":null,"state":null,"shd_src_id":"351"},"geometry":{"type":"Point","coordinates":[5535177.7514,4634308.0678]}},{"type":"Feature","properties":{"lid":"L351","name":null,"area_ha_calc":null,"area_ha_src":163166.531,"did":null,"state":null,"shd_src_id":"352"},"geometry":{"type":"Point","coordinates":[5536965.8625,4633589.2816]}},{"type":"Feature","properties":{"lid":"L352","name":null,"area_ha_calc":null,"area_ha_src":161645.166,"did":null,"state":null,"shd_src_id":"353"},"geometry":{"type":"Point","coordinates":[5522407.5985,4632005.139]}},{"type":"Feature","properties":{"lid":"L353","name":null,"area_ha_calc":null,"area_ha_src":344281.135,"did":null,"state":null,"shd_src_id":"354"},"geometry":{"type":"Point","coordinates":[5537977.7329,4630244.7329]}},{"type":"Feature","properties":{"lid":"L354","name":null,"area_ha_calc":null,"area_ha_src":116054.0,"did":null,"state":null,"shd_src_id":"355"},"geometry":{"type":"Point","coordinates":[5458227.8532,4630319.4478]}},{"type":"Feature","properties":{"lid":"L355","name":null,"area_ha_calc":null,"area_ha_src":119206.485,"did":null,"state":null,"shd_src_id":"356"},"geometry":{"type":"Point","coordinates":[5567342.0713,4628984.3103]}},{"type":"Feature","properties":{"lid":"L356","name":null,"area_ha_calc":null,"area_ha_src":126530.278,"did":null,"state":null,"shd_src_id":"357"},"geometry":{"type":"Point","coordinates":[5581301.1655,4628318.7839]}},{"type":"Feature","properties":{"lid":"L357","name":null,"area_ha_calc":null,"area_ha_src":178677.406,"did":null,"state":null,"shd_src_id":"358"},"geometry":{"type":"Point","coordinates":[5567238.3629,4628006.5646]}},{"type":"Feature","properties":{"lid":"L358","name":null,"area_ha_calc":null,"area_ha_src":173474.045,"did":null,"state":null,"shd_src_id":"359"},"geometry":{"type":"Point","coordinates":[5518214.9598,4627170.1208]}},{"type":"Feature","properties":{"lid":"L359","name":null,"area_ha_calc":null,"area_ha_src":141126.732,"did":null,"state":null,"shd_src_id":"360"},"geometry":{"type":"Point","coordinates":[5582370.2063,4626590.4927]}},{"type":"Feature","properties":{"lid":"L360","name":null,"area_ha_calc":null,"area_ha_src":150496.667,"did":null,"state":null,"shd_src_id":"361"},"geometry":{"type":"Point","coordinates":[5561842.8697,4626159.4006]}},{"type":"Feature","properties":{"lid":"L361","name":null,"area_ha_calc":null,"area_ha_src":243790.649,"did":null,"state":null,"shd_src_id":"362"},"geometry":{"type":"Point","coordinates":[5535432.4135,4626076.8959]}},{"type":"Feature","properties":{"lid":"L362","name":null,"area_ha_calc":null,"area_ha_src":116055.404,"did":null,"state":null,"shd_src_id":"363"},"geometry":{"type":"Point","coordinates":[5534578.0596,4625553.4992]}},{"type":"Feature","properties":{"lid":"L363","name":null,"area_ha_calc":null,"area_ha_src":97787.519,"did":null,"state":null,"shd_src_id":"364"},"geometry":{"type":"Point","coordinates":[5543203.4902,4624489.2212]}},{"type":"Feature","properties":{"lid":"L364","name":null,"area_ha_calc":null,"area_ha_src":226805.967,"did":null,"state":null,"shd_src_id":"365"},"geometry":{"type":"Point","coordinates":[5579749.3556,4624473.0083]}},{"type":"Feature","properties":{"lid":"L365","name":null,"area_ha_calc":null,"area_ha_src":337176.676,"did":null,"state":null,"shd_src_id":"366"},"geometry":{"type":"Point","coordinates":[5578307.4735,4622878.9877]}},{"type":"Feature","properties":{"lid":"L366","name":null,"area_ha_calc":null,"area_ha_src":181309.17,"did":null,"state":null,"shd_src_id":"367"},"geometry":{"type":"Point","coordinates":[5581478.6929,4622745.8507]}},{"type":"Feature","properties":{"lid":"L367","name":null,"area_ha_calc":null,"area_ha_src":147547.433,"did":null,"state":null,"shd_src_id":"368"},"geometry":{"type":"Point","coordinates":[5574391.0763,4622070.604]}},{"type":"Feature","properties":{"lid":"L368","name":null,"area_ha_calc":null,"area_ha_src":368893.761,"did":null,"state":null,"shd_src_id":"369"},"geometry":{"type":"Point","coordinates":[5551410.3159,4620802.9014]}},{"type":"Feature","properties":{"lid":"L369","name":null,"area_ha_calc":null,"area_ha_src":155245.873,"did":null,"state":null,"shd_src_id":"370"},"geometry":{"type":"Point","coordinates":[5460386.5182,4619081.312]}},{"type":"Feature","properties":{"lid":"L370","name":null,"area_ha_calc":null,"area_ha_src":195434.507,"did":null,"state":null,"shd_src_id":"371"},"geometry":{"type":"Point","coordinates":[5580835.198,4618872.9009]}},{"type":"Feature","properties":{"lid":"L371","name":null,"area_ha_calc":null,"area_ha_src":124170.547,"did":null,"state":null,"shd_src_id":"372"},"geometry":{"type":"Point","coordinates":[5556652.0278,4618561.6306]}},{"type":"Feature","properties":{"lid":"L372","name":null,"area_ha_calc":null,"area_ha_src":380802.114,"did":null,"state":null,"shd_src_id":"373"},"geometry":{"type":"Point","coordinates":[5584072.7518,4618287.0364]}},{"type":"Feature","properties":{"lid":"L373","name":null,"area_ha_calc":null,"area_ha_src":268402.048,"did":null,"state":null,"shd_src_id":"374"},"geometry":{"type":"Point","coordinates":[5567006.3956,4618293.5713]}},{"type":"Feature","properties":{"lid":"L374","name":null,"area_ha_calc":null,"area_ha_src":164087.116,"did":null,"state":null,"shd_src_id":"375"},"geometry":{"type":"Point","coordinates":[5549370.0495,4616831.006]}},{"type":"Feature","properties":{"lid":"L375","name":null,"area_ha_calc":null,"area_ha_src":156580.409,"did":null,"state":null,"shd_src_id":"376"},"geometry":{"type":"Point","coordinates":[5567648.1464,4615751.2743]}},{"type":"Feature","properties":{"lid":"L376","name":null,"area_ha_calc":null,"area_ha_src":115057.465,"did":null,"state":null,"shd_src_id":"377"},"geometry":{"type":"Point","coordinates":[5467621.3739,4615310.6378]}},{"type":"Feature","properties":{"lid":"L377","name":null,"area_ha_calc":null,"area_ha_src":409431.108,"did":null,"state":null,"shd_src_id":"378"},"geometry":{"type":"Point","coordinates":[5577459.2268,4615268.2583]}},{"type":"Feature","properties":{"lid":"L378","name":null,"area_ha_calc":null,"area_ha_src":108135.197,"did":null,"state":null,"shd_src_id":"379"},"geometry":{"type":"Point","coordinates":[5557160.0699,4615509.2609]}},{"type":"Feature","properties":{"lid":"L379","name":null,"area_ha_calc":null,"area_ha_src":327398.767,"did":null,"state":null,"shd_src_id":"380"},"geometry":{"type":"Point","coordinates":[5579854.5276,4614695.8751]}},{"type":"Feature","properties":{"lid":"L380","name":null,"area_ha_calc":null,"area_ha_src":185978.866,"did":null,"state":null,"shd_src_id":"381"},"geometry":{"type":"Point","coordinates":[5556679.5165,4614980.1635]}},{"type":"Feature","properties":{"lid":"L381","name":null,"area_ha_calc":null,"area_ha_src":105883.382,"did":null,"state":null,"shd_src_id":"382"},"geometry":{"type":"Point","coordinates":[5545231.5931,4614362.4931]}},{"type":"Feature","properties":{"lid":"L382","name":null,"area_ha_calc":null,"area_ha_src":233419.364,"did":null,"state":null,"shd_src_id":"383"},"geometry":{"type":"Point","coordinates":[5575737.2878,4614380.4082]}},{"type":"Feature","properties":{"lid":"L383","name":null,"area_ha_calc":null,"area_ha_src":204692.926,"did":null,"state":null,"shd_src_id":"384"},"geometry":{"type":"Point","coordinates":[5577234.3391,4606505.0839]}},{"type":"Feature","properties":{"lid":"L384","name":null,"area_ha_calc":null,"area_ha_src":139840.547,"did":null,"state":null,"shd_src_id":"385"},"geometry":{"type":"Point","coordinates":[5574996.7165,4605845.5814]}},{"type":"Feature","properties":{"lid":"L385","name":null,"area_ha_calc":null,"area_ha_src":120780.142,"did":null,"state":null,"shd_src_id":"386"},"geometry":{"type":"Point","coordinates":[5471283.2031,4605666.4815]}},{"type":"Feature","properties":{"lid":"L386","name":null,"area_ha_calc":null,"area_ha_src":192642.019,"did":null,"state":null,"shd_src_id":"387"},"geometry":{"type":"Point","coordinates":[5572012.9162,4605695.7321]}},{"type":"Feature","properties":{"lid":"L387","name":null,"area_ha_calc":null,"area_ha_src":276118.626,"did":null,"state":null,"shd_src_id":"388"},"geometry":{"type":"Point","coordinates":[3960354.3739,4579102.9456]}},{"type":"Feature","properties":{"lid":"L388","name":null,"area_ha_calc":null,"area_ha_src":347527.443,"did":null,"state":null,"shd_src_id":"389"},"geometry":{"type":"Point","coordinates":[5573363.513,4605204.581]}},{"type":"Feature","properties":{"lid":"L389","name":null,"area_ha_calc":null,"area_ha_src":217664.065,"did":null,"state":null,"shd_src_id":"390"},"geometry":{"type":"Point","coordinates":[5583096.3649,4604819.7732]}},{"type":"Feature","properties":{"lid":"L390","name":null,"area_ha_calc":null,"area_ha_src":114063.477,"did":null,"state":null,"shd_src_id":"391"},"geometry":{"type":"Point","coordinates":[5577523.1259,4600202.0333]}},{"type":"Feature","properties":{"lid":"L391","name":null,"area_ha_calc":null,"area_ha_src":280706.566,"did":null,"state":null,"shd_src_id":"392"},"geometry":{"type":"Point","coordinates":[5581855.8864,4599518.6584]}},{"type":"Feature","properties":{"lid":"L392","name":null,"area_ha_calc":null,"area_ha_src":198355.889,"did":null,"state":null,"shd_src_id":"393"},"geometry":{"type":"Point","coordinates":[5576199.1117,4599448.8008]}},{"type":"Feature","properties":{"lid":"L393","name":null,"area_ha_calc":null,"area_ha_src":156545.453,"did":null,"state":null,"shd_src_id":"394"},"geometry":{"type":"Point","coordinates":[5385429.3975,4597249.639]}},{"type":"Feature","properties":{"lid":"L394","name":null,"area_ha_calc":null,"area_ha_src":222438.069,"did":null,"state":null,"shd_src_id":"395"},"geometry":{"type":"Point","coordinates":[5566808.677,4592013.099]}},{"type":"Feature","properties":{"lid":"L395","name":null,"area_ha_calc":null,"area_ha_src":168227.168,"did":null,"state":null,"shd_src_id":"396"},"geometry":{"type":"Point","coordinates":[5454468.2398,4591711.0956]}},{"type":"Feature","properties":{"lid":"L396","name":null,"area_ha_calc":null,"area_ha_src":140438.29,"did":null,"state":null,"shd_src_id":"397"},"geometry":{"type":"Point","coordinates":[5575635.3009,4588352.2668]}},{"type":"Feature","properties":{"lid":"L397","name":null,"area_ha_calc":null,"area_ha_src":105628.909,"did":null,"state":null,"shd_src_id":"398"},"geometry":{"type":"Point","coordinates":[5357771.831,4585632.4512]}},{"type":"Feature","properties":{"lid":"L398","name":null,"area_ha_calc":null,"area_ha_src":176554.342,"did":null,"state":null,"shd_src_id":"399"},"geometry":{"type":"Point","coordinates":[5341908.4011,4584655.2596]}},{"type":"Feature","properties":{"lid":"L399","name":null,"area_ha_calc":null,"area_ha_src":183138.097,"did":null,"state":null,"shd_src_id":"400"},"geometry":{"type":"Point","coordinates":[5343305.5829,4583728.7657]}},{"type":"Feature","properties":{"lid":"L400","name":null,"area_ha_calc":null,"area_ha_src":397395.656,"did":null,"state":null,"shd_src_id":"401"},"geometry":{"type":"Point","coordinates":[5563396.2346,4582902.577]}},{"type":"Feature","properties":{"lid":"L401","name":null,"area_ha_calc":null,"area_ha_src":101449.391,"did":null,"state":null,"shd_src_id":"402"},"geometry":{"type":"Point","coordinates":[5317616.2714,4572306.3817]}},{"type":"Feature","properties":{"lid":"L402","name":null,"area_ha_calc":null,"area_ha_src":176618.68,"did":null,"state":null,"shd_src_id":"403"},"geometry":{"type":"Point","coordinates":[5318684.6342,4571908.1895]}},{"type":"Feature","properties":{"lid":"L403","name":null,"area_ha_calc":null,"area_ha_src":144341.065,"did":null,"state":null,"shd_src_id":"404"},"geometry":{"type":"Point","coordinates":[5292860.8086,4567487.1063]}},{"type":"Feature","properties":{"lid":"L404","name":null,"area_ha_calc":null,"area_ha_src":402207.595,"did":null,"state":null,"shd_src_id":"405"},"geometry":{"type":"Point","coordinates":[5327685.8338,4566979.1794]}},{"type":"Feature","properties":{"lid":"L405","name":null,"area_ha_calc":null,"area_ha_src":128634.894,"did":null,"state":null,"shd_src_id":"406"},"geometry":{"type":"Point","coordinates":[5656733.8026,4567931.5292]}},{"type":"Feature","properties":{"lid":"L406","name":null,"area_ha_calc":null,"area_ha_src":157889.29,"did":null,"state":null,"shd_src_id":"407"},"geometry":{"type":"Point","coordinates":[5617996.9053,4565945.1078]}},{"type":"Feature","properties":{"lid":"L407","name":null,"area_ha_calc":null,"area_ha_src":104178.905,"did":null,"state":null,"shd_src_id":"408"},"geometry":{"type":"Point","coordinates":[5326183.4884,4565012.8077]}},{"type":"Feature","properties":{"lid":"L408","name":null,"area_ha_calc":null,"area_ha_src":119013.319,"did":null,"state":null,"shd_src_id":"409"},"geometry":{"type":"Point","coordinates":[5331212.8943,4564870.4883]}},{"type":"Feature","properties":{"lid":"L409","name":null,"area_ha_calc":null,"area_ha_src":229880.392,"did":null,"state":null,"shd_src_id":"410"},"geometry":{"type":"Point","coordinates":[5658509.2826,4564948.576]}},{"type":"Feature","properties":{"lid":"L410","name":null,"area_ha_calc":null,"area_ha_src":127384.917,"did":null,"state":null,"shd_src_id":"411"},"geometry":{"type":"Point","coordinates":[5657748.5833,4565014.9805]}},{"type":"Feature","properties":{"lid":"L411","name":null,"area_ha_calc":null,"area_ha_src":97951.766,"did":null,"state":null,"shd_src_id":"412"},"geometry":{"type":"Point","coordinates":[5329550.3374,4564263.2359]}},{"type":"Feature","properties":{"lid":"L412","name":null,"area_ha_calc":null,"area_ha_src":97951.154,"did":null,"state":null,"shd_src_id":"413"},"geometry":{"type":"Point","coordinates":[5330227.4852,4564177.1139]}},{"type":"Feature","properties":{"lid":"L413","name":null,"area_ha_calc":null,"area_ha_src":193028.046,"did":null,"state":null,"shd_src_id":"414"},"geometry":{"type":"Point","coordinates":[5318648.8325,4563976.2304]}},{"type":"Feature","properties":{"lid":"L414","name":null,"area_ha_calc":null,"area_ha_src":123877.461,"did":null,"state":null,"shd_src_id":"415"},"geometry":{"type":"Point","coordinates":[5327022.8545,4563515.3706]}},{"type":"Feature","properties":{"lid":"L415","name":null,"area_ha_calc":null,"area_ha_src":101784.028,"did":null,"state":null,"shd_src_id":"416"},"geometry":{"type":"Point","coordinates":[5668151.3372,4564125.6343]}},{"type":"Feature","properties":{"lid":"L416","name":null,"area_ha_calc":null,"area_ha_src":125491.787,"did":null,"state":null,"shd_src_id":"417"},"geometry":{"type":"Point","coordinates":[5317434.3072,4562774.4396]}},{"type":"Feature","properties":{"lid":"L417","name":null,"area_ha_calc":null,"area_ha_src":119583.328,"did":null,"state":null,"shd_src_id":"418"},"geometry":{"type":"Point","coordinates":[5660496.6053,4562761.4611]}},{"type":"Feature","properties":{"lid":"L418","name":null,"area_ha_calc":null,"area_ha_src":143224.318,"did":null,"state":null,"shd_src_id":"419"},"geometry":{"type":"Point","coordinates":[5334455.4763,4561920.7585]}},{"type":"Feature","properties":{"lid":"L419","name":null,"area_ha_calc":null,"area_ha_src":187984.429,"did":null,"state":null,"shd_src_id":"420"},"geometry":{"type":"Point","coordinates":[5662523.7828,4561680.3668]}},{"type":"Feature","properties":{"lid":"L420","name":null,"area_ha_calc":null,"area_ha_src":320343.272,"did":null,"state":null,"shd_src_id":"421"},"geometry":{"type":"Point","coordinates":[5304750.8136,4560557.0543]}},{"type":"Feature","properties":{"lid":"L421","name":null,"area_ha_calc":null,"area_ha_src":372971.421,"did":null,"state":null,"shd_src_id":"422"},"geometry":{"type":"Point","coordinates":[5664067.3192,4561440.5855]}},{"type":"Feature","properties":{"lid":"L422","name":null,"area_ha_calc":null,"area_ha_src":187689.682,"did":null,"state":null,"shd_src_id":"423"},"geometry":{"type":"Point","coordinates":[5334311.1992,4560396.3612]}},{"type":"Feature","properties":{"lid":"L423","name":null,"area_ha_calc":null,"area_ha_src":159474.957,"did":null,"state":null,"shd_src_id":"424"},"geometry":{"type":"Point","coordinates":[5303308.4833,4559468.7866]}},{"type":"Feature","properties":{"lid":"L424","name":null,"area_ha_calc":null,"area_ha_src":99503.079,"did":null,"state":null,"shd_src_id":"425"},"geometry":{"type":"Point","coordinates":[5619563.7018,4559681.1175]}},{"type":"Feature","properties":{"lid":"L425","name":null,"area_ha_calc":null,"area_ha_src":114233.49,"did":null,"state":null,"shd_src_id":"426"},"geometry":{"type":"Point","coordinates":[5619112.1461,4559281.2254]}},{"type":"Feature","properties":{"lid":"L426","name":null,"area_ha_calc":null,"area_ha_src":372774.417,"did":null,"state":null,"shd_src_id":"427"},"geometry":{"type":"Point","coordinates":[5620403.2515,4558592.327]}},{"type":"Feature","properties":{"lid":"L427","name":null,"area_ha_calc":null,"area_ha_src":257545.763,"did":null,"state":null,"shd_src_id":"428"},"geometry":{"type":"Point","coordinates":[5659664.8356,4558185.9794]}},{"type":"Feature","properties":{"lid":"L428","name":null,"area_ha_calc":null,"area_ha_src":101722.38,"did":null,"state":null,"shd_src_id":"429"},"geometry":{"type":"Point","coordinates":[5333051.1251,4556512.954]}},{"type":"Feature","properties":{"lid":"L429","name":null,"area_ha_calc":null,"area_ha_src":127693.729,"did":null,"state":null,"shd_src_id":"430"},"geometry":{"type":"Point","coordinates":[5668917.7657,4556679.5251]}},{"type":"Feature","properties":{"lid":"L430","name":null,"area_ha_calc":null,"area_ha_src":191730.113,"did":null,"state":null,"shd_src_id":"431"},"geometry":{"type":"Point","coordinates":[5625785.7669,4555789.028]}},{"type":"Feature","properties":{"lid":"L431","name":null,"area_ha_calc":null,"area_ha_src":103548.026,"did":null,"state":null,"shd_src_id":"432"},"geometry":{"type":"Point","coordinates":[5664727.114,4555673.2224]}},{"type":"Feature","properties":{"lid":"L432","name":null,"area_ha_calc":null,"area_ha_src":102302.673,"did":null,"state":null,"shd_src_id":"433"},"geometry":{"type":"Point","coordinates":[5287669.2221,4553287.056]}},{"type":"Feature","properties":{"lid":"L433","name":null,"area_ha_calc":null,"area_ha_src":172658.641,"did":null,"state":null,"shd_src_id":"434"},"geometry":{"type":"Point","coordinates":[5663985.4509,4553159.3188]}},{"type":"Feature","properties":{"lid":"L434","name":null,"area_ha_calc":null,"area_ha_src":258052.483,"did":null,"state":null,"shd_src_id":"435"},"geometry":{"type":"Point","coordinates":[5665590.5033,4552413.0529]}},{"type":"Feature","properties":{"lid":"L435","name":null,"area_ha_calc":null,"area_ha_src":302143.43,"did":null,"state":null,"shd_src_id":"436"},"geometry":{"type":"Point","coordinates":[5304378.5739,4551385.0323]}},{"type":"Feature","properties":{"lid":"L436","name":null,"area_ha_calc":null,"area_ha_src":128359.203,"did":null,"state":null,"shd_src_id":"437"},"geometry":{"type":"Point","coordinates":[5668780.4408,4552315.6604]}},{"type":"Feature","properties":{"lid":"L437","name":null,"area_ha_calc":null,"area_ha_src":271980.185,"did":null,"state":null,"shd_src_id":"438"},"geometry":{"type":"Point","coordinates":[5667237.6856,4552145.5583]}},{"type":"Feature","properties":{"lid":"L438","name":null,"area_ha_calc":null,"area_ha_src":127743.773,"did":null,"state":null,"shd_src_id":"439"},"geometry":{"type":"Point","coordinates":[5303403.3904,4550843.0876]}},{"type":"Feature","properties":{"lid":"L439","name":null,"area_ha_calc":null,"area_ha_src":219199.117,"did":null,"state":null,"shd_src_id":"440"},"geometry":{"type":"Point","coordinates":[5666931.4317,4549972.2811]}},{"type":"Feature","properties":{"lid":"L440","name":null,"area_ha_calc":null,"area_ha_src":178211.197,"did":null,"state":null,"shd_src_id":"441"},"geometry":{"type":"Point","coordinates":[5621167.5139,4549806.7392]}},{"type":"Feature","properties":{"lid":"L441","name":null,"area_ha_calc":null,"area_ha_src":154121.455,"did":null,"state":null,"shd_src_id":"442"},"geometry":{"type":"Point","coordinates":[5622948.366,4549333.9778]}},{"type":"Feature","properties":{"lid":"L442","name":null,"area_ha_calc":null,"area_ha_src":128557.593,"did":null,"state":null,"shd_src_id":"443"},"geometry":{"type":"Point","coordinates":[5668228.021,4549212.3247]}},{"type":"Feature","properties":{"lid":"L443","name":null,"area_ha_calc":null,"area_ha_src":115148.468,"did":null,"state":null,"shd_src_id":"444"},"geometry":{"type":"Point","coordinates":[5668946.2851,4549187.517]}},{"type":"Feature","properties":{"lid":"L444","name":null,"area_ha_calc":null,"area_ha_src":402759.84,"did":null,"state":null,"shd_src_id":"445"},"geometry":{"type":"Point","coordinates":[5306050.0164,4547702.2112]}},{"type":"Feature","properties":{"lid":"L445","name":null,"area_ha_calc":null,"area_ha_src":167070.481,"did":null,"state":null,"shd_src_id":"446"},"geometry":{"type":"Point","coordinates":[5664247.2754,4547954.074]}},{"type":"Feature","properties":{"lid":"L446","name":null,"area_ha_calc":null,"area_ha_src":209438.3,"did":null,"state":null,"shd_src_id":"447"},"geometry":{"type":"Point","coordinates":[5667732.5591,4546194.3852]}},{"type":"Feature","properties":{"lid":"L447","name":null,"area_ha_calc":null,"area_ha_src":158836.988,"did":null,"state":null,"shd_src_id":"448"},"geometry":{"type":"Point","coordinates":[5661525.6446,4546114.5181]}},{"type":"Feature","properties":{"lid":"L448","name":null,"area_ha_calc":null,"area_ha_src":177404.852,"did":null,"state":null,"shd_src_id":"449"},"geometry":{"type":"Point","coordinates":[5659212.2708,4545533.905]}},{"type":"Feature","properties":{"lid":"L449","name":null,"area_ha_calc":null,"area_ha_src":162201.009,"did":null,"state":null,"shd_src_id":"450"},"geometry":{"type":"Point","coordinates":[5673113.0954,4544693.7032]}},{"type":"Feature","properties":{"lid":"L450","name":null,"area_ha_calc":null,"area_ha_src":243064.159,"did":null,"state":null,"shd_src_id":"451"},"geometry":{"type":"Point","coordinates":[5670644.3297,4543678.8475]}},{"type":"Feature","properties":{"lid":"L451","name":null,"area_ha_calc":null,"area_ha_src":156006.998,"did":null,"state":null,"shd_src_id":"452"},"geometry":{"type":"Point","coordinates":[5660574.7017,4542903.3059]}},{"type":"Feature","properties":{"lid":"L452","name":null,"area_ha_calc":null,"area_ha_src":327957.786,"did":null,"state":null,"shd_src_id":"453"},"geometry":{"type":"Point","coordinates":[5660053.3192,4541012.7485]}},{"type":"Feature","properties":{"lid":"L453","name":null,"area_ha_calc":null,"area_ha_src":136750.082,"did":null,"state":null,"shd_src_id":"454"},"geometry":{"type":"Point","coordinates":[5662276.2856,4540407.2719]}},{"type":"Feature","properties":{"lid":"L454","name":null,"area_ha_calc":null,"area_ha_src":321182.883,"did":null,"state":null,"shd_src_id":"455"},"geometry":{"type":"Point","coordinates":[5651126.5313,4539825.0232]}},{"type":"Feature","properties":{"lid":"L455","name":null,"area_ha_calc":null,"area_ha_src":104272.852,"did":null,"state":null,"shd_src_id":"456"},"geometry":{"type":"Point","coordinates":[5651862.0918,4539216.3481]}},{"type":"Feature","properties":{"lid":"L456","name":null,"area_ha_calc":null,"area_ha_src":129888.86,"did":null,"state":null,"shd_src_id":"457"},"geometry":{"type":"Point","coordinates":[5657156.5534,4538897.9821]}},{"type":"Feature","properties":{"lid":"L457","name":null,"area_ha_calc":null,"area_ha_src":102984.997,"did":null,"state":null,"shd_src_id":"458"},"geometry":{"type":"Point","coordinates":[5656115.1117,4538592.6325]}},{"type":"Feature","properties":{"lid":"L458","name":null,"area_ha_calc":null,"area_ha_src":129238.357,"did":null,"state":null,"shd_src_id":"459"},"geometry":{"type":"Point","coordinates":[5656435.4881,4536887.4659]}},{"type":"Feature","properties":{"lid":"L459","name":null,"area_ha_calc":null,"area_ha_src":140366.811,"did":null,"state":null,"shd_src_id":"460"},"geometry":{"type":"Point","coordinates":[5670038.0529,4536959.1801]}},{"type":"Feature","properties":{"lid":"L460","name":null,"area_ha_calc":null,"area_ha_src":413373.13,"did":null,"state":null,"shd_src_id":"461"},"geometry":{"type":"Point","coordinates":[5657710.7288,4535730.5679]}},{"type":"Feature","properties":{"lid":"L461","name":null,"area_ha_calc":null,"area_ha_src":101259.93,"did":null,"state":null,"shd_src_id":"462"},"geometry":{"type":"Point","coordinates":[5649240.637,4534084.0952]}},{"type":"Feature","properties":{"lid":"L462","name":null,"area_ha_calc":null,"area_ha_src":335787.811,"did":null,"state":null,"shd_src_id":"463"},"geometry":{"type":"Point","coordinates":[5293978.625,4529948.9291]}},{"type":"Feature","properties":{"lid":"L463","name":null,"area_ha_calc":null,"area_ha_src":156981.862,"did":null,"state":null,"shd_src_id":"464"},"geometry":{"type":"Point","coordinates":[5650227.0494,4530748.5205]}},{"type":"Feature","properties":{"lid":"L464","name":null,"area_ha_calc":null,"area_ha_src":108474.093,"did":null,"state":null,"shd_src_id":"465"},"geometry":{"type":"Point","coordinates":[5650608.2376,4529724.3713]}},{"type":"Feature","properties":{"lid":"L465","name":null,"area_ha_calc":null,"area_ha_src":208367.292,"did":null,"state":null,"shd_src_id":"466"},"geometry":{"type":"Point","coordinates":[5675470.5708,4526481.1781]}},{"type":"Feature","properties":{"lid":"L466","name":null,"area_ha_calc":null,"area_ha_src":312509.088,"did":null,"state":null,"shd_src_id":"467"},"geometry":{"type":"Point","coordinates":[5675827.3222,4525137.5742]}},{"type":"Feature","properties":{"lid":"L467","name":null,"area_ha_calc":null,"area_ha_src":187700.073,"did":null,"state":null,"shd_src_id":"468"},"geometry":{"type":"Point","coordinates":[5627985.9126,4504240.7414]}},{"type":"Feature","properties":{"lid":"L468","name":null,"area_ha_calc":null,"area_ha_src":173986.782,"did":null,"state":null,"shd_src_id":"469"},"geometry":{"type":"Point","coordinates":[5628682.0327,4502515.0981]}},{"type":"Feature","properties":{"lid":"L469","name":null,"area_ha_calc":null,"area_ha_src":711723.291,"did":null,"state":null,"shd_src_id":"470"},"geometry":{"type":"Point","coordinates":[3399798.7627,5322315.2903]}},{"type":"Feature","properties":{"lid":"L470","name":null,"area_ha_calc":null,"area_ha_src":140725.73,"did":null,"state":null,"shd_src_id":"471"},"geometry":{"type":"Point","coordinates":[5637506.2862,4502142.3014]}},{"type":"Feature","properties":{"lid":"L471","name":null,"area_ha_calc":null,"area_ha_src":216574.484,"did":null,"state":null,"shd_src_id":"472"},"geometry":{"type":"Point","coordinates":[5631478.8525,4502178.1964]}},{"type":"Feature","properties":{"lid":"L472","name":null,"area_ha_calc":null,"area_ha_src":149525.613,"did":null,"state":null,"shd_src_id":"473"},"geometry":{"type":"Point","coordinates":[5632498.6873,4494285.9427]}},{"type":"Feature","properties":{"lid":"L473","name":null,"area_ha_calc":null,"area_ha_src":110676.822,"did":null,"state":null,"shd_src_id":"474"},"geometry":{"type":"Point","coordinates":[5636230.1335,4493732.6276]}},{"type":"Feature","properties":{"lid":"L474","name":null,"area_ha_calc":null,"area_ha_src":252241.413,"did":null,"state":null,"shd_src_id":"475"},"geometry":{"type":"Point","coordinates":[4833487.3373,4466763.1309]}},{"type":"Feature","properties":{"lid":"L475","name":null,"area_ha_calc":null,"area_ha_src":217605.609,"did":null,"state":null,"shd_src_id":"476"},"geometry":{"type":"Point","coordinates":[4827221.4898,4461593.5873]}},{"type":"Feature","properties":{"lid":"L476","name":null,"area_ha_calc":null,"area_ha_src":318443.607,"did":null,"state":null,"shd_src_id":"477"},"geometry":{"type":"Point","coordinates":[5122041.2981,4464841.3314]}},{"type":"Feature","properties":{"lid":"L477","name":null,"area_ha_calc":null,"area_ha_src":229453.242,"did":null,"state":null,"shd_src_id":"478"},"geometry":{"type":"Point","coordinates":[4828152.2729,4460897.3644]}},{"type":"Feature","properties":{"lid":"L478","name":null,"area_ha_calc":null,"area_ha_src":142302.047,"did":null,"state":null,"shd_src_id":"479"},"geometry":{"type":"Point","coordinates":[5118389.601,4463518.3517]}},{"type":"Feature","properties":{"lid":"L479","name":null,"area_ha_calc":null,"area_ha_src":233496.86,"did":null,"state":null,"shd_src_id":"480"},"geometry":{"type":"Point","coordinates":[5202717.5342,4462998.9874]}},{"type":"Feature","properties":{"lid":"L480","name":null,"area_ha_calc":null,"area_ha_src":212977.794,"did":null,"state":null,"shd_src_id":"481"},"geometry":{"type":"Point","coordinates":[4822183.7,4457739.2879]}},{"type":"Feature","properties":{"lid":"L481","name":null,"area_ha_calc":null,"area_ha_src":165407.337,"did":null,"state":null,"shd_src_id":"482"},"geometry":{"type":"Point","coordinates":[5202017.2238,4462119.2363]}},{"type":"Feature","properties":{"lid":"L482","name":null,"area_ha_calc":null,"area_ha_src":121966.32,"did":null,"state":null,"shd_src_id":"483"},"geometry":{"type":"Point","coordinates":[5199798.3678,4461120.6796]}},{"type":"Feature","properties":{"lid":"L483","name":null,"area_ha_calc":null,"area_ha_src":109770.09,"did":null,"state":null,"shd_src_id":"484"},"geometry":{"type":"Point","coordinates":[4813997.7223,4456374.2957]}},{"type":"Feature","properties":{"lid":"L484","name":null,"area_ha_calc":null,"area_ha_src":107491.077,"did":null,"state":null,"shd_src_id":"485"},"geometry":{"type":"Point","coordinates":[4814678.5465,4455968.3212]}},{"type":"Feature","properties":{"lid":"L485","name":null,"area_ha_calc":null,"area_ha_src":166733.047,"did":null,"state":null,"shd_src_id":"486"},"geometry":{"type":"Point","coordinates":[4835984.485,4456272.2788]}},{"type":"Feature","properties":{"lid":"L486","name":null,"area_ha_calc":null,"area_ha_src":100520.449,"did":null,"state":null,"shd_src_id":"487"},"geometry":{"type":"Point","coordinates":[5203053.622,4459886.6343]}},{"type":"Feature","properties":{"lid":"L487","name":null,"area_ha_calc":null,"area_ha_src":150576.418,"did":null,"state":null,"shd_src_id":"488"},"geometry":{"type":"Point","coordinates":[5168080.1886,4431825.2255]}},{"type":"Feature","properties":{"lid":"L488","name":null,"area_ha_calc":null,"area_ha_src":318753.592,"did":null,"state":null,"shd_src_id":"489"},"geometry":{"type":"Point","coordinates":[4824719.3216,4424036.824]}},{"type":"Feature","properties":{"lid":"L489","name":null,"area_ha_calc":null,"area_ha_src":100478.813,"did":null,"state":null,"shd_src_id":"490"},"geometry":{"type":"Point","coordinates":[4854295.0948,4421994.3038]}},{"type":"Feature","properties":{"lid":"L490","name":null,"area_ha_calc":null,"area_ha_src":105003.175,"did":null,"state":null,"shd_src_id":"491"},"geometry":{"type":"Point","coordinates":[4787776.092,4409883.173]}},{"type":"Feature","properties":{"lid":"L491","name":null,"area_ha_calc":null,"area_ha_src":321707.769,"did":null,"state":null,"shd_src_id":"492"},"geometry":{"type":"Point","coordinates":[4784285.9687,4406559.6975]}},{"type":"Feature","properties":{"lid":"L492","name":"Pangong Tso","area_ha_calc":null,"area_ha_src":653485698.129,"did":null,"state":null,"shd_src_id":"493"},"geometry":{"type":"Point","coordinates":[3891876.6046,5060994.9988]}},{"type":"Feature","properties":{"lid":"L493","name":null,"area_ha_calc":null,"area_ha_src":219472334.708,"did":null,"state":null,"shd_src_id":"494"},"geometry":{"type":"Point","coordinates":[3420839.1137,5021138.5403]}},{"type":"Feature","properties":{"lid":"L494","name":null,"area_ha_calc":null,"area_ha_src":148511.693,"did":null,"state":null,"shd_src_id":"495"},"geometry":{"type":"Point","coordinates":[3444943.9661,5310501.5693]}},{"type":"Feature","properties":{"lid":"L495","name":null,"area_ha_calc":null,"area_ha_src":107772.297,"did":null,"state":null,"shd_src_id":"496"},"geometry":{"type":"Point","coordinates":[3582332.9387,5071978.35]}},{"type":"Feature","properties":{"lid":"L496","name":null,"area_ha_calc":null,"area_ha_src":150922.263,"did":null,"state":null,"shd_src_id":"497"},"geometry":{"type":"Point","coordinates":[5584958.7927,4615960.2671]}},{"type":"Feature","properties":{"lid":"L497","name":null,"area_ha_calc":null,"area_ha_src":109643.727,"did":null,"state":null,"shd_src_id":"498"},"geometry":{"type":"Point","coordinates":[5570579.3692,4587571.0249]}},{"type":"Feature","properties":{"lid":"L498","name":null,"area_ha_calc":null,"area_ha_src":163094.265,"did":null,"state":null,"shd_src_id":"499"},"geometry":{"type":"Point","coordinates":[4855377.5595,4398450.1636]}},{"type":"Feature","properties":{"lid":"L499","name":null,"area_ha_calc":null,"area_ha_src":133934.946,"did":null,"state":null,"shd_src_id":"500"},"geometry":{"type":"Point","coordinates":[4784644.2945,4396130.3701]}},{"type":"Feature","properties":{"lid":"L500","name":null,"area_ha_calc":null,"area_ha_src":174572.841,"did":null,"state":null,"shd_src_id":"501"},"geometry":{"type":"Point","coordinates":[4856540.5449,4390485.6119]}},{"type":"Feature","properties":{"lid":"L501","name":null,"area_ha_calc":null,"area_ha_src":254585.009,"did":null,"state":null,"shd_src_id":"502"},"geometry":{"type":"Point","coordinates":[4859355.9627,4388948.5127]}},{"type":"Feature","properties":{"lid":"L502","name":null,"area_ha_calc":null,"area_ha_src":121751.662,"did":null,"state":null,"shd_src_id":"503"},"geometry":{"type":"Point","coordinates":[4807528.8571,4453454.0418]}},{"type":"Feature","properties":{"lid":"L503","name":null,"area_ha_calc":null,"area_ha_src":134095.374,"did":null,"state":null,"shd_src_id":"504"},"geometry":{"type":"Point","coordinates":[5203458.0106,4458352.6676]}},{"type":"Feature","properties":{"lid":"L504","name":null,"area_ha_calc":null,"area_ha_src":325134.387,"did":null,"state":null,"shd_src_id":"505"},"geometry":{"type":"Point","coordinates":[4802918.4429,4452943.9545]}},{"type":"Feature","properties":{"lid":"L505","name":null,"area_ha_calc":null,"area_ha_src":144528.902,"did":null,"state":null,"shd_src_id":"506"},"geometry":{"type":"Point","coordinates":[5148888.4613,4454353.1994]}},{"type":"Feature","properties":{"lid":"L506","name":null,"area_ha_calc":null,"area_ha_src":253209.178,"did":null,"state":null,"shd_src_id":"507"},"geometry":{"type":"Point","coordinates":[4849179.7723,4450573.8405]}},{"type":"Feature","properties":{"lid":"L507","name":null,"area_ha_calc":null,"area_ha_src":115280.45,"did":null,"state":null,"shd_src_id":"508"},"geometry":{"type":"Point","coordinates":[4850084.5236,4447650.9099]}},{"type":"Feature","properties":{"lid":"L508","name":null,"area_ha_calc":null,"area_ha_src":132517.774,"did":null,"state":null,"shd_src_id":"509"},"geometry":{"type":"Point","coordinates":[4794298.5368,4446343.2465]}},{"type":"Feature","properties":{"lid":"L509","name":null,"area_ha_calc":null,"area_ha_src":184823.235,"did":null,"state":null,"shd_src_id":"510"},"geometry":{"type":"Point","coordinates":[4792304.9161,4446316.996]}},{"type":"Feature","properties":{"lid":"L510","name":null,"area_ha_calc":null,"area_ha_src":142872.472,"did":null,"state":null,"shd_src_id":"511"},"geometry":{"type":"Point","coordinates":[4857261.5088,4447044.1249]}},{"type":"Feature","properties":{"lid":"L511","name":null,"area_ha_calc":null,"area_ha_src":163526.126,"did":null,"state":null,"shd_src_id":"512"},"geometry":{"type":"Point","coordinates":[5148023.774,4449770.0134]}},{"type":"Feature","properties":{"lid":"L512","name":null,"area_ha_calc":null,"area_ha_src":135189.923,"did":null,"state":null,"shd_src_id":"513"},"geometry":{"type":"Point","coordinates":[4798117.121,4445286.2846]}},{"type":"Feature","properties":{"lid":"L513","name":null,"area_ha_calc":null,"area_ha_src":158490.564,"did":null,"state":null,"shd_src_id":"514"},"geometry":{"type":"Point","coordinates":[5126314.9132,4449113.1816]}},{"type":"Feature","properties":{"lid":"L514","name":null,"area_ha_calc":null,"area_ha_src":309722.849,"did":null,"state":null,"shd_src_id":"515"},"geometry":{"type":"Point","coordinates":[5149768.9322,4447880.7193]}},{"type":"Feature","properties":{"lid":"L515","name":null,"area_ha_calc":null,"area_ha_src":193503.58,"did":null,"state":null,"shd_src_id":"516"},"geometry":{"type":"Point","coordinates":[5201631.0392,4448307.3177]}},{"type":"Feature","properties":{"lid":"L516","name":null,"area_ha_calc":null,"area_ha_src":106101.031,"did":null,"state":null,"shd_src_id":"517"},"geometry":{"type":"Point","coordinates":[5147543.739,4446507.646]}},{"type":"Feature","properties":{"lid":"L517","name":null,"area_ha_calc":null,"area_ha_src":120735.383,"did":null,"state":null,"shd_src_id":"518"},"geometry":{"type":"Point","coordinates":[5199883.1981,4444262.9726]}},{"type":"Feature","properties":{"lid":"L518","name":null,"area_ha_calc":null,"area_ha_src":105279.265,"did":null,"state":null,"shd_src_id":"519"},"geometry":{"type":"Point","coordinates":[5141059.2719,4441165.7705]}},{"type":"Feature","properties":{"lid":"L519","name":null,"area_ha_calc":null,"area_ha_src":141117.508,"did":null,"state":null,"shd_src_id":"520"},"geometry":{"type":"Point","coordinates":[5184095.3563,4441386.2711]}},{"type":"Feature","properties":{"lid":"L520","name":null,"area_ha_calc":null,"area_ha_src":198828.207,"did":null,"state":null,"shd_src_id":"521"},"geometry":{"type":"Point","coordinates":[5183727.5705,4438934.4641]}},{"type":"Feature","properties":{"lid":"L521","name":null,"area_ha_calc":null,"area_ha_src":135661.683,"did":null,"state":null,"shd_src_id":"522"},"geometry":{"type":"Point","coordinates":[4855222.7925,4432254.3141]}}]}