{"type":"FeatureCollection","features":[{"type":"Feature","properties":{"sid":"S0","name":"Andaman & Nicobar Island","shd_src_id":"1"},"geometry":{"type":"MultiPolygon","coordinates":[[[[93.721,7.213],[93.713,7.208],[93.709,7.23],[93.721,7.213]]],[[[93.849,7.241],[93.847,7.218],[93.883,7.204],[93.887,7.087],[93.914,7.055],[93.917,7.026],[93.948,7.002],[93.925,7.012],[93.914,7.0],[93.946,6.956],[93.923,6.952],[93.916,6.914],[93.897,6.903],[93.903,6.815],[93.882,6.795],[93.869,6.816],[93.852,6.815],[93.828,6.756],[93.805,6.766],[93.816,6.817],[93.787,6.831],[93.795,6.852],[93.772,6.877],[93.782,6.892],[93.743,6.924],[93.747,6.962],[93.694,7.016],[93.664,7.005],[93.674,7.023],[93.658,7.099],[93.675,7.114],[93.656,7.126],[93.676,7.141],[93.686,7.189],[93.729,7.185],[93.76,7.214],[93.805,7.203],[93.806,7.233],[93.849,7.241]]],[[[93.843,7.289],[93.84,7.288],[93.843,7.29],[93.843,7.289]]],[[[93.696,7.4],[93.684,7.406],[93.689,7.409],[93.696,7.4]]],[[[93.768,7.403],[93.766,7.395],[93.763,7.398],[93.768,7.403]]],[[[93.713,7.443],[93.723,7.4],[93.756,7.374],[93.757,7.358],[93.724,7.308],[93.7,7.303],[93.647,7.244],[93.621,7.309],[93.637,7.321],[93.633,7.371],[93.674,7.373],[93.709,7.394],[93.713,7.443]]],[[[93.646,7.477],[93.652,7.47],[93.644,7.471],[93.646,7.477]]],[[[93.636,7.479],[93.632,7.476],[93.631,7.479],[93.636,7.479]]],[[[93.55,7.518],[93.541,7.514],[93.543,7.525],[93.55,7.518]]],[[[93.39,8.02],[93.409,8.006],[93.397,7.969],[93.432,7.966],[93.463,7.934],[93.475,7.893],[93.462,7.873],[93.425,7.907],[93.379,7.883],[93.358,7.889],[93.343,7.919],[93.357,7.942],[93.331,7.924],[93.32,7.932],[93.311,7.962],[93.33,8.006],[93.39,8.02]]],[[[93.548,8.026],[93.563,8.025],[93.582,7.992],[93.577,7.929],[93.508,7.985],[93.532,8.025],[93.551,7.996],[93.548,8.026]]],[[[93.581,8.122],[93.601,8.05],[93.594,8.039],[93.562,8.118],[93.581,8.122]]],[[[93.494,8.223],[93.543,8.225],[93.545,8.201],[93.503,8.148],[93.548,8.089],[93.55,8.036],[93.531,8.049],[93.526,8.033],[93.508,8.034],[93.501,7.998],[93.486,8.044],[93.509,8.037],[93.504,8.057],[93.512,8.068],[93.514,8.049],[93.526,8.053],[93.531,8.079],[93.514,8.084],[93.486,8.052],[93.49,8.091],[93.466,8.109],[93.454,8.168],[93.491,8.2],[93.494,8.223]]],[[[93.235,8.264],[93.251,8.231],[93.24,8.222],[93.22,8.246],[93.235,8.264]]],[[[93.096,8.339],[93.143,8.343],[93.126,8.276],[93.203,8.217],[93.2,8.196],[93.121,8.224],[93.087,8.271],[93.096,8.339]]],[[[93.643,8.394],[93.641,8.394],[93.643,8.394],[93.643,8.394]]],[[[93.651,8.394],[93.653,8.389],[93.645,8.395],[93.651,8.394]]],[[[93.634,8.397],[93.635,8.397],[93.635,8.396],[93.634,8.397]]],[[[93.056,8.447],[93.038,8.447],[93.043,8.471],[93.056,8.461],[93.056,8.447]]],[[[93.616,8.573],[93.642,8.468],[93.627,8.468],[93.623,8.423],[93.616,8.573]]],[[[93.607,8.582],[93.609,8.58],[93.608,8.579],[93.607,8.582]]],[[[92.776,9.257],[92.82,9.211],[92.83,9.138],[92.799,9.119],[92.73,9.125],[92.723,9.217],[92.766,9.215],[92.776,9.257]]],[[[92.529,10.887],[92.558,10.863],[92.563,10.804],[92.587,10.788],[92.597,10.68],[92.578,10.674],[92.582,10.658],[92.54,10.615],[92.568,10.576],[92.513,10.512],[92.433,10.548],[92.386,10.532],[92.421,10.616],[92.383,10.668],[92.377,10.783],[92.411,10.786],[92.427,10.823],[92.458,10.839],[92.457,10.862],[92.493,10.889],[92.529,10.887]]],[[[92.619,10.933],[92.61,10.931],[92.606,10.938],[92.619,10.933]]],[[[92.216,10.98],[92.227,10.976],[92.218,10.973],[92.216,10.98]]],[[[92.669,10.99],[92.659,10.985],[92.662,10.993],[92.669,10.99]]],[[[92.726,11.144],[92.723,11.143],[92.724,11.144],[92.726,11.144]]],[[[92.735,11.146],[92.728,11.146],[92.732,11.149],[92.735,11.146]]],[[[92.675,11.19],[92.681,11.181],[92.678,11.178],[92.674,11.186],[92.675,11.19]]],[[[92.693,11.244],[92.693,11.281],[92.706,11.29],[92.706,11.264],[92.693,11.244]]],[[[92.724,11.332],[92.71,11.302],[92.698,11.309],[92.711,11.309],[92.724,11.332]]],[[[92.551,11.396],[92.546,11.396],[92.551,11.397],[92.551,11.396]]],[[[92.562,11.394],[92.558,11.396],[92.563,11.397],[92.562,11.394]]],[[[92.616,11.51],[92.609,11.507],[92.616,11.512],[92.616,11.51]]],[[[92.64,11.511],[92.669,11.49],[92.686,11.436],[92.649,11.407],[92.689,11.391],[92.692,11.375],[92.664,11.354],[92.598,11.348],[92.582,11.368],[92.587,11.401],[92.625,11.409],[92.611,11.46],[92.621,11.498],[92.64,11.511]]],[[[92.553,11.531],[92.569,11.528],[92.566,11.518],[92.553,11.531]]],[[[92.606,11.534],[92.602,11.524],[92.603,11.538],[92.606,11.534]]],[[[92.629,11.544],[92.627,11.545],[92.629,11.549],[92.629,11.544]]],[[[92.208,11.585],[92.271,11.584],[92.275,11.536],[92.262,11.518],[92.215,11.53],[92.208,11.585]]],[[[92.602,11.554],[92.62,11.555],[92.61,11.531],[92.602,11.554]]],[[[92.565,11.57],[92.566,11.568],[92.565,11.568],[92.565,11.57]]],[[[92.577,11.568],[92.573,11.565],[92.577,11.571],[92.577,11.568]]],[[[92.597,11.562],[92.584,11.535],[92.593,11.578],[92.597,11.562]]],[[[92.577,11.585],[92.58,11.583],[92.578,11.582],[92.577,11.585]]],[[[92.594,11.59],[92.593,11.589],[92.593,11.59],[92.594,11.59]]],[[[92.612,11.588],[92.619,11.577],[92.615,11.562],[92.6,11.571],[92.612,11.588]]],[[[92.544,11.602],[92.57,11.59],[92.566,11.574],[92.53,11.555],[92.544,11.602]]],[[[92.695,11.664],[92.701,11.66],[92.693,11.661],[92.695,11.664]]],[[[92.76,11.678],[92.764,11.673],[92.761,11.67],[92.76,11.678]]],[[[93.086,11.786],[93.078,11.782],[93.085,11.79],[93.086,11.786]]],[[[93.032,11.837],[93.06,11.845],[93.072,11.835],[93.05,11.813],[93.015,11.829],[93.013,11.85],[93.032,11.837]]],[[[92.595,11.916],[92.599,11.906],[92.596,11.906],[92.595,11.916]]],[[[92.564,11.95],[92.57,11.946],[92.567,11.945],[92.564,11.95]]],[[[92.723,11.953],[92.732,11.945],[92.726,11.942],[92.723,11.953]]],[[[92.599,11.928],[92.589,11.973],[92.593,11.977],[92.609,11.943],[92.599,11.928]]],[[[92.745,11.967],[92.742,11.966],[92.744,11.968],[92.745,11.967]]],[[[92.584,11.982],[92.582,11.977],[92.584,11.982],[92.584,11.982]]],[[[92.756,11.967],[92.766,11.953],[92.737,11.951],[92.739,11.962],[92.756,11.967]]],[[[92.771,12.017],[92.775,12.014],[92.772,12.014],[92.771,12.017]]],[[[92.963,12.043],[93.006,12.025],[93.046,11.924],[93.045,11.884],[93.026,11.889],[93.002,11.949],[92.974,11.949],[92.96,11.982],[92.925,11.998],[92.963,12.043]]],[[[92.971,12.064],[92.97,12.065],[92.971,12.065],[92.971,12.064]]],[[[92.742,12.112],[92.738,12.107],[92.743,12.115],[92.742,12.112]]],[[[92.96,12.108],[93.006,12.1],[92.994,12.044],[92.961,12.079],[92.972,12.088],[92.96,12.108]]],[[[92.958,12.102],[92.95,12.093],[92.948,12.116],[92.958,12.102]]],[[[93.002,12.118],[93.002,12.111],[92.998,12.114],[93.002,12.118]]],[[[92.847,12.151],[92.844,12.15],[92.846,12.151],[92.847,12.151]]],[[[93.096,12.137],[93.099,12.136],[93.097,12.133],[93.096,12.137]]],[[[92.956,12.147],[92.992,12.144],[92.998,12.114],[92.963,12.123],[92.956,12.147]]],[[[93.11,12.143],[93.124,12.14],[93.115,12.13],[93.11,12.143]]],[[[92.756,12.181],[92.763,12.176],[92.759,12.167],[92.759,12.178],[92.756,12.181]]],[[[93.028,12.143],[93.054,12.076],[93.045,12.046],[93.008,12.076],[93.009,12.104],[93.0,12.108],[93.005,12.115],[93.007,12.147],[93.028,12.167],[93.028,12.143]]],[[[92.683,12.224],[92.68,12.219],[92.682,12.224],[92.683,12.224]]],[[[92.697,12.24],[92.713,12.191],[92.704,12.164],[92.721,12.182],[92.758,12.177],[92.736,12.104],[92.735,12.074],[92.783,12.046],[92.779,12.025],[92.762,12.021],[92.738,12.042],[92.736,12.016],[92.753,12.003],[92.767,12.012],[92.769,11.999],[92.743,11.995],[92.758,11.989],[92.749,11.978],[92.734,11.978],[92.739,11.997],[92.728,11.995],[92.733,11.969],[92.718,11.964],[92.714,11.933],[92.726,11.927],[92.725,11.851],[92.707,11.816],[92.678,11.82],[92.693,11.812],[92.683,11.805],[92.681,11.799],[92.71,11.815],[92.719,11.827],[92.746,11.932],[92.784,11.937],[92.788,11.919],[92.755,11.702],[92.743,11.713],[92.739,11.691],[92.702,11.708],[92.709,11.671],[92.665,11.653],[92.675,11.625],[92.687,11.641],[92.696,11.622],[92.695,11.653],[92.712,11.644],[92.73,11.659],[92.716,11.665],[92.722,11.69],[92.757,11.665],[92.712,11.478],[92.7,11.507],[92.667,11.504],[92.646,11.524],[92.647,11.572],[92.633,11.58],[92.618,11.563],[92.62,11.574],[92.619,11.583],[92.607,11.594],[92.609,11.621],[92.636,11.616],[92.645,11.637],[92.632,11.652],[92.632,11.629],[92.608,11.634],[92.589,11.725],[92.562,11.694],[92.547,11.835],[92.522,11.827],[92.514,11.849],[92.563,11.947],[92.587,11.887],[92.602,11.897],[92.6,11.866],[92.603,11.861],[92.604,11.859],[92.606,11.858],[92.623,12.096],[92.662,12.216],[92.655,12.182],[92.697,12.24]]],[[[93.072,12.211],[93.095,12.142],[93.09,12.098],[93.074,12.084],[93.037,12.133],[93.072,12.211]]],[[[92.735,12.24],[92.733,12.211],[92.74,12.236],[92.746,12.227],[92.763,12.23],[92.764,12.182],[92.721,12.191],[92.722,12.233],[92.735,12.24]]],[[[92.925,12.216],[92.941,12.217],[92.933,12.196],[92.925,12.216]]],[[[92.7,12.249],[92.696,12.247],[92.697,12.251],[92.7,12.249]]],[[[92.87,12.249],[92.862,12.243],[92.865,12.251],[92.87,12.249]]],[[[92.882,12.249],[92.879,12.249],[92.88,12.251],[92.882,12.249]]],[[[92.901,12.255],[92.914,12.232],[92.912,12.222],[92.891,12.234],[92.878,12.21],[92.871,12.246],[92.884,12.238],[92.901,12.255]]],[[[92.739,12.274],[92.735,12.27],[92.738,12.276],[92.739,12.274]]],[[[92.902,12.26],[92.899,12.261],[92.901,12.263],[92.902,12.26]]],[[[92.74,12.283],[92.743,12.255],[92.734,12.248],[92.74,12.271],[92.74,12.283]]],[[[92.737,12.283],[92.735,12.288],[92.738,12.293],[92.737,12.283]]],[[[93.103,12.261],[93.106,12.245],[93.101,12.204],[93.093,12.225],[93.063,12.231],[93.073,12.26],[93.088,12.237],[93.103,12.261]]],[[[92.755,12.293],[92.753,12.295],[92.755,12.295],[92.755,12.293]]],[[[92.767,12.272],[92.753,12.278],[92.763,12.294],[92.768,12.286],[92.767,12.272]]],[[[92.711,12.297],[92.724,12.291],[92.711,12.23],[92.7,12.276],[92.711,12.297]]],[[[92.772,12.293],[92.766,12.29],[92.771,12.295],[92.772,12.293]]],[[[92.766,12.298],[92.764,12.298],[92.766,12.3],[92.766,12.298]]],[[[93.03,12.278],[93.022,12.276],[93.03,12.28],[93.03,12.278]]],[[[92.878,12.297],[92.88,12.295],[92.877,12.294],[92.878,12.297]]],[[[92.829,12.302],[92.867,12.306],[92.869,12.29],[92.887,12.287],[92.888,12.259],[92.865,12.252],[92.859,12.245],[92.882,12.198],[92.846,12.2],[92.851,12.157],[92.823,12.166],[92.803,12.13],[92.813,12.108],[92.788,12.103],[92.793,12.081],[92.765,12.064],[92.742,12.078],[92.739,12.099],[92.765,12.176],[92.771,12.231],[92.748,12.235],[92.743,12.251],[92.751,12.275],[92.765,12.264],[92.782,12.285],[92.772,12.313],[92.796,12.304],[92.81,12.314],[92.829,12.302]]],[[[92.934,12.311],[92.942,12.276],[92.923,12.231],[92.921,12.266],[92.901,12.272],[92.902,12.289],[92.928,12.281],[92.934,12.311]]],[[[93.067,12.319],[93.073,12.316],[93.063,12.316],[93.067,12.319]]],[[[92.913,12.334],[92.911,12.333],[92.912,12.335],[92.913,12.334]]],[[[92.906,12.341],[92.905,12.338],[92.904,12.341],[92.906,12.341]]],[[[92.911,12.338],[92.91,12.351],[92.916,12.355],[92.918,12.349],[92.911,12.338]]],[[[93.868,12.294],[93.876,12.273],[93.855,12.266],[93.849,12.289],[93.868,12.294]]],[[[92.897,12.395],[92.896,12.392],[92.896,12.395],[92.897,12.395]]],[[[92.888,12.408],[92.883,12.374],[92.843,12.402],[92.888,12.408]]],[[[92.899,12.411],[92.897,12.41],[92.898,12.412],[92.899,12.411]]],[[[92.89,12.414],[92.888,12.413],[92.889,12.414],[92.89,12.414]]],[[[92.87,12.415],[92.859,12.416],[92.866,12.421],[92.87,12.415]]],[[[92.836,12.426],[92.836,12.416],[92.829,12.425],[92.836,12.426]]],[[[92.904,12.425],[92.899,12.421],[92.9,12.426],[92.904,12.425]]],[[[92.955,12.436],[92.933,12.36],[92.919,12.365],[92.931,12.416],[92.948,12.415],[92.955,12.436]]],[[[92.669,12.532],[92.685,12.54],[92.679,12.522],[92.669,12.532]]],[[[92.703,12.64],[92.701,12.639],[92.702,12.641],[92.703,12.64]]],[[[92.723,12.736],[92.729,12.73],[92.728,12.727],[92.723,12.736]]],[[[92.727,12.754],[92.726,12.752],[92.726,12.754],[92.727,12.754]]],[[[92.718,12.774],[92.717,12.774],[92.717,12.775],[92.718,12.774]]],[[[92.717,12.777],[92.716,12.776],[92.716,12.777],[92.717,12.777]]],[[[92.717,12.783],[92.716,12.784],[92.716,12.784],[92.717,12.783]]],[[[92.717,12.788],[92.725,12.766],[92.725,12.762],[92.717,12.788]]],[[[92.716,12.796],[92.715,12.795],[92.716,12.798],[92.716,12.796]]],[[[92.717,12.801],[92.716,12.8],[92.716,12.801],[92.717,12.801]]],[[[92.718,12.804],[92.716,12.803],[92.716,12.805],[92.718,12.804]]],[[[92.71,12.829],[92.712,12.777],[92.725,12.749],[92.718,12.719],[92.695,12.796],[92.71,12.829]]],[[[92.728,12.836],[92.725,12.834],[92.727,12.839],[92.728,12.836]]],[[[92.732,12.855],[92.729,12.856],[92.732,12.857],[92.732,12.855]]],[[[92.765,12.854],[92.764,12.853],[92.764,12.854],[92.765,12.854]]],[[[92.72,12.865],[92.717,12.833],[92.71,12.834],[92.72,12.865]]],[[[92.778,12.867],[92.776,12.866],[92.776,12.867],[92.778,12.867]]],[[[92.761,12.868],[92.765,12.869],[92.766,12.855],[92.761,12.868]]],[[[92.757,12.879],[92.76,12.877],[92.757,12.876],[92.757,12.879]]],[[[92.79,12.885],[92.783,12.883],[92.783,12.893],[92.792,12.891],[92.791,12.89],[92.79,12.885]]],[[[92.894,12.898],[92.892,12.899],[92.893,12.9],[92.894,12.898]]],[[[92.754,12.914],[92.756,12.892],[92.75,12.891],[92.754,12.914]]],[[[92.758,12.914],[92.758,12.912],[92.757,12.912],[92.758,12.914]]],[[[92.768,12.918],[92.768,12.916],[92.767,12.918],[92.768,12.918]]],[[[92.774,12.912],[92.801,12.898],[92.793,12.892],[92.774,12.912]]],[[[92.865,12.915],[92.863,12.914],[92.864,12.915],[92.865,12.915]]],[[[92.768,12.921],[92.762,12.922],[92.767,12.925],[92.768,12.921]]],[[[92.77,12.929],[92.776,12.926],[92.773,12.918],[92.77,12.929]]],[[[92.937,12.917],[92.932,12.917],[92.932,12.919],[92.937,12.917]]],[[[92.766,12.933],[92.762,12.927],[92.762,12.935],[92.766,12.933]]],[[[92.898,12.927],[92.922,12.913],[92.904,12.886],[92.928,12.884],[92.954,12.808],[92.934,12.774],[92.95,12.77],[92.98,12.71],[92.965,12.705],[92.949,12.629],[92.976,12.543],[92.968,12.497],[92.959,12.487],[92.947,12.5],[92.93,12.48],[92.923,12.465],[92.959,12.473],[92.915,12.444],[92.915,12.406],[92.907,12.407],[92.91,12.42],[92.892,12.436],[92.856,12.457],[92.899,12.416],[92.808,12.437],[92.831,12.428],[92.829,12.426],[92.828,12.419],[92.835,12.41],[92.829,12.411],[92.827,12.409],[92.841,12.407],[92.859,12.364],[92.884,12.356],[92.896,12.337],[92.882,12.345],[92.868,12.332],[92.888,12.332],[92.895,12.32],[92.832,12.303],[92.81,12.315],[92.795,12.306],[92.771,12.32],[92.755,12.296],[92.72,12.3],[92.699,12.328],[92.709,12.493],[92.694,12.515],[92.708,12.595],[92.685,12.609],[92.704,12.607],[92.715,12.643],[92.724,12.626],[92.752,12.671],[92.775,12.67],[92.781,12.635],[92.789,12.675],[92.786,12.698],[92.768,12.672],[92.733,12.674],[92.746,12.723],[92.721,12.788],[92.724,12.827],[92.732,12.835],[92.738,12.811],[92.741,12.837],[92.743,12.824],[92.76,12.859],[92.763,12.852],[92.77,12.846],[92.77,12.864],[92.794,12.863],[92.803,12.897],[92.831,12.885],[92.842,12.892],[92.84,12.877],[92.842,12.876],[92.859,12.878],[92.875,12.882],[92.873,12.893],[92.896,12.899],[92.898,12.927]]],[[[92.888,12.929],[92.887,12.928],[92.886,12.929],[92.888,12.929]]],[[[92.892,12.933],[92.891,12.932],[92.892,12.933],[92.892,12.933]]],[[[92.86,12.933],[92.886,12.924],[92.865,12.917],[92.86,12.933]]],[[[92.89,12.938],[92.893,12.937],[92.89,12.935],[92.89,12.938]]],[[[92.902,12.942],[92.9,12.941],[92.9,12.942],[92.902,12.942]]],[[[92.697,12.991],[92.72,12.979],[92.72,12.874],[92.7,12.84],[92.676,12.836],[92.689,12.817],[92.668,12.783],[92.648,12.862],[92.68,12.943],[92.67,12.963],[92.697,12.991]]],[[[92.913,13.004],[92.91,13.004],[92.911,13.005],[92.913,13.004]]],[[[93.006,12.997],[92.98,12.967],[92.981,12.933],[92.952,12.941],[92.974,12.946],[92.954,12.963],[92.959,12.989],[92.972,12.97],[93.006,12.997]]],[[[92.91,13.008],[92.909,13.007],[92.909,13.008],[92.91,13.008]]],[[[92.99,13.0],[92.987,13.0],[92.989,13.001],[92.99,13.0]]],[[[92.949,13.025],[92.947,13.024],[92.945,13.025],[92.949,13.025]]],[[[92.926,13.024],[92.94,13.025],[92.942,12.996],[92.921,13.001],[92.926,13.024]]],[[[92.919,13.043],[92.914,13.042],[92.917,13.048],[92.919,13.043]]],[[[92.934,13.052],[92.932,13.051],[92.932,13.053],[92.934,13.052]]],[[[92.915,13.066],[92.917,13.058],[92.914,13.067],[92.915,13.066]]],[[[92.731,13.094],[92.729,13.093],[92.731,13.095],[92.731,13.094]]],[[[92.696,13.095],[92.72,13.096],[92.702,13.071],[92.696,13.095]]],[[[92.797,13.17],[92.793,13.17],[92.795,13.171],[92.797,13.17]]],[[[93.059,13.227],[93.059,13.222],[93.058,13.226],[93.059,13.227]]],[[[93.017,13.285],[93.015,13.285],[93.016,13.285],[93.017,13.285]]],[[[93.077,13.299],[93.074,13.303],[93.079,13.301],[93.077,13.299]]],[[[93.016,13.324],[93.022,13.322],[93.022,13.301],[93.016,13.324]]],[[[92.968,13.336],[92.965,13.336],[92.97,13.339],[92.968,13.336]]],[[[93.01,13.337],[93.007,13.336],[93.009,13.337],[93.01,13.337]]],[[[93.016,13.339],[93.014,13.337],[93.014,13.339],[93.016,13.339]]],[[[93.037,13.343],[93.037,13.341],[93.037,13.341],[93.037,13.343]]],[[[93.021,13.345],[93.016,13.341],[93.019,13.346],[93.021,13.345]]],[[[93.076,13.366],[93.074,13.365],[93.074,13.365],[93.076,13.366]]],[[[93.083,13.368],[93.081,13.368],[93.082,13.37],[93.083,13.368]]],[[[93.061,13.386],[93.062,13.383],[93.061,13.383],[93.061,13.386]]],[[[92.866,13.414],[92.865,13.412],[92.865,13.413],[92.866,13.414]]],[[[92.812,13.42],[92.819,13.416],[92.814,13.403],[92.812,13.42]]],[[[93.087,13.416],[93.095,13.416],[93.089,13.41],[93.087,13.416]]],[[[92.844,13.44],[92.842,13.426],[92.822,13.421],[92.822,13.436],[92.844,13.44]]],[[[93.071,13.423],[93.067,13.422],[93.072,13.431],[93.071,13.423]]],[[[93.096,13.434],[93.103,13.435],[93.104,13.43],[93.096,13.434]]],[[[92.874,13.506],[92.867,13.507],[92.87,13.513],[92.874,13.506]]],[[[92.917,13.515],[92.916,13.507],[92.914,13.508],[92.917,13.515]]],[[[92.906,13.536],[92.912,13.534],[92.906,13.531],[92.906,13.536]]],[[[92.878,13.538],[92.874,13.537],[92.875,13.54],[92.878,13.538]]],[[[93.007,13.559],[93.005,13.558],[93.006,13.561],[93.007,13.559]]],[[[93.056,13.563],[93.052,13.564],[93.057,13.567],[93.056,13.563]]],[[[93.03,13.57],[93.043,13.505],[93.033,13.466],[93.016,13.465],[93.035,13.436],[93.016,13.433],[93.041,13.428],[93.047,13.405],[93.062,13.421],[93.06,13.398],[93.07,13.406],[93.052,13.392],[93.048,13.375],[93.045,13.378],[93.025,13.373],[93.049,13.374],[93.056,13.382],[93.09,13.336],[93.065,13.304],[93.061,13.329],[93.04,13.322],[93.046,13.346],[93.042,13.368],[93.032,13.345],[93.003,13.354],[92.987,13.329],[92.971,13.36],[92.95,13.344],[92.959,13.326],[92.998,13.315],[92.986,13.299],[92.992,13.292],[93.009,13.321],[93.022,13.294],[93.011,13.297],[93.012,13.277],[93.046,13.282],[93.045,13.259],[93.066,13.272],[93.032,13.179],[93.035,13.083],[93.003,13.029],[92.965,13.037],[92.972,13.013],[92.935,13.043],[92.944,13.055],[92.936,13.087],[92.924,13.057],[92.913,13.076],[92.904,13.08],[92.911,13.061],[92.897,13.059],[92.89,13.052],[92.888,13.045],[92.916,13.055],[92.902,13.022],[92.908,13.0],[92.939,12.972],[92.913,12.947],[92.907,12.986],[92.897,12.996],[92.881,12.982],[92.877,12.944],[92.855,12.94],[92.858,12.903],[92.876,12.909],[92.87,12.89],[92.873,12.883],[92.842,12.877],[92.842,12.892],[92.83,12.886],[92.794,12.914],[92.795,12.987],[92.818,12.986],[92.808,12.998],[92.825,13.013],[92.788,13.02],[92.797,13.09],[92.81,13.074],[92.808,13.099],[92.822,13.096],[92.825,13.115],[92.81,13.127],[92.842,13.127],[92.848,13.141],[92.81,13.153],[92.815,13.175],[92.835,13.174],[92.819,13.184],[92.828,13.237],[92.854,13.236],[92.851,13.263],[92.822,13.279],[92.842,13.301],[92.822,13.311],[92.84,13.375],[92.867,13.382],[92.842,13.399],[92.849,13.412],[92.868,13.403],[92.884,13.43],[92.872,13.472],[92.93,13.502],[92.915,13.534],[92.954,13.544],[92.99,13.527],[92.988,13.573],[93.01,13.542],[93.017,13.571],[93.03,13.57]]],[[[94.26,13.436],[94.246,13.443],[94.253,13.462],[94.276,13.469],[94.26,13.436]]],[[[92.888,13.595],[92.903,13.596],[92.885,13.575],[92.888,13.595]]],[[[93.043,13.638],[93.066,13.65],[93.047,13.621],[93.043,13.638]]],[[[93.016,13.676],[93.032,13.634],[93.026,13.627],[92.977,13.655],[93.016,13.676]]]]}},{"type":"Feature","properties":{"sid":"S1","name":"Andhra Pradesh","shd_src_id":"2"},"geometry":{"type":"Polygon","coordinates":[[[83.411,19.002],[83.463,18.955],[83.468,18.991],[83.45,19.009],[83.482,19.01],[83.463,19.064],[83.474,19.095],[83.517,19.057],[83.517,19.031],[83.497,19.035],[83.501,19.02],[83.537,19.009],[83.558,19.056],[83.549,19.08],[83.56,19.087],[83.564,19.058],[83.584,19.057],[83.586,19.086],[83.611,19.096],[83.599,19.13],[83.626,19.162],[83.7,19.025],[83.73,19.022],[83.71,19.002],[83.733,18.987],[83.754,18.925],[83.788,18.916],[83.745,18.988],[83.795,19.018],[83.827,18.916],[83.846,18.913],[83.846,18.869],[83.893,18.816],[83.914,18.829],[83.948,18.806],[84.037,18.817],[84.089,18.758],[84.136,18.762],[84.162,18.79],[84.188,18.779],[84.193,18.793],[84.235,18.799],[84.259,18.784],[84.287,18.805],[84.319,18.788],[84.342,18.803],[84.329,18.819],[84.363,18.84],[84.333,18.86],[84.331,18.883],[84.372,18.863],[84.382,18.875],[84.368,18.882],[84.358,18.895],[84.39,18.878],[84.395,18.892],[84.379,18.904],[84.416,18.898],[84.417,18.919],[84.426,18.91],[84.436,18.922],[84.422,18.948],[84.45,18.979],[84.43,18.996],[84.419,19.023],[84.474,18.99],[84.514,19.049],[84.571,19.075],[84.595,19.022],[84.616,19.067],[84.668,19.075],[84.657,19.095],[84.623,19.086],[84.593,19.133],[84.665,19.131],[84.669,19.167],[84.708,19.16],[84.704,19.117],[84.766,19.077],[84.683,18.966],[84.604,18.89],[84.552,18.791],[84.369,18.594],[84.355,18.555],[84.172,18.396],[84.126,18.313],[83.946,18.209],[83.889,18.196],[83.702,18.102],[83.571,18.011],[83.544,17.962],[83.469,17.911],[83.418,17.854],[83.411,17.809],[83.216,17.591],[82.634,17.305],[82.473,17.199],[82.327,17.065],[82.29,17.013],[82.278,16.951],[82.249,16.931],[82.272,16.878],[82.314,16.846],[82.349,16.85],[82.36,16.928],[82.325,16.99],[82.347,16.985],[82.364,16.951],[82.339,16.716],[82.372,16.762],[82.372,16.746],[82.319,16.645],[82.327,16.601],[82.304,16.572],[81.958,16.392],[81.878,16.383],[81.721,16.307],[81.697,16.31],[81.682,16.331],[81.48,16.353],[81.394,16.342],[81.303,16.302],[81.224,16.216],[81.196,16.119],[81.143,16.024],[81.141,15.974],[81.008,15.841],[81.021,15.765],[80.944,15.721],[80.824,15.713],[80.792,15.748],[80.772,15.799],[80.809,15.748],[80.795,15.815],[80.813,15.831],[80.8,15.848],[80.799,15.832],[80.741,15.873],[80.663,15.88],[80.454,15.816],[80.365,15.763],[80.289,15.693],[80.241,15.607],[80.209,15.481],[80.11,15.345],[80.084,15.264],[80.086,15.19],[80.047,15.083],[80.098,14.78],[80.197,14.582],[80.127,14.164],[80.147,14.042],[80.194,13.961],[80.253,13.778],[80.234,13.658],[80.269,13.565],[80.242,13.471],[80.215,13.49],[80.145,13.491],[80.139,13.504],[80.078,13.489],[80.081,13.55],[80.057,13.537],[80.003,13.544],[80.001,13.526],[80.048,13.512],[80.047,13.494],[80.016,13.498],[80.008,13.478],[79.972,13.469],[79.973,13.43],[79.935,13.416],[79.963,13.391],[79.938,13.355],[79.916,13.36],[79.863,13.317],[79.809,13.317],[79.792,13.293],[79.761,13.318],[79.757,13.295],[79.734,13.289],[79.795,13.242],[79.794,13.226],[79.755,13.206],[79.737,13.236],[79.716,13.216],[79.702,13.224],[79.709,13.251],[79.684,13.244],[79.678,13.262],[79.696,13.267],[79.682,13.296],[79.665,13.279],[79.642,13.29],[79.632,13.27],[79.596,13.285],[79.579,13.258],[79.535,13.275],[79.537,13.339],[79.456,13.339],[79.435,13.352],[79.382,13.307],[79.42,13.29],[79.445,13.301],[79.434,13.275],[79.408,13.265],[79.418,13.243],[79.438,13.243],[79.431,13.23],[79.453,13.238],[79.438,13.188],[79.374,13.189],[79.388,13.177],[79.369,13.173],[79.38,13.163],[79.356,13.165],[79.36,13.124],[79.345,13.121],[79.341,13.137],[79.307,13.106],[79.294,13.11],[79.312,13.126],[79.284,13.123],[79.28,13.153],[79.257,13.161],[79.245,13.138],[79.235,13.171],[79.21,13.148],[79.233,13.139],[79.234,13.105],[79.181,13.084],[79.192,13.067],[79.18,13.049],[79.193,13.047],[79.163,13.02],[79.114,13.039],[79.081,13.026],[79.063,13.053],[78.995,13.087],[78.924,13.081],[78.904,13.048],[78.929,13.046],[78.941,13.036],[78.937,13.03],[78.892,13.033],[78.891,13.097],[78.842,13.079],[78.813,13.089],[78.794,13.067],[78.752,13.055],[78.714,13.069],[78.705,13.015],[78.656,13.031],[78.655,13.015],[78.621,12.991],[78.657,12.932],[78.633,12.932],[78.592,12.783],[78.556,12.756],[78.556,12.7],[78.535,12.691],[78.53,12.71],[78.544,12.711],[78.493,12.747],[78.52,12.712],[78.503,12.717],[78.499,12.676],[78.468,12.676],[78.465,12.624],[78.427,12.635],[78.379,12.625],[78.301,12.666],[78.272,12.705],[78.244,12.706],[78.238,12.686],[78.199,12.695],[78.241,12.73],[78.231,12.761],[78.252,12.861],[78.312,12.859],[78.314,12.876],[78.337,12.882],[78.32,12.887],[78.323,12.902],[78.344,12.908],[78.354,12.94],[78.389,12.907],[78.446,12.912],[78.465,12.867],[78.467,12.905],[78.438,12.929],[78.419,12.922],[78.411,12.945],[78.438,12.964],[78.435,12.981],[78.467,12.975],[78.462,13.043],[78.514,13.062],[78.509,13.091],[78.538,13.106],[78.517,13.132],[78.545,13.142],[78.55,13.164],[78.58,13.167],[78.576,13.187],[78.55,13.2],[78.579,13.213],[78.566,13.221],[78.587,13.281],[78.565,13.312],[78.562,13.289],[78.539,13.288],[78.532,13.267],[78.514,13.291],[78.479,13.301],[78.483,13.321],[78.444,13.308],[78.44,13.328],[78.401,13.315],[78.377,13.332],[78.409,13.343],[78.365,13.362],[78.382,13.397],[78.374,13.509],[78.401,13.588],[78.259,13.582],[78.236,13.599],[78.193,13.565],[78.204,13.628],[78.168,13.633],[78.168,13.656],[78.087,13.643],[78.09,13.659],[78.066,13.676],[78.069,13.698],[78.113,13.693],[78.121,13.716],[78.091,13.742],[78.127,13.787],[78.115,13.863],[78.082,13.861],[78.079,13.881],[78.049,13.896],[78.046,13.862],[78.0,13.873],[77.976,13.829],[77.953,13.827],[77.949,13.886],[77.985,13.897],[77.987,13.955],[77.967,13.96],[77.927,13.905],[77.896,13.92],[77.896,13.941],[77.827,13.945],[77.813,13.915],[77.837,13.87],[77.782,13.844],[77.782,13.818],[77.719,13.8],[77.717,13.741],[77.703,13.77],[77.672,13.76],[77.68,13.787],[77.651,13.784],[77.618,13.763],[77.642,13.748],[77.631,13.736],[77.6,13.751],[77.561,13.722],[77.547,13.753],[77.525,13.753],[77.537,13.731],[77.528,13.693],[77.512,13.697],[77.514,13.713],[77.485,13.715],[77.492,13.69],[77.455,13.682],[77.465,13.806],[77.423,13.799],[77.432,13.843],[77.382,13.839],[77.362,13.854],[77.325,13.833],[77.311,13.867],[77.257,13.847],[77.248,13.901],[77.236,13.904],[77.22,13.868],[77.211,13.886],[77.2,13.863],[77.181,13.87],[77.185,13.925],[77.162,13.907],[77.169,13.865],[77.128,13.856],[77.169,13.83],[77.157,13.806],[77.178,13.783],[77.173,13.762],[77.09,13.767],[77.086,13.743],[77.065,13.744],[77.043,13.778],[77.024,13.779],[77.016,13.738],[76.998,13.746],[76.978,13.827],[77.014,13.86],[77.023,13.903],[77.047,13.907],[77.042,13.933],[76.994,13.963],[76.999,13.99],[76.931,14.03],[76.932,14.054],[76.972,14.058],[76.978,14.071],[76.925,14.137],[76.886,14.138],[76.894,14.168],[76.942,14.173],[76.948,14.198],[76.961,14.182],[77.023,14.177],[77.015,14.1],[77.03,14.088],[77.028,14.062],[77.079,14.043],[77.127,14.047],[77.149,14.001],[77.245,14.012],[77.27,14.034],[77.275,14.011],[77.322,14.03],[77.336,13.995],[77.361,13.991],[77.349,13.958],[77.371,13.953],[77.348,13.916],[77.358,13.903],[77.398,13.906],[77.399,13.888],[77.435,13.915],[77.412,13.946],[77.435,13.948],[77.438,13.976],[77.426,13.986],[77.382,13.976],[77.39,14.017],[77.332,14.031],[77.34,14.06],[77.36,14.063],[77.401,14.119],[77.391,14.127],[77.347,14.104],[77.352,14.131],[77.379,14.136],[77.394,14.174],[77.503,14.157],[77.517,14.184],[77.493,14.231],[77.498,14.279],[77.479,14.292],[77.45,14.281],[77.446,14.317],[77.431,14.313],[77.406,14.338],[77.377,14.308],[77.418,14.226],[77.418,14.209],[77.393,14.199],[77.359,14.234],[77.364,14.276],[77.283,14.283],[77.286,14.34],[77.238,14.317],[77.139,14.34],[77.11,14.268],[77.117,14.226],[77.101,14.217],[77.081,14.214],[77.052,14.246],[76.94,14.245],[76.925,14.274],[76.957,14.294],[76.885,14.348],[76.885,14.396],[76.916,14.421],[76.943,14.4],[76.945,14.451],[76.96,14.451],[76.975,14.485],[76.901,14.489],[76.868,14.474],[76.856,14.51],[76.806,14.531],[76.782,14.597],[76.765,14.602],[76.775,14.681],[76.803,14.742],[76.783,14.786],[76.837,14.791],[76.837,14.811],[76.854,14.809],[76.845,14.889],[76.864,14.896],[76.87,14.938],[76.867,14.97],[76.828,14.956],[76.767,14.976],[76.761,14.99],[76.79,15.021],[76.777,15.078],[76.8,15.096],[76.836,15.079],[76.866,15.06],[76.877,15.03],[76.918,15.035],[76.985,15.015],[77.004,15.034],[77.05,15.033],[77.044,15.01],[77.082,15.006],[77.085,15.031],[77.113,15.034],[77.13,15.101],[77.156,15.123],[77.157,15.141],[77.135,15.15],[77.169,15.171],[77.148,15.224],[77.125,15.227],[77.167,15.269],[77.147,15.273],[77.152,15.292],[77.118,15.295],[77.113,15.334],[77.064,15.328],[77.042,15.362],[77.047,15.39],[77.029,15.404],[77.032,15.436],[76.974,15.5],[76.975,15.511],[77.03,15.503],[77.03,15.635],[77.083,15.659],[77.121,15.631],[77.129,15.666],[77.079,15.695],[77.08,15.727],[77.046,15.74],[77.067,15.788],[77.065,15.828],[77.025,15.838],[77.072,15.91],[77.155,15.95],[77.249,15.965],[77.379,15.94],[77.43,15.949],[77.611,15.918],[77.659,15.885],[77.724,15.896],[77.803,15.874],[77.859,15.884],[77.888,15.906],[78.009,15.862],[78.032,15.907],[78.084,15.841],[78.134,15.836],[78.136,15.855],[78.175,15.858],[78.184,15.91],[78.252,15.935],[78.261,16.026],[78.312,16.012],[78.327,16.037],[78.408,16.075],[78.552,16.043],[78.627,16.088],[78.681,16.035],[78.736,16.008],[78.783,16.02],[78.838,16.072],[78.834,16.145],[78.872,16.144],[78.896,16.086],[78.922,16.105],[78.905,16.183],[78.986,16.211],[79.009,16.24],[79.101,16.223],[79.12,16.232],[79.157,16.209],[79.215,16.226],[79.234,16.334],[79.21,16.358],[79.212,16.447],[79.233,16.459],[79.215,16.488],[79.257,16.566],[79.419,16.58],[79.447,16.62],[79.542,16.632],[79.599,16.673],[79.633,16.66],[79.682,16.694],[79.723,16.69],[79.774,16.731],[79.817,16.692],[79.851,16.706],[79.878,16.697],[79.91,16.634],[79.963,16.644],[79.997,16.702],[80.055,16.745],[80.071,16.802],[80.047,16.853],[79.999,16.865],[80.017,16.915],[80.04,16.918],[80.055,16.971],[80.092,16.968],[80.095,16.991],[80.14,16.991],[80.187,17.02],[80.196,17.044],[80.211,17.01],[80.294,16.996],[80.316,16.948],[80.322,16.88],[80.374,16.852],[80.381,16.817],[80.408,16.848],[80.378,16.852],[80.383,16.865],[80.464,16.82],[80.464,16.795],[80.57,16.768],[80.613,16.794],[80.563,16.833],[80.568,16.869],[80.596,16.885],[80.587,16.904],[80.602,16.919],[80.535,16.961],[80.526,16.948],[80.499,16.956],[80.493,16.927],[80.45,16.955],[80.363,16.976],[80.407,17.016],[80.386,17.068],[80.409,17.092],[80.439,17.038],[80.465,17.03],[80.471,17.05],[80.505,17.069],[80.514,17.122],[80.563,17.133],[80.58,17.153],[80.671,17.101],[80.654,17.069],[80.739,17.08],[80.845,17.04],[80.877,17.07],[80.868,17.123],[80.879,17.161],[80.924,17.158],[80.919,17.22],[81.031,17.19],[81.055,17.225],[81.08,17.215],[81.174,17.23],[81.19,17.325],[81.274,17.317],[81.323,17.375],[81.312,17.409],[81.205,17.45],[81.193,17.436],[81.172,17.449],[81.176,17.464],[81.148,17.464],[81.16,17.484],[81.142,17.489],[81.127,17.526],[81.098,17.504],[81.02,17.52],[80.974,17.592],[80.922,17.575],[80.864,17.599],[80.853,17.628],[80.902,17.64],[80.877,17.655],[80.895,17.701],[80.886,17.736],[80.973,17.78],[80.991,17.75],[81.058,17.733],[81.104,17.772],[81.086,17.798],[81.094,17.809],[81.166,17.858],[81.265,17.811],[81.354,17.813],[81.393,17.795],[81.398,17.821],[81.417,17.814],[81.476,17.838],[81.492,17.813],[81.574,17.839],[81.617,17.823],[81.672,17.888],[81.701,17.903],[81.71,17.874],[81.726,17.879],[81.808,17.956],[81.962,18.001],[82.008,18.031],[82.006,18.057],[82.031,18.07],[82.06,18.056],[82.075,18.076],[82.132,18.061],[82.136,18.045],[82.167,18.053],[82.186,18.016],[82.265,17.996],[82.26,18.042],[82.29,18.07],[82.303,18.069],[82.307,18.046],[82.321,18.061],[82.339,18.056],[82.35,18.077],[82.334,18.107],[82.338,18.151],[82.361,18.136],[82.371,18.149],[82.314,18.185],[82.309,18.205],[82.335,18.225],[82.323,18.232],[82.343,18.281],[82.375,18.281],[82.391,18.299],[82.387,18.329],[82.354,18.317],[82.337,18.327],[82.384,18.368],[82.363,18.422],[82.481,18.549],[82.504,18.514],[82.532,18.511],[82.534,18.478],[82.519,18.466],[82.539,18.445],[82.541,18.458],[82.561,18.448],[82.536,18.406],[82.595,18.389],[82.621,18.36],[82.602,18.352],[82.609,18.327],[82.58,18.316],[82.597,18.305],[82.586,18.277],[82.636,18.237],[82.651,18.251],[82.641,18.303],[82.665,18.299],[82.772,18.341],[82.798,18.407],[82.781,18.431],[82.802,18.45],[82.851,18.421],[82.895,18.424],[82.894,18.381],[82.938,18.361],[82.969,18.361],[83.02,18.392],[83.053,18.381],[83.075,18.404],[83.056,18.42],[83.065,18.431],[83.041,18.425],[83.019,18.457],[83.093,18.548],[83.043,18.545],[83.028,18.574],[83.051,18.6],[83.024,18.59],[82.999,18.609],[83.011,18.647],[83.056,18.666],[83.121,18.759],[83.113,18.769],[83.137,18.786],[83.205,18.752],[83.211,18.731],[83.223,18.776],[83.269,18.765],[83.283,18.799],[83.329,18.807],[83.364,18.844],[83.378,18.832],[83.404,18.843],[83.413,18.874],[83.376,18.898],[83.39,18.91],[83.358,18.916],[83.352,18.943],[83.37,18.942],[83.371,18.926],[83.387,18.933],[83.352,18.967],[83.348,18.926],[83.334,18.925],[83.335,18.968],[83.31,18.996],[83.339,18.997],[83.356,19.02],[83.37,19.004],[83.411,19.002]],[[82.23,16.762],[82.187,16.728],[82.261,16.702],[82.293,16.71],[82.311,16.735],[82.302,16.755],[82.289,16.735],[82.228,16.73],[82.218,16.743],[82.23,16.762]],[[84.34,18.778],[84.339,18.79],[84.329,18.787],[84.34,18.778]],[[84.353,18.79],[84.35,18.787],[84.352,18.786],[84.353,18.79]]]}},{"type":"Feature","properties":{"sid":"S2","name":"Arunanchal Pradesh","shd_src_id":"3"},"geometry":{"type":"Polygon","coordinates":[[[96.067,29.466],[96.176,29.345],[96.18,29.308],[96.235,29.242],[96.29,29.245],[96.354,29.292],[96.381,29.255],[96.342,29.178],[96.245,29.166],[96.211,29.148],[96.174,29.099],[96.102,29.079],[96.141,29.058],[96.171,28.999],[96.172,28.97],[96.142,28.957],[96.135,28.935],[96.161,28.898],[96.22,28.93],[96.327,29.028],[96.423,29.038],[96.514,29.074],[96.465,28.983],[96.481,28.959],[96.509,28.966],[96.526,28.882],[96.609,28.78],[96.579,28.712],[96.467,28.675],[96.487,28.639],[96.474,28.622],[96.425,28.582],[96.402,28.581],[96.4,28.559],[96.345,28.554],[96.319,28.526],[96.362,28.48],[96.253,28.407],[96.317,28.378],[96.363,28.386],[96.395,28.336],[96.417,28.341],[96.457,28.414],[96.505,28.411],[96.571,28.452],[96.641,28.458],[96.741,28.414],[96.77,28.367],[96.835,28.361],[96.89,28.378],[96.926,28.337],[96.988,28.303],[97.075,28.35],[97.106,28.347],[97.171,28.286],[97.295,28.262],[97.401,28.192],[97.401,28.181],[97.364,28.189],[97.328,28.15],[97.347,28.11],[97.31,28.075],[97.326,28.053],[97.381,28.059],[97.376,28.04],[97.413,28.015],[97.373,27.968],[97.374,27.88],[97.309,27.915],[97.249,27.899],[97.104,27.77],[97.094,27.74],[97.036,27.742],[96.983,27.664],[96.942,27.661],[96.897,27.609],[96.897,27.582],[96.912,27.581],[96.913,27.544],[96.93,27.524],[96.903,27.452],[96.961,27.404],[96.962,27.373],[96.998,27.319],[97.028,27.308],[97.089,27.238],[97.09,27.214],[97.164,27.142],[97.139,27.091],[97.1,27.108],[97.063,27.091],[97.03,27.132],[96.985,27.154],[96.874,27.181],[96.855,27.21],[96.885,27.226],[96.885,27.259],[96.847,27.271],[96.848,27.29],[96.796,27.346],[96.705,27.372],[96.697,27.358],[96.605,27.366],[96.596,27.334],[96.551,27.318],[96.524,27.287],[96.441,27.306],[96.387,27.285],[96.307,27.294],[96.271,27.272],[96.228,27.279],[96.023,27.18],[95.946,27.052],[95.87,27.013],[95.802,27.015],[95.755,26.954],[95.745,26.896],[95.724,26.882],[95.667,26.903],[95.632,26.874],[95.608,26.813],[95.543,26.835],[95.507,26.809],[95.483,26.747],[95.459,26.744],[95.431,26.701],[95.336,26.674],[95.304,26.651],[95.259,26.656],[95.213,26.729],[95.241,26.781],[95.212,26.793],[95.196,26.834],[95.205,26.845],[95.181,26.859],[95.23,26.885],[95.212,26.965],[95.192,26.985],[95.193,27.036],[95.211,27.029],[95.232,27.043],[95.247,27.024],[95.355,27.104],[95.375,27.093],[95.421,27.126],[95.453,27.129],[95.467,27.182],[95.458,27.209],[95.509,27.262],[95.545,27.26],[95.587,27.223],[95.72,27.249],[95.801,27.284],[95.805,27.273],[95.859,27.287],[95.856,27.271],[95.892,27.255],[95.897,27.282],[95.96,27.311],[95.989,27.356],[96.018,27.365],[95.969,27.428],[95.955,27.42],[95.941,27.437],[95.908,27.434],[95.886,27.398],[95.883,27.435],[95.86,27.408],[95.845,27.422],[95.887,27.497],[95.877,27.544],[95.814,27.574],[95.816,27.599],[95.791,27.6],[95.779,27.624],[95.796,27.642],[95.77,27.658],[95.79,27.68],[95.768,27.687],[95.752,27.721],[95.779,27.734],[95.776,27.754],[95.838,27.824],[95.87,27.833],[95.925,27.882],[95.916,27.889],[95.938,27.898],[95.971,27.963],[95.824,27.971],[95.605,27.955],[95.52,27.881],[95.38,27.839],[95.309,27.868],[94.922,27.75],[94.852,27.728],[94.841,27.701],[94.794,27.695],[94.754,27.661],[94.688,27.665],[94.683,27.646],[94.499,27.572],[94.478,27.576],[94.462,27.555],[94.432,27.6],[94.364,27.574],[94.298,27.602],[94.278,27.589],[94.254,27.614],[94.262,27.636],[94.238,27.633],[94.21,27.605],[94.227,27.598],[94.225,27.574],[94.259,27.555],[94.268,27.521],[94.157,27.475],[94.159,27.462],[94.09,27.407],[94.06,27.362],[93.991,27.328],[93.806,27.149],[93.794,27.135],[93.825,27.116],[93.838,27.085],[93.829,27.067],[93.803,27.058],[93.794,27.072],[93.8,27.058],[93.784,27.051],[93.781,27.065],[93.778,27.049],[93.771,27.062],[93.767,27.039],[93.665,26.969],[93.489,26.936],[93.324,26.96],[93.022,26.913],[92.917,26.963],[92.918,26.982],[92.887,27.0],[92.672,27.032],[92.645,26.987],[92.583,26.96],[92.447,26.959],[92.398,26.925],[92.363,26.935],[92.303,26.923],[92.303,26.907],[92.276,26.902],[92.12,26.889],[92.118,26.974],[92.078,27.017],[92.082,27.041],[92.044,27.051],[92.023,27.11],[92.036,27.135],[92.027,27.168],[92.058,27.19],[92.073,27.233],[92.038,27.258],[92.067,27.277],[92.103,27.269],[92.125,27.282],[92.065,27.327],[92.048,27.363],[92.058,27.4],[92.022,27.448],[92.019,27.478],[91.944,27.46],[91.849,27.486],[91.825,27.468],[91.767,27.465],[91.715,27.475],[91.695,27.505],[91.652,27.483],[91.566,27.583],[91.584,27.608],[91.564,27.641],[91.629,27.699],[91.645,27.763],[91.615,27.822],[91.566,27.819],[91.554,27.851],[91.57,27.848],[91.576,27.864],[91.663,27.853],[91.71,27.808],[91.761,27.8],[91.821,27.816],[91.862,27.74],[91.928,27.723],[91.994,27.771],[92.051,27.764],[92.219,27.87],[92.278,27.869],[92.313,27.788],[92.385,27.801],[92.39,27.821],[92.416,27.831],[92.456,27.814],[92.503,27.854],[92.556,27.824],[92.615,27.895],[92.658,27.902],[92.742,27.993],[92.721,28.031],[92.667,28.064],[92.688,28.127],[92.815,28.211],[92.836,28.179],[92.897,28.205],[92.923,28.24],[92.963,28.259],[92.997,28.229],[93.028,28.269],[93.022,28.31],[93.218,28.326],[93.224,28.405],[93.18,28.435],[93.278,28.501],[93.302,28.599],[93.325,28.609],[93.333,28.639],[93.406,28.651],[93.446,28.675],[93.47,28.653],[93.496,28.686],[93.522,28.659],[93.619,28.653],[93.74,28.685],[93.784,28.663],[93.851,28.707],[93.936,28.666],[93.962,28.694],[93.973,28.743],[94.01,28.773],[93.987,28.804],[94.007,28.841],[94.164,28.957],[94.186,29.029],[94.224,29.088],[94.294,29.145],[94.362,29.153],[94.375,29.185],[94.438,29.223],[94.551,29.221],[94.631,29.341],[94.741,29.275],[94.793,29.215],[94.804,29.162],[94.879,29.175],[94.916,29.152],[94.958,29.156],[95.022,29.134],[94.975,29.157],[94.98,29.173],[94.993,29.171],[95.095,29.14],[95.106,29.119],[95.242,29.111],[95.242,29.064],[95.26,29.054],[95.288,29.063],[95.411,29.031],[95.44,29.037],[95.466,29.066],[95.481,29.143],[95.531,29.13],[95.527,29.216],[95.572,29.223],[95.583,29.261],[95.619,29.25],[95.66,29.272],[95.777,29.362],[95.782,29.341],[95.831,29.359],[95.862,29.395],[95.942,29.388],[96.067,29.466]]]}},{"type":"Feature","properties":{"sid":"S3","name":"Assam","shd_src_id":"4"},"geometry":{"type":"Polygon","coordinates":[[[95.97,27.96],[95.938,27.898],[95.916,27.889],[95.925,27.882],[95.87,27.833],[95.838,27.824],[95.776,27.754],[95.779,27.734],[95.752,27.721],[95.768,27.687],[95.79,27.68],[95.77,27.658],[95.796,27.642],[95.779,27.624],[95.791,27.6],[95.816,27.599],[95.814,27.574],[95.877,27.544],[95.887,27.497],[95.845,27.422],[95.86,27.408],[95.883,27.435],[95.886,27.398],[95.908,27.434],[95.941,27.437],[95.955,27.42],[95.969,27.428],[96.018,27.365],[95.989,27.356],[95.96,27.311],[95.897,27.282],[95.892,27.255],[95.856,27.271],[95.859,27.287],[95.805,27.273],[95.801,27.284],[95.72,27.249],[95.587,27.223],[95.545,27.26],[95.509,27.262],[95.458,27.209],[95.467,27.182],[95.453,27.129],[95.421,27.126],[95.375,27.093],[95.355,27.104],[95.247,27.024],[95.232,27.043],[95.211,27.029],[95.193,27.036],[95.102,26.962],[95.017,26.921],[94.983,26.913],[94.961,26.937],[94.931,26.933],[94.923,26.946],[94.874,26.918],[94.818,26.848],[94.814,26.82],[94.795,26.814],[94.803,26.801],[94.77,26.789],[94.758,26.766],[94.74,26.776],[94.692,26.732],[94.62,26.712],[94.61,26.737],[94.597,26.735],[94.594,26.697],[94.577,26.701],[94.566,26.684],[94.562,26.705],[94.539,26.706],[94.493,26.666],[94.46,26.662],[94.465,26.633],[94.403,26.611],[94.413,26.577],[94.401,26.534],[94.372,26.506],[94.348,26.504],[94.353,26.49],[94.326,26.482],[94.317,26.458],[94.29,26.48],[94.285,26.561],[94.256,26.541],[94.172,26.43],[94.178,26.382],[94.16,26.354],[94.175,26.34],[94.105,26.32],[94.075,26.264],[94.048,26.249],[94.032,26.198],[94.001,26.172],[93.987,26.067],[93.953,26.003],[93.979,25.917],[93.916,25.884],[93.882,25.843],[93.84,25.857],[93.795,25.809],[93.778,25.85],[93.796,25.907],[93.777,25.968],[93.765,25.97],[93.751,25.933],[93.682,25.904],[93.714,25.845],[93.646,25.822],[93.617,25.776],[93.568,25.758],[93.542,25.731],[93.541,25.699],[93.522,25.698],[93.497,25.655],[93.461,25.632],[93.427,25.632],[93.359,25.555],[93.327,25.546],[93.385,25.491],[93.39,25.461],[93.458,25.431],[93.474,25.38],[93.449,25.34],[93.47,25.305],[93.381,25.24],[93.346,25.169],[93.332,25.093],[93.3,25.046],[93.264,25.049],[93.244,25.018],[93.263,24.961],[93.237,24.937],[93.249,24.915],[93.235,24.911],[93.226,24.873],[93.195,24.854],[93.197,24.811],[93.149,24.787],[93.139,24.81],[93.109,24.811],[93.108,24.741],[93.074,24.708],[93.104,24.674],[93.071,24.601],[93.104,24.582],[93.058,24.574],[93.071,24.558],[93.05,24.544],[93.033,24.495],[93.046,24.474],[93.042,24.413],[93.012,24.417],[92.994,24.399],[92.974,24.408],[92.959,24.392],[92.909,24.413],[92.903,24.391],[92.861,24.398],[92.83,24.374],[92.83,24.4],[92.799,24.419],[92.763,24.521],[92.685,24.347],[92.661,24.348],[92.646,24.328],[92.625,24.334],[92.612,24.253],[92.551,24.247],[92.534,24.18],[92.484,24.163],[92.465,24.136],[92.437,24.153],[92.419,24.192],[92.423,24.255],[92.213,24.25],[92.274,24.388],[92.259,24.439],[92.23,24.462],[92.23,24.502],[92.213,24.504],[92.231,24.531],[92.254,24.678],[92.296,24.736],[92.279,24.745],[92.289,24.785],[92.273,24.827],[92.241,24.842],[92.248,24.885],[92.233,24.9],[92.299,24.916],[92.4,24.849],[92.437,24.856],[92.445,24.872],[92.488,24.871],[92.487,24.947],[92.449,24.939],[92.468,24.963],[92.42,24.966],[92.416,24.99],[92.438,25.044],[92.464,25.038],[92.457,25.054],[92.481,25.108],[92.539,25.099],[92.522,25.139],[92.621,25.115],[92.663,25.177],[92.803,25.216],[92.762,25.247],[92.792,25.282],[92.787,25.314],[92.782,25.333],[92.75,25.344],[92.738,25.379],[92.718,25.373],[92.674,25.414],[92.662,25.406],[92.654,25.434],[92.64,25.418],[92.626,25.435],[92.628,25.422],[92.607,25.413],[92.599,25.468],[92.565,25.465],[92.574,25.49],[92.643,25.535],[92.661,25.572],[92.653,25.591],[92.595,25.552],[92.572,25.557],[92.557,25.571],[92.554,25.615],[92.506,25.616],[92.47,25.675],[92.441,25.692],[92.444,25.72],[92.407,25.745],[92.382,25.742],[92.384,25.754],[92.334,25.724],[92.225,25.716],[92.17,25.667],[92.156,25.672],[92.144,25.717],[92.163,25.741],[92.151,25.817],[92.177,25.873],[92.226,25.909],[92.155,25.911],[92.152,25.944],[92.181,25.985],[92.263,26.033],[92.275,26.066],[92.169,26.078],[92.133,26.044],[91.989,26.039],[91.919,25.998],[91.915,26.02],[91.867,26.042],[91.879,26.098],[91.825,26.119],[91.791,26.085],[91.731,26.059],[91.72,25.954],[91.671,25.904],[91.61,25.937],[91.641,25.964],[91.626,25.987],[91.631,26.022],[91.597,26.018],[91.58,26.033],[91.551,25.977],[91.518,25.96],[91.503,25.914],[91.537,25.931],[91.475,25.874],[91.513,25.866],[91.527,25.891],[91.53,25.871],[91.445,25.84],[91.423,25.854],[91.335,25.841],[91.275,25.75],[91.222,25.723],[91.178,25.777],[91.204,25.843],[91.196,25.861],[91.18,25.844],[91.148,25.85],[91.062,25.821],[91.049,25.829],[91.078,25.853],[91.048,25.849],[91.006,25.82],[91.03,25.886],[90.969,25.885],[90.947,25.948],[90.917,25.944],[90.917,25.914],[90.884,25.95],[90.836,25.937],[90.836,25.948],[90.809,25.952],[90.766,25.908],[90.761,25.922],[90.745,25.912],[90.739,25.916],[90.754,25.93],[90.74,25.939],[90.748,25.957],[90.718,25.955],[90.632,25.92],[90.622,25.898],[90.606,25.917],[90.624,25.939],[90.588,25.958],[90.515,25.896],[90.535,25.95],[90.476,26.01],[90.425,25.989],[90.4,26.013],[90.372,26.011],[90.325,25.973],[90.203,25.961],[90.187,25.944],[90.151,25.967],[90.116,25.957],[90.042,25.888],[90.019,25.892],[90.006,25.879],[90.022,25.86],[90.004,25.839],[89.948,25.825],[89.959,25.78],[89.938,25.745],[89.895,25.745],[89.95,25.656],[90.02,25.607],[90.003,25.585],[89.984,25.591],[89.972,25.573],[89.878,25.55],[89.868,25.524],[89.886,25.508],[89.852,25.468],[89.854,25.504],[89.87,25.512],[89.851,25.539],[89.866,25.546],[89.882,25.626],[89.851,25.713],[89.828,25.728],[89.84,25.767],[89.817,25.815],[89.835,25.841],[89.833,25.871],[89.887,25.945],[89.826,25.946],[89.849,25.949],[89.839,25.968],[89.867,25.972],[89.871,25.981],[89.836,26.013],[89.836,25.982],[89.82,25.988],[89.807,26.044],[89.798,26.025],[89.791,26.018],[89.788,26.019],[89.802,26.04],[89.774,26.038],[89.799,26.06],[89.795,26.087],[89.781,26.083],[89.783,26.106],[89.756,26.11],[89.767,26.131],[89.748,26.157],[89.72,26.156],[89.733,26.177],[89.71,26.172],[89.699,26.191],[89.713,26.187],[89.712,26.202],[89.734,26.21],[89.726,26.217],[89.709,26.211],[89.701,26.218],[89.732,26.237],[89.702,26.259],[89.738,26.27],[89.718,26.295],[89.721,26.308],[89.757,26.289],[89.751,26.321],[89.783,26.333],[89.781,26.353],[89.82,26.373],[89.811,26.36],[89.82,26.353],[89.825,26.382],[89.856,26.384],[89.846,26.405],[89.828,26.395],[89.835,26.414],[89.856,26.413],[89.848,26.423],[89.869,26.454],[89.85,26.491],[89.858,26.576],[89.874,26.584],[89.87,26.614],[89.85,26.626],[89.866,26.646],[89.852,26.697],[89.866,26.706],[89.863,26.737],[89.967,26.723],[90.14,26.754],[90.195,26.773],[90.188,26.807],[90.231,26.859],[90.3,26.848],[90.348,26.875],[90.357,26.901],[90.417,26.905],[90.547,26.817],[90.634,26.794],[90.647,26.777],[90.676,26.784],[90.717,26.768],[90.992,26.791],[91.054,26.781],[91.098,26.822],[91.237,26.812],[91.337,26.781],[91.376,26.795],[91.408,26.84],[91.495,26.791],[91.626,26.821],[91.69,26.806],[91.824,26.864],[91.859,26.913],[91.892,26.919],[91.984,26.858],[92.057,26.847],[92.103,26.867],[92.114,26.894],[92.276,26.902],[92.303,26.907],[92.303,26.923],[92.363,26.935],[92.398,26.925],[92.447,26.959],[92.583,26.96],[92.645,26.987],[92.672,27.032],[92.887,27.0],[92.918,26.982],[92.917,26.963],[93.022,26.913],[93.323,26.96],[93.449,26.951],[93.471,26.937],[93.587,26.95],[93.671,26.971],[93.723,27.021],[93.767,27.039],[93.771,27.062],[93.778,27.049],[93.781,27.065],[93.784,27.051],[93.8,27.058],[93.793,27.068],[93.794,27.072],[93.803,27.058],[93.829,27.067],[93.838,27.085],[93.825,27.116],[93.794,27.135],[93.806,27.149],[93.991,27.328],[94.06,27.362],[94.09,27.407],[94.159,27.462],[94.157,27.475],[94.268,27.521],[94.259,27.555],[94.225,27.574],[94.227,27.598],[94.21,27.605],[94.238,27.633],[94.262,27.636],[94.254,27.614],[94.278,27.589],[94.298,27.602],[94.364,27.574],[94.432,27.6],[94.462,27.555],[94.478,27.576],[94.499,27.572],[94.683,27.646],[94.688,27.665],[94.754,27.661],[94.794,27.695],[94.841,27.701],[94.852,27.728],[94.922,27.75],[95.309,27.868],[95.38,27.839],[95.52,27.881],[95.605,27.955],[95.824,27.971],[95.97,27.96]],[[89.79,26.342],[89.815,26.322],[89.823,26.328],[89.807,26.349],[89.79,26.342]]]}},{"type":"Feature","properties":{"sid":"S4","name":"Bihar","shd_src_id":"5"},"geometry":{"type":"MultiPolygon","coordinates":[[[[84.522,24.267],[84.503,24.262],[84.509,24.283],[84.522,24.267]]],[[[84.109,27.522],[84.151,27.517],[84.149,27.486],[84.205,27.47],[84.209,27.443],[84.254,27.454],[84.292,27.385],[84.622,27.337],[84.691,27.215],[84.674,27.096],[84.646,27.076],[84.643,27.046],[84.757,27.003],[84.773,27.018],[84.794,26.996],[84.825,27.021],[84.892,26.97],[84.963,26.961],[84.979,26.94],[84.968,26.916],[85.061,26.887],[85.031,26.874],[85.024,26.854],[85.191,26.87],[85.177,26.81],[85.211,26.758],[85.334,26.742],[85.408,26.791],[85.455,26.782],[85.566,26.841],[85.576,26.861],[85.586,26.847],[85.635,26.872],[85.642,26.853],[85.721,26.82],[85.734,26.796],[85.723,26.7],[85.734,26.651],[85.802,26.624],[85.818,26.603],[85.851,26.609],[85.851,26.568],[85.929,26.617],[85.948,26.614],[85.96,26.651],[86.028,26.667],[86.139,26.629],[86.136,26.606],[86.193,26.614],[86.196,26.594],[86.218,26.589],[86.253,26.617],[86.333,26.619],[86.499,26.542],[86.542,26.539],[86.57,26.497],[86.693,26.451],[86.731,26.423],[86.766,26.459],[86.834,26.439],[86.894,26.462],[86.892,26.486],[86.93,26.49],[86.932,26.517],[87.015,26.532],[87.045,26.587],[87.072,26.586],[87.092,26.45],[87.163,26.404],[87.261,26.409],[87.266,26.374],[87.313,26.372],[87.341,26.348],[87.358,26.361],[87.369,26.408],[87.467,26.44],[87.548,26.418],[87.612,26.381],[87.652,26.393],[87.65,26.406],[87.678,26.416],[87.678,26.435],[87.734,26.408],[87.765,26.41],[87.79,26.469],[87.849,26.436],[87.888,26.487],[87.91,26.458],[87.899,26.449],[87.925,26.445],[87.927,26.418],[87.992,26.393],[87.996,26.366],[88.031,26.365],[88.034,26.392],[88.096,26.44],[88.092,26.463],[88.107,26.476],[88.09,26.507],[88.098,26.538],[88.11,26.549],[88.146,26.522],[88.169,26.553],[88.218,26.553],[88.216,26.573],[88.231,26.572],[88.235,26.545],[88.183,26.504],[88.198,26.485],[88.228,26.492],[88.215,26.477],[88.273,26.419],[88.237,26.396],[88.238,26.381],[88.283,26.378],[88.3,26.349],[88.278,26.325],[88.253,26.334],[88.228,26.285],[88.146,26.25],[88.142,26.227],[88.116,26.224],[88.073,26.175],[88.035,26.179],[88.01,26.145],[87.975,26.143],[87.982,26.127],[87.969,26.119],[87.989,26.105],[87.964,26.095],[87.982,26.073],[87.954,26.075],[87.949,26.06],[87.927,26.084],[87.886,26.043],[87.856,26.035],[87.84,25.934],[87.811,25.928],[87.83,25.872],[87.916,25.853],[87.889,25.83],[87.918,25.816],[87.9,25.807],[87.904,25.772],[87.942,25.774],[87.968,25.726],[88.001,25.723],[88.021,25.696],[88.05,25.702],[88.051,25.654],[88.036,25.649],[88.055,25.645],[88.034,25.631],[88.044,25.61],[88.022,25.596],[88.035,25.581],[88.021,25.57],[88.04,25.574],[88.031,25.554],[88.069,25.526],[88.073,25.484],[88.031,25.491],[88.014,25.514],[88.002,25.514],[88.004,25.496],[87.966,25.536],[87.927,25.539],[87.903,25.505],[87.884,25.52],[87.865,25.494],[87.868,25.468],[87.831,25.462],[87.824,25.436],[87.787,25.449],[87.765,25.384],[87.79,25.377],[87.793,25.33],[87.853,25.29],[87.819,25.242],[87.829,25.214],[87.749,25.233],[87.711,25.258],[87.692,25.312],[87.61,25.313],[87.584,25.332],[87.584,25.349],[87.552,25.333],[87.543,25.281],[87.487,25.297],[87.501,25.26],[87.473,25.238],[87.478,25.194],[87.401,25.227],[87.372,25.206],[87.328,25.224],[87.296,25.088],[87.25,25.106],[87.237,25.089],[87.213,25.091],[87.146,25.02],[87.157,24.881],[87.075,24.818],[87.096,24.803],[87.07,24.745],[87.081,24.729],[87.054,24.669],[87.051,24.608],[87.02,24.63],[86.996,24.62],[86.978,24.64],[86.953,24.631],[86.958,24.649],[86.94,24.652],[86.946,24.636],[86.909,24.596],[86.916,24.545],[86.881,24.574],[86.857,24.555],[86.844,24.575],[86.802,24.57],[86.811,24.599],[86.787,24.616],[86.753,24.618],[86.735,24.579],[86.669,24.566],[86.603,24.608],[86.581,24.567],[86.559,24.565],[86.552,24.536],[86.528,24.544],[86.5,24.51],[86.484,24.468],[86.491,24.428],[86.468,24.425],[86.472,24.393],[86.445,24.368],[86.413,24.38],[86.377,24.431],[86.276,24.466],[86.309,24.511],[86.301,24.561],[86.323,24.587],[86.259,24.578],[86.215,24.614],[86.214,24.594],[86.167,24.584],[86.125,24.611],[86.115,24.644],[86.129,24.699],[86.094,24.745],[86.037,24.741],[86.055,24.78],[85.945,24.733],[85.867,24.805],[85.778,24.796],[85.737,24.821],[85.708,24.78],[85.707,24.725],[85.681,24.692],[85.649,24.684],[85.676,24.616],[85.668,24.579],[85.615,24.581],[85.581,24.601],[85.566,24.587],[85.572,24.562],[85.541,24.562],[85.542,24.532],[85.524,24.521],[85.498,24.546],[85.435,24.528],[85.385,24.555],[85.371,24.555],[85.398,24.545],[85.392,24.53],[85.288,24.523],[85.284,24.493],[85.25,24.491],[85.226,24.463],[85.153,24.455],[85.174,24.421],[85.089,24.372],[85.073,24.381],[85.08,24.433],[85.062,24.407],[85.028,24.415],[84.975,24.375],[84.904,24.372],[84.882,24.425],[84.887,24.463],[84.854,24.466],[84.84,24.452],[84.839,24.513],[84.802,24.531],[84.786,24.503],[84.686,24.457],[84.665,24.391],[84.568,24.409],[84.572,24.383],[84.528,24.376],[84.532,24.339],[84.496,24.286],[84.485,24.307],[84.507,24.325],[84.505,24.331],[84.484,24.313],[84.46,24.337],[84.424,24.33],[84.431,24.357],[84.401,24.364],[84.407,24.375],[84.388,24.389],[84.342,24.393],[84.334,24.42],[84.321,24.421],[84.336,24.431],[84.297,24.449],[84.291,24.466],[84.328,24.5],[84.297,24.56],[84.271,24.56],[84.28,24.547],[84.257,24.527],[84.236,24.55],[84.215,24.533],[84.188,24.553],[84.173,24.545],[84.179,24.505],[84.156,24.511],[84.163,24.533],[84.146,24.537],[84.141,24.5],[84.108,24.477],[84.086,24.506],[84.093,24.534],[84.051,24.587],[84.052,24.61],[84.008,24.643],[83.937,24.55],[83.873,24.532],[83.801,24.53],[83.719,24.503],[83.503,24.525],[83.497,24.539],[83.53,24.567],[83.524,24.603],[83.548,24.623],[83.501,24.651],[83.52,24.677],[83.485,24.702],[83.489,24.736],[83.458,24.732],[83.428,24.768],[83.393,24.783],[83.397,24.832],[83.358,24.871],[83.37,24.88],[83.355,24.905],[83.362,24.954],[83.343,24.963],[83.351,25.009],[83.32,25.017],[83.343,25.051],[83.35,25.113],[83.367,25.125],[83.351,25.157],[83.357,25.2],[83.402,25.209],[83.416,25.25],[83.436,25.244],[83.45,25.261],[83.464,25.251],[83.49,25.289],[83.506,25.281],[83.554,25.308],[83.54,25.316],[83.574,25.306],[83.596,25.328],[83.649,25.339],[83.656,25.368],[83.694,25.37],[83.682,25.379],[83.702,25.396],[83.71,25.386],[83.741,25.411],[83.769,25.386],[83.808,25.409],[83.802,25.43],[83.846,25.434],[83.812,25.449],[83.817,25.463],[83.857,25.469],[83.876,25.518],[83.902,25.524],[83.925,25.554],[84.017,25.615],[84.081,25.636],[84.075,25.695],[84.104,25.721],[84.14,25.732],[84.13,25.718],[84.143,25.716],[84.155,25.729],[84.199,25.702],[84.206,25.67],[84.276,25.659],[84.3,25.665],[84.287,25.677],[84.324,25.67],[84.337,25.744],[84.391,25.745],[84.384,25.732],[84.4,25.729],[84.407,25.698],[84.427,25.693],[84.43,25.711],[84.454,25.714],[84.499,25.675],[84.529,25.683],[84.54,25.727],[84.535,25.69],[84.557,25.68],[84.56,25.737],[84.635,25.728],[84.603,25.762],[84.624,25.771],[84.625,25.792],[84.551,25.841],[84.548,25.828],[84.531,25.832],[84.523,25.86],[84.544,25.859],[84.534,25.876],[84.428,25.891],[84.412,25.931],[84.354,25.959],[84.297,25.945],[84.207,26.0],[84.17,25.988],[84.173,26.025],[84.118,26.08],[84.089,26.1],[84.056,26.1],[84.05,26.13],[84.028,26.142],[84.034,26.16],[84.009,26.175],[84.031,26.217],[84.012,26.232],[84.027,26.24],[84.087,26.219],[84.122,26.259],[84.166,26.241],[84.186,26.313],[84.177,26.371],[84.079,26.383],[84.034,26.412],[84.017,26.448],[83.991,26.432],[83.908,26.447],[83.908,26.519],[83.94,26.525],[83.971,26.507],[83.977,26.533],[84.009,26.522],[84.048,26.536],[84.089,26.603],[84.087,26.639],[84.159,26.636],[84.16,26.624],[84.282,26.6],[84.307,26.616],[84.42,26.626],[84.411,26.67],[84.33,26.684],[84.306,26.75],[84.256,26.727],[84.241,26.739],[84.233,26.754],[84.26,26.804],[84.254,26.857],[84.219,26.872],[84.166,26.834],[84.141,26.853],[84.146,26.885],[84.11,26.899],[84.098,26.876],[84.06,26.888],[84.06,26.92],[84.032,26.941],[84.055,26.96],[84.046,26.982],[84.057,26.99],[84.037,27.009],[84.05,27.043],[84.0,27.069],[84.03,27.098],[83.947,27.091],[83.959,27.137],[83.994,27.175],[83.97,27.224],[83.905,27.257],[83.933,27.311],[83.917,27.327],[83.872,27.307],[83.837,27.322],[83.862,27.335],[83.883,27.374],[83.833,27.425],[83.847,27.446],[83.875,27.435],[83.933,27.45],[84.027,27.434],[84.095,27.489],[84.109,27.522]]]]}},{"type":"Feature","properties":{"sid":"S5","name":"Chhattisgarh","shd_src_id":"6"},"geometry":{"type":"Polygon","coordinates":[[[83.327,24.102],[83.432,24.086],[83.451,24.043],[83.516,24.027],[83.515,23.981],[83.547,23.938],[83.553,23.898],[83.586,23.886],[83.571,23.862],[83.659,23.849],[83.665,23.828],[83.705,23.821],[83.746,23.719],[83.723,23.686],[83.761,23.651],[83.752,23.639],[83.775,23.609],[83.807,23.588],[83.938,23.569],[83.932,23.62],[84.017,23.634],[84.008,23.623],[84.03,23.6],[84.028,23.546],[84.015,23.504],[83.971,23.467],[83.982,23.422],[83.962,23.385],[83.975,23.363],[84.006,23.354],[84.023,23.378],[84.051,23.375],[84.075,23.333],[84.054,23.247],[84.063,23.206],[84.032,23.16],[84.037,23.14],[84.067,23.11],[84.094,23.112],[84.133,23.083],[84.125,23.037],[84.149,22.965],[84.178,22.98],[84.186,23.027],[84.219,22.979],[84.253,22.972],[84.277,22.993],[84.284,22.963],[84.328,22.982],[84.375,22.978],[84.396,22.938],[84.375,22.905],[84.381,22.877],[84.324,22.851],[84.315,22.801],[84.289,22.766],[84.26,22.768],[84.232,22.742],[84.238,22.692],[84.22,22.667],[84.152,22.637],[84.084,22.638],[84.053,22.596],[84.01,22.573],[84.012,22.527],[83.975,22.512],[84.047,22.469],[84.047,22.438],[84.01,22.372],[83.923,22.358],[83.891,22.336],[83.864,22.343],[83.822,22.313],[83.826,22.293],[83.795,22.286],[83.758,22.24],[83.692,22.244],[83.627,22.204],[83.562,22.099],[83.607,22.067],[83.587,22.049],[83.548,22.059],[83.537,22.043],[83.556,22.007],[83.539,21.966],[83.562,21.948],[83.557,21.935],[83.606,21.914],[83.576,21.883],[83.591,21.851],[83.578,21.83],[83.533,21.83],[83.542,21.798],[83.494,21.817],[83.471,21.787],[83.491,21.744],[83.461,21.698],[83.433,21.699],[83.418,21.68],[83.49,21.631],[83.456,21.61],[83.443,21.655],[83.383,21.62],[83.365,21.576],[83.373,21.558],[83.338,21.502],[83.355,21.448],[83.399,21.405],[83.407,21.351],[83.379,21.344],[83.284,21.38],[83.269,21.378],[83.257,21.32],[83.279,21.289],[83.271,21.272],[83.251,21.282],[83.223,21.266],[83.193,21.139],[83.167,21.139],[83.132,21.106],[83.078,21.112],[83.016,21.146],[82.99,21.14],[83.004,21.167],[82.981,21.17],[82.988,21.183],[82.966,21.175],[82.965,21.193],[82.944,21.178],[82.948,21.162],[82.902,21.167],[82.882,21.148],[82.851,21.168],[82.794,21.143],[82.756,21.167],[82.64,21.155],[82.65,21.106],[82.612,21.074],[82.629,21.038],[82.56,20.947],[82.488,20.909],[82.488,20.86],[82.465,20.828],[82.421,20.83],[82.406,20.869],[82.366,20.869],[82.351,20.889],[82.346,20.732],[82.377,20.632],[82.332,20.562],[82.358,20.528],[82.39,20.517],[82.397,20.458],[82.419,20.48],[82.438,20.434],[82.4,20.341],[82.438,20.293],[82.411,20.264],[82.422,20.204],[82.387,20.145],[82.399,20.056],[82.51,20.017],[82.551,20.016],[82.597,19.99],[82.643,20.005],[82.716,19.995],[82.707,19.902],[82.72,19.857],[82.704,19.832],[82.652,19.832],[82.627,19.794],[82.592,19.776],[82.576,19.833],[82.597,19.873],[82.532,19.878],[82.497,19.904],[82.446,19.91],[82.395,19.888],[82.344,19.835],[82.303,19.889],[82.269,19.975],[82.237,20.003],[82.184,19.984],[82.171,20.005],[82.127,20.015],[82.07,20.057],[82.033,20.016],[82.018,20.049],[81.995,20.054],[81.946,20.105],[81.895,20.048],[81.876,20.052],[81.845,19.96],[81.853,19.918],[81.968,19.86],[81.986,19.801],[82.066,19.791],[82.045,19.709],[82.059,19.628],[82.04,19.598],[82.051,19.549],[82.029,19.508],[82.076,19.524],[82.1,19.517],[82.103,19.466],[82.126,19.429],[82.189,19.427],[82.179,19.379],[82.147,19.365],[82.194,19.326],[82.158,19.265],[82.162,19.202],[82.186,19.166],[82.17,19.161],[82.181,19.151],[82.166,19.133],[82.174,19.118],[82.183,19.131],[82.206,19.124],[82.205,19.097],[82.218,19.097],[82.202,19.067],[82.23,19.027],[82.246,18.919],[82.176,18.903],[82.16,18.879],[82.166,18.799],[82.134,18.78],[82.133,18.765],[82.091,18.765],[82.085,18.719],[82.031,18.724],[81.971,18.698],[81.949,18.644],[81.894,18.657],[81.895,18.629],[81.964,18.59],[81.951,18.57],[81.911,18.571],[81.909,18.538],[81.868,18.525],[81.855,18.49],[81.77,18.419],[81.75,18.354],[81.659,18.347],[81.65,18.337],[81.662,18.321],[81.598,18.309],[81.525,18.258],[81.507,18.186],[81.526,18.153],[81.514,18.101],[81.481,18.051],[81.483,17.977],[81.449,17.932],[81.445,17.886],[81.399,17.892],[81.393,17.795],[81.354,17.813],[81.265,17.811],[81.166,17.858],[81.073,17.786],[81.019,17.791],[80.996,17.849],[80.98,18.007],[80.949,18.086],[80.979,18.179],[80.914,18.145],[80.867,18.14],[80.853,18.205],[80.873,18.214],[80.866,18.233],[80.837,18.242],[80.824,18.239],[80.824,18.194],[80.799,18.172],[80.745,18.17],[80.737,18.222],[80.794,18.259],[80.749,18.308],[80.72,18.391],[80.735,18.413],[80.699,18.421],[80.705,18.44],[80.655,18.476],[80.638,18.523],[80.535,18.588],[80.515,18.619],[80.455,18.63],[80.39,18.598],[80.374,18.612],[80.346,18.595],[80.299,18.693],[80.244,18.756],[80.353,18.819],[80.349,18.848],[80.269,18.949],[80.274,18.995],[80.305,19.027],[80.297,19.048],[80.33,19.07],[80.34,19.1],[80.328,19.135],[80.384,19.181],[80.374,19.2],[80.385,19.236],[80.446,19.264],[80.483,19.338],[80.52,19.348],[80.573,19.402],[80.613,19.309],[80.68,19.33],[80.69,19.287],[80.757,19.29],[80.853,19.364],[80.812,19.407],[80.813,19.434],[80.875,19.445],[80.898,19.482],[80.895,19.52],[80.857,19.523],[80.836,19.566],[80.776,19.562],[80.77,19.587],[80.741,19.606],[80.666,19.612],[80.677,19.699],[80.553,19.765],[80.546,19.818],[80.481,19.828],[80.469,19.81],[80.485,19.802],[80.489,19.77],[80.464,19.796],[80.402,19.796],[80.402,19.817],[80.441,19.81],[80.506,19.871],[80.491,19.902],[80.414,19.907],[80.411,19.938],[80.452,19.957],[80.489,19.93],[80.53,19.939],[80.55,19.986],[80.557,20.072],[80.544,20.096],[80.552,20.118],[80.506,20.144],[80.46,20.151],[80.434,20.135],[80.402,20.147],[80.389,20.165],[80.422,20.206],[80.395,20.245],[80.481,20.275],[80.519,20.266],[80.55,20.309],[80.626,20.333],[80.591,20.393],[80.614,20.435],[80.602,20.45],[80.627,20.563],[80.617,20.585],[80.632,20.598],[80.581,20.608],[80.521,20.58],[80.481,20.618],[80.52,20.656],[80.588,20.685],[80.552,20.764],[80.562,20.824],[80.546,20.935],[80.464,20.929],[80.444,20.994],[80.424,21.008],[80.453,21.039],[80.439,21.097],[80.458,21.115],[80.445,21.122],[80.464,21.175],[80.614,21.226],[80.68,21.299],[80.66,21.334],[80.738,21.473],[80.728,21.496],[80.741,21.539],[80.72,21.555],[80.729,21.573],[80.715,21.585],[80.731,21.617],[80.714,21.662],[80.734,21.695],[80.726,21.714],[80.756,21.762],[80.785,21.74],[80.82,21.748],[80.839,21.848],[80.852,21.854],[80.832,21.891],[80.846,21.943],[80.826,21.958],[80.857,21.965],[80.908,22.11],[80.948,22.118],[80.972,22.086],[80.969,22.058],[80.994,22.049],[81.006,22.063],[81.011,22.096],[80.978,22.123],[81.022,22.133],[81.017,22.185],[81.032,22.2],[81.019,22.221],[81.05,22.245],[81.08,22.239],[81.119,22.291],[81.121,22.343],[81.104,22.383],[81.111,22.438],[81.155,22.455],[81.173,22.488],[81.196,22.491],[81.2,22.463],[81.232,22.452],[81.281,22.503],[81.314,22.483],[81.327,22.526],[81.382,22.51],[81.39,22.452],[81.407,22.441],[81.429,22.457],[81.428,22.48],[81.447,22.466],[81.459,22.469],[81.443,22.494],[81.485,22.488],[81.522,22.539],[81.57,22.532],[81.57,22.551],[81.622,22.538],[81.629,22.563],[81.66,22.57],[81.647,22.613],[81.684,22.647],[81.713,22.648],[81.729,22.676],[81.747,22.648],[81.769,22.664],[81.752,22.727],[81.794,22.766],[81.761,22.83],[81.776,22.874],[81.862,22.889],[81.866,22.916],[81.878,22.91],[81.946,22.957],[81.95,22.983],[81.922,23.041],[81.942,23.079],[82.035,23.08],[82.07,23.118],[82.125,23.104],[82.161,23.143],[82.16,23.161],[82.144,23.166],[82.145,23.227],[82.193,23.278],[82.194,23.324],[82.146,23.361],[82.117,23.355],[82.103,23.398],[82.064,23.393],[82.056,23.377],[82.022,23.387],[82.025,23.425],[81.985,23.414],[81.98,23.447],[81.955,23.467],[81.958,23.5],[81.923,23.533],[81.836,23.511],[81.821,23.515],[81.809,23.549],[81.758,23.55],[81.747,23.57],[81.7,23.522],[81.659,23.529],[81.644,23.482],[81.627,23.482],[81.61,23.555],[81.584,23.554],[81.577,23.585],[81.612,23.595],[81.615,23.663],[81.655,23.663],[81.656,23.682],[81.684,23.691],[81.696,23.721],[81.682,23.753],[81.645,23.77],[81.651,23.799],[81.636,23.835],[81.613,23.834],[81.603,23.854],[81.622,23.87],[81.604,23.882],[81.609,23.903],[81.669,23.925],[81.69,23.885],[81.707,23.882],[81.707,23.861],[81.732,23.857],[81.725,23.84],[81.791,23.809],[81.888,23.836],[81.929,23.871],[81.958,23.852],[82.008,23.862],[82.044,23.842],[82.039,23.827],[82.053,23.819],[82.172,23.818],[82.21,23.853],[82.206,23.827],[82.232,23.805],[82.261,23.821],[82.394,23.8],[82.466,23.812],[82.497,23.785],[82.524,23.784],[82.551,23.791],[82.533,23.822],[82.589,23.821],[82.66,23.855],[82.668,23.872],[82.651,23.889],[82.662,23.908],[82.699,23.925],[82.752,23.92],[82.802,23.962],[82.837,23.957],[82.948,23.871],[83.082,23.87],[83.142,23.885],[83.16,23.907],[83.208,23.921],[83.224,23.987],[83.243,24.012],[83.279,24.018],[83.282,24.05],[83.327,24.102]]]}},{"type":"Feature","properties":{"sid":"S6","name":"Chandigarh","shd_src_id":"7"},"geometry":{"type":"Polygon","coordinates":[[[76.772,30.795],[76.791,30.768],[76.818,30.778],[76.805,30.765],[76.838,30.755],[76.831,30.74],[76.848,30.73],[76.832,30.683],[76.809,30.667],[76.739,30.693],[76.731,30.723],[76.705,30.743],[76.711,30.761],[76.772,30.795]]]}},{"type":"Feature","properties":{"sid":"S7","name":"Dadra & Nagar Havelli and Daman & Diu","shd_src_id":"8"},"geometry":{"type":"MultiPolygon","coordinates":[[[[72.977,20.331],[72.983,20.319],[72.97,20.297],[72.953,20.315],[72.977,20.331]]],[[[73.097,20.36],[73.111,20.337],[73.101,20.303],[73.151,20.317],[73.165,20.286],[73.144,20.288],[73.098,20.229],[73.064,20.228],[73.049,20.201],[73.06,20.162],[73.073,20.155],[73.08,20.173],[73.116,20.152],[73.142,20.177],[73.138,20.208],[73.218,20.186],[73.186,20.156],[73.187,20.129],[73.215,20.119],[73.211,20.086],[73.189,20.077],[73.192,20.05],[73.137,20.086],[73.112,20.074],[73.104,20.09],[73.064,20.098],[73.053,20.065],[73.04,20.067],[73.001,20.112],[73.012,20.129],[72.998,20.143],[72.992,20.118],[72.972,20.115],[72.961,20.134],[72.977,20.18],[72.961,20.185],[72.966,20.224],[72.912,20.27],[72.933,20.295],[72.973,20.27],[72.981,20.29],[73.01,20.291],[73.008,20.312],[73.035,20.291],[73.043,20.325],[73.077,20.323],[73.097,20.36]],[[72.99,20.213],[73.008,20.229],[72.99,20.239],[72.975,20.226],[72.99,20.213]]],[[[72.856,20.471],[72.895,20.444],[72.875,20.446],[72.857,20.419],[72.904,20.415],[72.883,20.398],[72.896,20.379],[72.821,20.368],[72.832,20.448],[72.856,20.471]]],[[[70.925,20.738],[70.981,20.723],[71.0,20.742],[71.013,20.738],[70.977,20.702],[70.872,20.707],[70.879,20.729],[70.925,20.738]]],[[[71.15,20.759],[71.155,20.761],[71.155,20.76],[71.15,20.759]]],[[[71.146,20.763],[71.15,20.762],[71.146,20.758],[71.146,20.763]]]]}},{"type":"Feature","properties":{"sid":"S8","name":"Delhi","shd_src_id":"9"},"geometry":{"type":"Polygon","coordinates":[[[77.083,28.884],[77.14,28.862],[77.146,28.838],[77.175,28.858],[77.214,28.856],[77.224,28.825],[77.219,28.808],[77.201,28.813],[77.203,28.793],[77.234,28.784],[77.222,28.777],[77.291,28.722],[77.292,28.706],[77.331,28.713],[77.316,28.641],[77.342,28.609],[77.313,28.596],[77.297,28.566],[77.347,28.518],[77.314,28.484],[77.29,28.497],[77.243,28.479],[77.233,28.458],[77.25,28.426],[77.217,28.41],[77.174,28.405],[77.162,28.429],[77.129,28.441],[77.111,28.471],[77.121,28.496],[77.095,28.514],[77.06,28.512],[77.007,28.541],[77.01,28.515],[76.978,28.521],[76.949,28.504],[76.908,28.514],[76.884,28.501],[76.887,28.521],[76.842,28.556],[76.84,28.583],[76.864,28.586],[76.888,28.632],[76.935,28.618],[76.944,28.628],[76.925,28.65],[76.953,28.667],[76.968,28.699],[76.948,28.713],[76.96,28.733],[76.945,28.754],[76.956,28.767],[76.948,28.815],[76.995,28.84],[77.04,28.832],[77.083,28.884]]]}},{"type":"Feature","properties":{"sid":"S9","name":"Goa","shd_src_id":"10"},"geometry":{"type":"MultiPolygon","coordinates":[[[[74.111,14.762],[74.11,14.754],[74.108,14.76],[74.111,14.762]]],[[[73.675,15.727],[73.693,15.728],[73.696,15.722],[73.675,15.727]]],[[[73.856,15.801],[73.876,15.75],[73.939,15.743],[73.952,15.716],[73.944,15.698],[73.964,15.691],[73.961,15.641],[73.991,15.612],[74.021,15.606],[74.031,15.623],[74.119,15.652],[74.164,15.654],[74.181,15.682],[74.205,15.651],[74.224,15.669],[74.252,15.654],[74.244,15.626],[74.264,15.616],[74.245,15.567],[74.263,15.564],[74.283,15.531],[74.251,15.492],[74.275,15.449],[74.276,15.392],[74.323,15.368],[74.317,15.329],[74.336,15.295],[74.276,15.284],[74.251,15.259],[74.302,15.224],[74.317,15.186],[74.285,15.149],[74.273,15.098],[74.296,15.041],[74.254,14.998],[74.264,14.979],[74.253,14.959],[74.237,14.967],[74.202,14.926],[74.164,14.959],[74.162,14.912],[74.124,14.925],[74.085,14.9],[74.045,14.916],[74.049,14.957],[74.026,15.006],[73.99,15.019],[73.967,15.065],[73.912,15.083],[73.926,15.096],[73.918,15.107],[73.941,15.117],[73.936,15.132],[73.957,15.135],[73.884,15.353],[73.871,15.37],[73.843,15.36],[73.81,15.375],[73.783,15.41],[73.787,15.464],[73.8,15.463],[73.807,15.489],[73.765,15.495],[73.732,15.589],[73.732,15.607],[73.745,15.606],[73.69,15.719],[73.726,15.717],[73.742,15.736],[73.785,15.725],[73.825,15.741],[73.856,15.801]]]]}},{"type":"Feature","properties":{"sid":"S10","name":"Gujarat","shd_src_id":"11"},"geometry":{"type":"MultiPolygon","coordinates":[[[[73.002,20.216],[72.979,20.216],[72.979,20.234],[73.006,20.232],[73.002,20.216]]],[[[71.516,20.914],[71.531,20.904],[71.507,20.904],[71.516,20.914]]],[[[72.6,21.327],[72.597,21.328],[72.6,21.329],[72.6,21.327]]],[[[72.59,21.33],[72.574,21.32],[72.589,21.335],[72.59,21.33]]],[[[72.603,21.348],[72.599,21.334],[72.594,21.329],[72.603,21.348]]],[[[72.609,21.356],[72.614,21.355],[72.608,21.354],[72.609,21.356]]],[[[72.584,21.36],[72.581,21.358],[72.584,21.36],[72.584,21.36]]],[[[72.604,21.385],[72.603,21.375],[72.596,21.378],[72.604,21.385]]],[[[72.62,21.397],[72.609,21.381],[72.629,21.411],[72.62,21.397]]],[[[72.365,21.59],[72.355,21.585],[72.349,21.611],[72.352,21.612],[72.365,21.59]]],[[[72.608,21.633],[72.593,21.631],[72.607,21.634],[72.608,21.633]]],[[[72.664,21.665],[72.68,21.653],[72.651,21.652],[72.664,21.665]]],[[[72.319,21.767],[72.292,21.762],[72.294,21.82],[72.314,21.797],[72.319,21.767]]],[[[72.311,21.947],[72.328,21.961],[72.334,21.926],[72.365,21.923],[72.361,21.891],[72.319,21.904],[72.3,21.955],[72.327,21.988],[72.311,21.947]]],[[[69.183,22.368],[69.187,22.367],[69.185,22.363],[69.183,22.368]]],[[[69.416,22.388],[69.452,22.369],[69.466,22.352],[69.421,22.346],[69.416,22.388]]],[[[69.196,22.371],[69.189,22.369],[69.195,22.375],[69.196,22.371]]],[[[69.215,22.384],[69.214,22.383],[69.213,22.385],[69.215,22.384]]],[[[69.202,22.386],[69.2,22.387],[69.202,22.387],[69.202,22.386]]],[[[69.307,22.389],[69.353,22.398],[69.336,22.393],[69.333,22.373],[69.307,22.389]]],[[[69.49,22.401],[69.454,22.373],[69.471,22.421],[69.49,22.401]]],[[[69.822,22.508],[69.801,22.479],[69.784,22.492],[69.822,22.508]]],[[[69.136,22.478],[69.15,22.47],[69.144,22.449],[69.141,22.463],[69.115,22.467],[69.109,22.437],[69.084,22.422],[69.093,22.462],[69.136,22.478]]],[[[69.223,22.48],[69.249,22.47],[69.242,22.45],[69.214,22.462],[69.223,22.48]]],[[[69.268,22.547],[69.378,22.532],[69.374,22.549],[69.409,22.552],[69.429,22.534],[69.388,22.488],[69.368,22.515],[69.33,22.472],[69.337,22.453],[69.305,22.447],[69.281,22.414],[69.259,22.44],[69.265,22.459],[69.285,22.448],[69.269,22.506],[69.292,22.509],[69.298,22.476],[69.318,22.496],[69.301,22.539],[69.274,22.535],[69.268,22.547]]],[[[71.096,24.689],[71.288,24.616],[71.314,24.648],[71.348,24.661],[71.359,24.631],[71.377,24.626],[71.503,24.683],[71.573,24.684],[71.59,24.667],[71.608,24.677],[71.655,24.639],[71.792,24.677],[71.81,24.656],[71.806,24.627],[71.852,24.609],[71.872,24.682],[71.919,24.672],[71.915,24.649],[71.94,24.634],[71.988,24.658],[71.994,24.695],[72.061,24.712],[72.085,24.706],[72.09,24.659],[72.125,24.639],[72.15,24.644],[72.165,24.621],[72.197,24.615],[72.23,24.641],[72.305,24.618],[72.347,24.629],[72.336,24.599],[72.276,24.607],[72.246,24.586],[72.295,24.547],[72.329,24.552],[72.331,24.569],[72.354,24.564],[72.389,24.508],[72.441,24.515],[72.43,24.48],[72.457,24.415],[72.5,24.417],[72.493,24.459],[72.539,24.52],[72.576,24.479],[72.683,24.464],[72.689,24.412],[72.731,24.364],[72.85,24.372],[72.911,24.337],[72.975,24.369],[72.949,24.399],[72.981,24.434],[72.968,24.451],[72.991,24.478],[73.035,24.464],[73.087,24.498],[73.103,24.433],[73.076,24.397],[73.152,24.354],[73.199,24.377],[73.219,24.364],[73.199,24.332],[73.176,24.338],[73.169,24.3],[73.135,24.308],[73.067,24.195],[73.125,24.125],[73.214,24.078],[73.193,24.041],[73.243,24.002],[73.316,24.053],[73.326,24.11],[73.362,24.105],[73.361,24.081],[73.405,24.041],[73.399,23.99],[73.415,23.986],[73.421,23.931],[73.387,23.916],[73.361,23.873],[73.368,23.814],[73.352,23.791],[73.371,23.765],[73.4,23.785],[73.418,23.777],[73.45,23.733],[73.507,23.703],[73.497,23.649],[73.509,23.644],[73.494,23.632],[73.523,23.607],[73.573,23.654],[73.615,23.652],[73.656,23.621],[73.633,23.529],[73.656,23.507],[73.627,23.449],[73.647,23.436],[73.697,23.457],[73.721,23.41],[73.756,23.454],[73.786,23.43],[73.829,23.448],[73.892,23.334],[73.936,23.34],[73.938,23.368],[73.962,23.381],[73.982,23.338],[74.029,23.332],[74.033,23.306],[74.045,23.309],[74.038,23.293],[74.107,23.294],[74.139,23.266],[74.128,23.176],[74.181,23.152],[74.203,23.19],[74.247,23.184],[74.293,23.117],[74.284,23.095],[74.318,23.073],[74.322,23.041],[74.345,23.029],[74.364,22.981],[74.339,22.953],[74.393,22.897],[74.418,22.917],[74.447,22.921],[74.461,22.908],[74.476,22.852],[74.465,22.816],[74.434,22.808],[74.379,22.635],[74.264,22.644],[74.21,22.565],[74.183,22.567],[74.189,22.554],[74.151,22.521],[74.075,22.551],[74.038,22.535],[74.033,22.49],[74.055,22.509],[74.083,22.507],[74.075,22.466],[74.104,22.465],[74.099,22.442],[74.119,22.419],[74.149,22.456],[74.16,22.431],[74.184,22.442],[74.191,22.476],[74.202,22.435],[74.244,22.434],[74.248,22.415],[74.256,22.429],[74.291,22.394],[74.257,22.4],[74.243,22.376],[74.224,22.38],[74.224,22.357],[74.204,22.367],[74.19,22.32],[74.128,22.333],[74.105,22.372],[74.065,22.355],[74.072,22.337],[74.052,22.294],[74.087,22.243],[74.072,22.219],[74.122,22.212],[74.121,22.167],[74.134,22.161],[74.125,22.098],[74.153,22.106],[74.179,22.086],[74.131,22.048],[74.14,22.041],[74.092,22.015],[74.098,21.998],[74.15,21.987],[74.147,21.948],[74.052,21.927],[73.919,21.86],[73.796,21.825],[73.827,21.81],[73.838,21.789],[73.824,21.761],[73.892,21.692],[73.888,21.653],[73.78,21.628],[73.814,21.601],[73.852,21.498],[73.905,21.525],[73.952,21.513],[73.957,21.541],[73.982,21.522],[73.974,21.543],[73.998,21.539],[74.005,21.553],[74.137,21.546],[74.176,21.569],[74.197,21.532],[74.229,21.554],[74.236,21.539],[74.263,21.54],[74.295,21.569],[74.303,21.552],[74.33,21.553],[74.321,21.499],[74.253,21.468],[74.214,21.482],[74.198,21.459],[74.125,21.467],[74.101,21.448],[74.063,21.475],[74.045,21.419],[74.003,21.421],[73.959,21.395],[73.939,21.405],[73.942,21.299],[73.879,21.266],[73.823,21.271],[73.816,21.174],[73.785,21.184],[73.772,21.165],[73.74,21.171],[73.733,21.142],[73.719,21.14],[73.668,21.155],[73.634,21.141],[73.608,21.159],[73.606,21.179],[73.577,21.171],[73.578,21.15],[73.617,21.143],[73.618,21.118],[73.689,21.101],[73.703,21.118],[73.729,21.1],[73.743,21.115],[73.73,21.082],[73.78,21.064],[73.808,21.085],[73.8,21.039],[73.869,20.985],[73.901,20.982],[73.908,20.96],[73.892,20.956],[73.888,20.933],[73.917,20.908],[73.924,20.851],[73.94,20.839],[73.942,20.742],[73.917,20.725],[73.874,20.73],[73.855,20.692],[73.812,20.692],[73.839,20.659],[73.838,20.621],[73.776,20.601],[73.745,20.565],[73.695,20.579],[73.652,20.565],[73.599,20.637],[73.551,20.649],[73.521,20.679],[73.489,20.656],[73.475,20.72],[73.449,20.717],[73.434,20.668],[73.392,20.646],[73.42,20.627],[73.431,20.594],[73.473,20.585],[73.475,20.544],[73.494,20.538],[73.47,20.52],[73.42,20.413],[73.38,20.393],[73.385,20.371],[73.406,20.384],[73.418,20.33],[73.417,20.198],[73.389,20.193],[73.383,20.212],[73.365,20.196],[73.357,20.213],[73.343,20.2],[73.299,20.21],[73.283,20.198],[73.279,20.15],[73.249,20.123],[73.225,20.124],[73.226,20.14],[73.211,20.121],[73.188,20.129],[73.19,20.164],[73.218,20.186],[73.178,20.193],[73.168,20.208],[73.133,20.206],[73.142,20.177],[73.116,20.152],[73.08,20.173],[73.065,20.159],[73.049,20.2],[73.06,20.223],[73.098,20.229],[73.144,20.288],[73.165,20.286],[73.151,20.317],[73.101,20.303],[73.111,20.337],[73.096,20.36],[73.077,20.323],[73.043,20.325],[73.035,20.291],[73.008,20.312],[73.01,20.291],[72.981,20.29],[72.973,20.27],[72.937,20.295],[72.917,20.281],[72.919,20.257],[72.958,20.234],[72.963,20.21],[72.859,20.225],[72.861,20.207],[72.839,20.209],[72.837,20.188],[72.816,20.184],[72.824,20.142],[72.789,20.149],[72.794,20.123],[72.736,20.135],[72.747,20.204],[72.738,20.246],[72.754,20.296],[72.772,20.305],[72.773,20.337],[72.821,20.368],[72.896,20.38],[72.883,20.398],[72.904,20.415],[72.857,20.42],[72.875,20.446],[72.895,20.444],[72.887,20.462],[72.858,20.466],[72.885,20.505],[72.896,20.587],[72.833,20.788],[72.83,20.801],[72.846,20.8],[72.826,20.813],[72.79,20.915],[72.769,20.918],[72.737,20.985],[72.725,21.059],[72.75,21.063],[72.698,21.074],[72.67,21.115],[72.654,21.05],[72.614,21.088],[72.628,21.228],[72.604,21.237],[72.587,21.296],[72.639,21.364],[72.621,21.361],[72.642,21.411],[72.687,21.452],[72.652,21.429],[72.637,21.435],[72.635,21.474],[72.655,21.497],[72.628,21.493],[72.606,21.574],[72.64,21.617],[72.71,21.646],[72.699,21.655],[72.729,21.675],[72.79,21.645],[72.884,21.687],[72.791,21.661],[72.739,21.69],[72.6,21.68],[72.519,21.652],[72.532,21.663],[72.516,21.711],[72.551,21.796],[72.616,21.863],[72.633,21.928],[72.62,21.945],[72.58,21.887],[72.517,21.861],[72.489,21.947],[72.501,22.014],[72.49,22.02],[72.502,22.021],[72.557,22.169],[72.593,22.209],[72.647,22.217],[72.705,22.182],[72.762,22.193],[72.806,22.228],[72.875,22.224],[72.834,22.272],[72.76,22.225],[72.696,22.216],[72.565,22.258],[72.519,22.255],[72.299,22.06],[72.268,21.984],[72.273,21.884],[72.237,21.949],[72.221,21.946],[72.256,21.885],[72.268,21.711],[72.307,21.625],[72.271,21.572],[72.235,21.456],[72.126,21.33],[72.105,21.263],[72.086,21.249],[72.112,21.199],[72.012,21.15],[72.01,21.135],[71.9,21.108],[71.813,21.067],[71.798,21.055],[71.806,21.038],[71.718,21.015],[71.717,20.998],[71.675,20.985],[71.706,21.004],[71.653,20.996],[71.635,20.983],[71.648,20.975],[71.616,20.967],[71.612,20.98],[71.612,20.967],[71.58,20.954],[71.515,20.948],[71.518,20.924],[71.44,20.869],[71.38,20.871],[71.383,20.857],[71.322,20.847],[71.157,20.779],[71.145,20.757],[71.087,20.756],[71.072,20.735],[71.0,20.742],[70.981,20.723],[70.919,20.743],[70.878,20.729],[70.872,20.704],[70.822,20.691],[70.439,20.852],[70.172,21.043],[70.049,21.154],[69.621,21.618],[69.596,21.638],[69.59,21.618],[69.591,21.632],[69.189,21.986],[68.957,22.239],[68.937,22.304],[68.986,22.415],[69.068,22.48],[69.084,22.472],[69.043,22.435],[69.063,22.396],[69.083,22.39],[69.11,22.41],[69.13,22.397],[69.195,22.422],[69.2,22.391],[69.179,22.378],[69.158,22.313],[69.194,22.273],[69.232,22.257],[69.321,22.292],[69.333,22.328],[69.418,22.316],[69.484,22.337],[69.487,22.369],[69.519,22.382],[69.502,22.402],[69.512,22.409],[69.476,22.427],[69.506,22.45],[69.541,22.442],[69.546,22.417],[69.571,22.41],[69.564,22.371],[69.594,22.385],[69.602,22.369],[69.612,22.38],[69.631,22.366],[69.621,22.382],[69.639,22.388],[69.565,22.438],[69.622,22.483],[69.663,22.46],[69.666,22.413],[69.682,22.409],[69.667,22.426],[69.681,22.434],[69.672,22.464],[69.749,22.499],[69.762,22.485],[69.743,22.478],[69.745,22.437],[69.768,22.477],[69.785,22.458],[69.776,22.427],[69.801,22.417],[69.812,22.434],[69.803,22.469],[69.844,22.476],[69.863,22.456],[69.874,22.495],[69.905,22.501],[69.837,22.506],[69.84,22.543],[69.888,22.54],[69.887,22.559],[69.916,22.584],[69.934,22.557],[69.954,22.584],[69.928,22.595],[69.966,22.622],[69.976,22.594],[70.032,22.596],[70.039,22.571],[70.059,22.564],[70.149,22.559],[70.189,22.618],[70.217,22.708],[70.336,22.826],[70.37,22.898],[70.424,22.937],[70.428,22.985],[70.401,22.993],[70.389,22.944],[70.344,22.931],[70.268,22.949],[70.238,22.978],[70.226,22.952],[70.164,22.938],[70.121,22.963],[70.13,22.988],[70.113,22.971],[70.128,22.947],[70.11,22.952],[70.103,22.941],[70.14,22.942],[70.127,22.915],[69.966,22.883],[69.925,22.851],[69.882,22.85],[69.863,22.82],[69.814,22.806],[69.78,22.77],[69.743,22.769],[69.717,22.734],[69.696,22.73],[69.631,22.763],[69.591,22.745],[69.594,22.758],[69.573,22.765],[69.566,22.744],[69.549,22.753],[69.555,22.774],[69.535,22.783],[69.493,22.77],[69.437,22.778],[69.394,22.811],[69.32,22.83],[69.197,22.837],[68.757,23.082],[68.63,23.172],[68.643,23.171],[68.638,23.184],[68.621,23.184],[68.581,23.222],[68.583,23.241],[68.543,23.262],[68.531,23.31],[68.473,23.347],[68.491,23.386],[68.507,23.382],[68.52,23.406],[68.549,23.414],[68.531,23.417],[68.529,23.432],[68.503,23.414],[68.509,23.43],[68.492,23.442],[68.481,23.4],[68.429,23.393],[68.404,23.406],[68.393,23.45],[68.42,23.463],[68.408,23.441],[68.456,23.471],[68.449,23.501],[68.477,23.506],[68.45,23.537],[68.431,23.513],[68.434,23.549],[68.454,23.57],[68.442,23.619],[68.49,23.627],[68.52,23.652],[68.524,23.69],[68.633,23.758],[68.661,23.805],[68.697,23.823],[68.69,23.84],[68.661,23.833],[68.676,23.857],[68.626,23.835],[68.592,23.838],[68.543,23.77],[68.481,23.727],[68.441,23.743],[68.454,23.783],[68.434,23.807],[68.398,23.669],[68.355,23.62],[68.341,23.581],[68.278,23.56],[68.184,23.587],[68.208,23.586],[68.178,23.619],[68.186,23.645],[68.208,23.651],[68.183,23.655],[68.207,23.669],[68.182,23.722],[68.203,23.767],[68.2,23.847],[68.209,23.875],[68.252,23.897],[68.276,23.929],[68.329,23.922],[68.339,23.967],[68.369,23.985],[68.39,23.967],[68.753,23.971],[68.765,24.296],[68.808,24.314],[68.831,24.312],[68.865,24.213],[68.88,24.217],[68.907,24.28],[68.945,24.302],[68.985,24.228],[69.005,24.223],[69.095,24.274],[69.194,24.236],[69.313,24.282],[69.494,24.268],[69.594,24.292],[69.731,24.171],[70.025,24.171],[70.067,24.199],[70.11,24.295],[70.326,24.352],[70.368,24.351],[70.573,24.422],[70.602,24.408],[70.562,24.354],[70.585,24.29],[70.571,24.252],[70.667,24.22],[70.805,24.221],[70.907,24.259],[70.875,24.294],[70.948,24.348],[70.987,24.365],[71.042,24.351],[71.082,24.393],[71.122,24.406],[71.126,24.42],[71.103,24.436],[70.999,24.444],[71.005,24.523],[70.987,24.543],[70.999,24.622],[71.096,24.689]],[[74.16,22.414],[74.165,22.397],[74.178,22.388],[74.175,22.417],[74.16,22.414]],[[72.954,20.312],[72.972,20.297],[72.979,20.332],[72.962,20.332],[72.954,20.312]]]]}},{"type":"Feature","properties":{"sid":"S11","name":"Himachal Pradesh","shd_src_id":"12"},"geometry":{"type":"Polygon","coordinates":[[[76.796,33.255],[76.822,33.235],[76.845,33.246],[76.827,33.215],[76.836,33.204],[76.819,33.193],[76.819,33.156],[76.856,33.114],[76.89,33.116],[76.934,33.027],[77.01,32.988],[77.048,32.998],[77.087,32.972],[77.151,32.977],[77.165,32.935],[77.156,32.911],[77.188,32.928],[77.204,32.905],[77.243,32.891],[77.254,32.863],[77.274,32.873],[77.301,32.849],[77.322,32.851],[77.339,32.816],[77.373,32.823],[77.375,32.855],[77.407,32.883],[77.445,32.879],[77.468,32.858],[77.501,32.884],[77.538,32.885],[77.602,32.939],[77.67,32.957],[77.682,32.983],[77.729,32.969],[77.807,32.902],[77.778,32.862],[77.864,32.825],[77.897,32.772],[77.933,32.761],[77.918,32.69],[77.999,32.583],[78.052,32.588],[78.05,32.632],[78.082,32.621],[78.11,32.659],[78.138,32.639],[78.169,32.675],[78.2,32.66],[78.245,32.671],[78.253,32.691],[78.312,32.709],[78.309,32.736],[78.387,32.757],[78.38,32.654],[78.404,32.62],[78.313,32.574],[78.283,32.469],[78.327,32.443],[78.327,32.465],[78.347,32.464],[78.363,32.5],[78.398,32.525],[78.461,32.504],[78.466,32.455],[78.496,32.422],[78.534,32.415],[78.485,32.349],[78.483,32.281],[78.461,32.242],[78.559,32.249],[78.588,32.236],[78.615,32.209],[78.614,32.175],[78.596,32.158],[78.618,32.115],[78.657,32.111],[78.719,32.036],[78.789,31.993],[78.778,31.935],[78.75,31.904],[78.74,31.837],[78.71,31.787],[78.741,31.758],[78.728,31.742],[78.754,31.686],[78.798,31.682],[78.807,31.647],[78.853,31.607],[78.736,31.529],[78.734,31.485],[78.767,31.486],[78.813,31.45],[78.817,31.419],[78.792,31.396],[78.859,31.366],[78.855,31.323],[78.892,31.289],[78.885,31.269],[78.916,31.249],[78.929,31.217],[78.948,31.217],[78.958,31.187],[78.986,31.174],[79.009,31.11],[78.885,31.099],[78.831,31.141],[78.81,31.198],[78.765,31.186],[78.672,31.197],[78.658,31.185],[78.647,31.215],[78.609,31.229],[78.578,31.225],[78.552,31.2],[78.484,31.199],[78.456,31.241],[78.434,31.255],[78.407,31.242],[78.396,31.275],[78.37,31.286],[78.311,31.283],[78.306,31.26],[78.283,31.266],[78.247,31.23],[78.22,31.234],[78.212,31.22],[78.16,31.226],[78.104,31.185],[78.043,31.179],[78.03,31.151],[77.967,31.173],[77.901,31.152],[77.851,31.073],[77.812,31.059],[77.83,31.029],[77.811,31.032],[77.808,31.016],[77.832,30.994],[77.814,30.962],[77.838,30.953],[77.772,30.974],[77.749,30.954],[77.763,30.918],[77.813,30.922],[77.806,30.853],[77.758,30.877],[77.744,30.847],[77.761,30.826],[77.704,30.765],[77.705,30.743],[77.734,30.735],[77.756,30.707],[77.747,30.68],[77.793,30.659],[77.781,30.647],[77.796,30.614],[77.771,30.616],[77.772,30.597],[77.746,30.604],[77.743,30.593],[77.774,30.558],[77.818,30.561],[77.827,30.528],[77.817,30.506],[77.69,30.448],[77.586,30.422],[77.572,30.411],[77.581,30.378],[77.551,30.395],[77.523,30.444],[77.502,30.405],[77.443,30.395],[77.422,30.41],[77.459,30.433],[77.456,30.456],[77.405,30.409],[77.407,30.427],[77.387,30.44],[77.364,30.433],[77.354,30.458],[77.321,30.446],[77.269,30.481],[77.226,30.48],[77.211,30.465],[77.195,30.523],[77.145,30.539],[77.123,30.563],[77.172,30.601],[77.161,30.691],[77.096,30.739],[77.021,30.74],[77.019,30.765],[77.001,30.77],[77.019,30.78],[77.012,30.81],[76.968,30.825],[76.943,30.817],[76.951,30.851],[76.917,30.901],[76.87,30.873],[76.823,30.928],[76.772,30.906],[76.71,30.97],[76.673,30.969],[76.625,30.999],[76.629,31.024],[76.611,31.046],[76.639,31.108],[76.602,31.124],[76.612,31.148],[76.6,31.177],[76.645,31.209],[76.642,31.223],[76.593,31.212],[76.612,31.248],[76.588,31.274],[76.549,31.253],[76.543,31.282],[76.539,31.261],[76.524,31.258],[76.527,31.277],[76.497,31.271],[76.48,31.308],[76.44,31.279],[76.464,31.301],[76.432,31.327],[76.375,31.437],[76.368,31.404],[76.331,31.401],[76.33,31.379],[76.354,31.345],[76.308,31.343],[76.323,31.322],[76.276,31.301],[76.269,31.313],[76.18,31.307],[76.179,31.341],[76.147,31.359],[76.169,31.41],[76.055,31.606],[76.018,31.632],[75.937,31.815],[75.986,31.818],[75.91,31.95],[75.8,31.994],[75.751,32.038],[75.724,32.033],[75.658,32.078],[75.595,32.07],[75.601,32.093],[75.673,32.159],[75.662,32.193],[75.624,32.19],[75.639,32.222],[75.618,32.237],[75.771,32.289],[75.815,32.33],[75.811,32.349],[75.844,32.356],[75.873,32.396],[75.936,32.397],[75.902,32.453],[75.833,32.513],[75.876,32.55],[75.87,32.565],[75.902,32.593],[75.919,32.633],[75.93,32.632],[75.937,32.648],[75.889,32.653],[75.926,32.746],[75.884,32.812],[75.801,32.886],[75.85,32.93],[75.925,32.906],[75.954,32.873],[76.088,32.956],[76.112,33.006],[76.247,33.022],[76.278,33.038],[76.296,33.061],[76.292,33.103],[76.41,33.186],[76.487,33.179],[76.567,33.21],[76.603,33.206],[76.618,33.174],[76.646,33.162],[76.748,33.179],[76.777,33.22],[76.773,33.249],[76.796,33.255]]]}},{"type":"Feature","properties":{"sid":"S12","name":"Haryana","shd_src_id":"13"},"geometry":{"type":"MultiPolygon","coordinates":[[[[76.441,28.121],[76.423,28.114],[76.429,28.138],[76.441,28.121]]],[[[76.822,30.929],[76.87,30.873],[76.917,30.901],[76.951,30.851],[76.943,30.817],[76.968,30.825],[77.012,30.81],[77.019,30.78],[77.001,30.77],[77.019,30.765],[77.021,30.74],[77.096,30.739],[77.161,30.691],[77.172,30.601],[77.123,30.563],[77.145,30.539],[77.195,30.523],[77.211,30.465],[77.226,30.48],[77.269,30.481],[77.321,30.446],[77.354,30.458],[77.364,30.433],[77.387,30.44],[77.407,30.427],[77.405,30.409],[77.456,30.456],[77.459,30.433],[77.422,30.41],[77.443,30.395],[77.502,30.405],[77.523,30.444],[77.555,30.391],[77.604,30.369],[77.578,30.33],[77.584,30.307],[77.538,30.279],[77.477,30.182],[77.424,30.157],[77.424,30.131],[77.402,30.111],[77.421,30.102],[77.379,30.091],[77.334,30.054],[77.278,30.042],[77.276,29.996],[77.247,29.977],[77.217,29.923],[77.186,29.908],[77.202,29.869],[77.178,29.846],[77.179,29.813],[77.12,29.76],[77.157,29.693],[77.132,29.642],[77.106,29.632],[77.11,29.597],[77.084,29.587],[77.127,29.559],[77.096,29.52],[77.133,29.483],[77.123,29.455],[77.148,29.434],[77.133,29.401],[77.157,29.387],[77.123,29.37],[77.13,29.343],[77.161,29.332],[77.139,29.268],[77.15,29.233],[77.131,29.217],[77.149,29.118],[77.134,29.096],[77.164,29.079],[77.167,29.034],[77.189,29.028],[77.202,28.987],[77.195,28.94],[77.232,28.92],[77.228,28.881],[77.195,28.886],[77.189,28.868],[77.21,28.858],[77.175,28.858],[77.157,28.837],[77.142,28.839],[77.14,28.862],[77.121,28.858],[77.083,28.884],[77.04,28.832],[76.995,28.84],[76.951,28.818],[76.945,28.754],[76.96,28.733],[76.948,28.713],[76.968,28.699],[76.953,28.667],[76.925,28.65],[76.944,28.628],[76.935,28.618],[76.888,28.632],[76.866,28.588],[76.839,28.573],[76.845,28.55],[76.887,28.521],[76.884,28.501],[76.908,28.514],[76.949,28.504],[76.978,28.521],[77.01,28.515],[77.007,28.541],[77.047,28.517],[77.1,28.511],[77.121,28.496],[77.111,28.471],[77.124,28.445],[77.162,28.429],[77.174,28.405],[77.249,28.424],[77.233,28.458],[77.243,28.479],[77.29,28.497],[77.314,28.484],[77.345,28.513],[77.372,28.498],[77.38,28.47],[77.408,28.467],[77.4,28.456],[77.433,28.455],[77.436,28.431],[77.478,28.419],[77.473,28.397],[77.505,28.37],[77.471,28.335],[77.507,28.306],[77.493,28.252],[77.55,28.242],[77.521,28.224],[77.53,28.199],[77.497,28.206],[77.501,28.182],[77.518,28.193],[77.55,28.18],[77.502,28.161],[77.491,28.137],[77.512,28.125],[77.499,28.095],[77.483,28.107],[77.474,28.087],[77.501,28.059],[77.484,28.04],[77.513,28.032],[77.542,27.989],[77.519,27.962],[77.545,27.954],[77.529,27.926],[77.492,27.938],[77.475,27.929],[77.478,27.891],[77.458,27.875],[77.419,27.889],[77.409,27.875],[77.422,27.854],[77.348,27.856],[77.335,27.834],[77.296,27.825],[77.284,27.801],[77.269,27.815],[77.242,27.784],[77.202,27.825],[77.199,27.8],[77.177,27.786],[77.19,27.81],[77.16,27.817],[77.159,27.788],[77.135,27.776],[77.123,27.793],[77.108,27.786],[77.045,27.822],[77.027,27.779],[77.076,27.767],[77.086,27.738],[77.06,27.727],[77.036,27.749],[77.0,27.737],[76.979,27.654],[76.943,27.674],[76.911,27.655],[76.906,27.686],[76.889,27.697],[76.924,27.7],[76.892,27.732],[76.919,27.804],[76.914,27.832],[76.936,27.829],[76.942,27.843],[76.938,27.897],[76.95,27.896],[76.952,27.918],[76.932,27.923],[76.931,27.994],[76.97,28.138],[76.907,28.172],[76.892,28.19],[76.907,28.2],[76.871,28.207],[76.868,28.22],[76.808,28.211],[76.795,28.148],[76.762,28.143],[76.744,28.121],[76.716,28.128],[76.687,28.088],[76.657,28.089],[76.654,28.035],[76.668,28.014],[76.589,27.998],[76.548,27.964],[76.536,27.98],[76.544,28.034],[76.455,28.042],[76.462,28.059],[76.501,28.06],[76.448,28.089],[76.464,28.109],[76.499,28.101],[76.502,28.119],[76.472,28.135],[76.476,28.149],[76.381,28.133],[76.345,28.169],[76.292,28.179],[76.281,28.166],[76.304,28.159],[76.298,28.149],[76.36,28.125],[76.337,28.103],[76.301,28.098],[76.356,28.071],[76.342,28.031],[76.319,28.016],[76.299,28.023],[76.294,28.049],[76.261,28.068],[76.238,28.05],[76.18,28.055],[76.215,28.027],[76.177,28.022],[76.158,27.989],[76.187,27.965],[76.168,27.903],[76.201,27.892],[76.194,27.86],[76.225,27.833],[76.218,27.817],[76.2,27.821],[76.179,27.797],[76.105,27.857],[76.048,27.835],[75.971,27.852],[75.987,27.904],[75.938,27.914],[75.932,27.93],[75.952,27.948],[75.973,27.933],[76.0,27.978],[75.966,27.984],[75.967,28.0],[75.99,27.995],[75.996,28.007],[75.973,28.024],[75.995,28.039],[76.016,28.031],[76.008,28.058],[76.025,28.054],[76.041,28.074],[76.023,28.086],[75.984,28.047],[75.983,28.081],[75.939,28.088],[75.946,28.107],[75.999,28.123],[76.007,28.153],[76.032,28.168],[76.071,28.165],[76.075,28.137],[76.095,28.151],[76.072,28.194],[76.047,28.198],[76.056,28.22],[76.016,28.237],[76.026,28.275],[75.986,28.293],[75.972,28.319],[75.958,28.314],[75.918,28.372],[75.819,28.41],[75.777,28.4],[75.767,28.414],[75.788,28.454],[75.736,28.469],[75.739,28.485],[75.702,28.492],[75.666,28.536],[75.633,28.545],[75.622,28.602],[75.562,28.613],[75.541,28.661],[75.53,28.738],[75.541,28.749],[75.503,28.782],[75.52,28.834],[75.498,28.849],[75.497,28.896],[75.473,28.923],[75.512,28.942],[75.527,28.971],[75.522,29.004],[75.446,29.008],[75.442,29.058],[75.391,29.063],[75.402,29.128],[75.372,29.138],[75.381,29.169],[75.414,29.184],[75.397,29.218],[75.411,29.256],[75.379,29.257],[75.35,29.224],[75.328,29.235],[75.341,29.281],[75.323,29.29],[75.288,29.273],[75.284,29.249],[75.245,29.25],[75.238,29.23],[75.21,29.235],[75.188,29.268],[75.163,29.244],[75.124,29.24],[75.12,29.223],[75.076,29.23],[75.05,29.286],[74.999,29.271],[74.961,29.281],[74.948,29.302],[74.961,29.32],[74.938,29.362],[74.851,29.404],[74.762,29.354],[74.658,29.372],[74.654,29.333],[74.599,29.328],[74.603,29.365],[74.566,29.421],[74.537,29.425],[74.535,29.448],[74.544,29.468],[74.585,29.459],[74.622,29.522],[74.575,29.564],[74.616,29.752],[74.587,29.767],[74.576,29.748],[74.48,29.744],[74.474,29.768],[74.485,29.815],[74.539,29.841],[74.561,29.87],[74.544,29.901],[74.51,29.908],[74.532,29.949],[74.597,29.912],[74.647,29.904],[74.652,29.927],[74.707,29.977],[74.731,29.962],[74.812,29.992],[74.821,29.971],[74.855,29.956],[74.888,29.967],[74.897,29.939],[74.927,29.95],[74.991,29.868],[75.023,29.866],[75.047,29.885],[75.07,29.877],[75.087,29.915],[75.099,29.913],[75.115,29.879],[75.09,29.854],[75.119,29.832],[75.101,29.807],[75.135,29.807],[75.151,29.776],[75.167,29.785],[75.166,29.826],[75.191,29.841],[75.21,29.833],[75.209,29.793],[75.226,29.789],[75.241,29.751],[75.226,29.729],[75.21,29.739],[75.201,29.727],[75.207,29.688],[75.168,29.67],[75.188,29.652],[75.183,29.628],[75.235,29.603],[75.222,29.58],[75.235,29.542],[75.309,29.561],[75.32,29.588],[75.29,29.608],[75.296,29.625],[75.317,29.631],[75.334,29.674],[75.36,29.663],[75.346,29.696],[75.392,29.713],[75.406,29.761],[75.454,29.782],[75.46,29.808],[75.519,29.776],[75.523,29.759],[75.562,29.77],[75.58,29.739],[75.629,29.749],[75.642,29.775],[75.677,29.777],[75.706,29.753],[75.721,29.814],[75.756,29.805],[75.779,29.822],[75.806,29.805],[75.838,29.813],[75.87,29.749],[75.906,29.754],[75.939,29.731],[75.984,29.727],[76.026,29.756],[76.043,29.743],[76.098,29.811],[76.124,29.791],[76.145,29.819],[76.174,29.818],[76.198,29.845],[76.221,29.838],[76.244,29.852],[76.247,29.876],[76.193,29.886],[76.188,29.921],[76.172,29.926],[76.21,30.005],[76.233,30.016],[76.214,30.032],[76.253,30.089],[76.217,30.11],[76.225,30.127],[76.208,30.157],[76.322,30.095],[76.36,30.12],[76.333,30.138],[76.35,30.147],[76.362,30.12],[76.4,30.117],[76.391,30.135],[76.41,30.145],[76.387,30.171],[76.423,30.192],[76.441,30.166],[76.429,30.151],[76.46,30.129],[76.463,30.101],[76.503,30.095],[76.512,30.072],[76.546,30.076],[76.642,30.15],[76.6,30.185],[76.614,30.204],[76.645,30.189],[76.629,30.179],[76.636,30.169],[76.656,30.185],[76.653,30.201],[76.616,30.209],[76.627,30.224],[76.596,30.237],[76.596,30.256],[76.563,30.226],[76.548,30.222],[76.557,30.262],[76.623,30.265],[76.689,30.327],[76.746,30.349],[76.745,30.368],[76.72,30.363],[76.731,30.38],[76.713,30.39],[76.741,30.426],[76.776,30.441],[76.79,30.415],[76.823,30.412],[76.847,30.438],[76.856,30.418],[76.883,30.409],[76.898,30.359],[76.937,30.386],[76.932,30.401],[76.911,30.4],[76.907,30.436],[76.886,30.43],[76.912,30.466],[76.899,30.489],[76.931,30.501],[76.932,30.522],[76.886,30.55],[76.916,30.554],[76.91,30.592],[76.926,30.61],[76.871,30.642],[76.876,30.681],[76.853,30.657],[76.832,30.665],[76.825,30.688],[76.849,30.718],[76.831,30.74],[76.857,30.795],[76.847,30.834],[76.814,30.843],[76.776,30.906],[76.822,30.929]]]]}},{"type":"Feature","properties":{"sid":"S13","name":"Jharkhand","shd_src_id":"14"},"geometry":{"type":"Polygon","coordinates":[[[87.584,25.349],[87.612,25.313],[87.692,25.312],[87.711,25.258],[87.791,25.224],[87.768,25.218],[87.779,25.099],[87.878,25.036],[87.9,25.004],[87.901,24.823],[87.87,24.826],[87.882,24.799],[87.869,24.775],[87.837,24.766],[87.836,24.79],[87.818,24.757],[87.908,24.721],[87.889,24.679],[87.917,24.666],[87.914,24.637],[87.889,24.63],[87.906,24.615],[87.875,24.614],[87.912,24.61],[87.913,24.597],[87.892,24.566],[87.852,24.554],[87.772,24.584],[87.771,24.571],[87.791,24.572],[87.806,24.554],[87.794,24.501],[87.802,24.494],[87.81,24.514],[87.812,24.492],[87.828,24.499],[87.811,24.477],[87.825,24.461],[87.795,24.436],[87.789,24.415],[87.813,24.412],[87.765,24.34],[87.761,24.308],[87.713,24.294],[87.706,24.261],[87.685,24.246],[87.658,24.236],[87.639,24.255],[87.638,24.215],[87.695,24.186],[87.694,24.15],[87.576,24.161],[87.61,24.132],[87.585,24.124],[87.581,24.087],[87.559,24.081],[87.498,24.118],[87.49,24.09],[87.511,24.083],[87.493,24.077],[87.493,24.054],[87.512,24.036],[87.476,24.012],[87.438,24.013],[87.46,23.984],[87.361,24.013],[87.329,23.999],[87.319,24.008],[87.337,24.034],[87.288,24.028],[87.245,24.045],[87.234,24.024],[87.248,23.999],[87.263,24.004],[87.262,23.967],[87.293,23.959],[87.295,23.902],[87.27,23.874],[87.246,23.909],[87.241,23.87],[87.256,23.844],[87.241,23.826],[87.217,23.83],[87.234,23.856],[87.189,23.842],[87.197,23.858],[87.129,23.869],[87.167,23.825],[87.15,23.797],[87.123,23.796],[86.974,23.869],[86.947,23.846],[86.916,23.883],[86.881,23.863],[86.89,23.82],[86.875,23.847],[86.827,23.814],[86.805,23.837],[86.804,23.801],[86.828,23.753],[86.812,23.745],[86.799,23.689],[86.748,23.679],[86.713,23.699],[86.598,23.674],[86.529,23.63],[86.462,23.63],[86.447,23.598],[86.388,23.574],[86.365,23.531],[86.375,23.509],[86.362,23.485],[86.379,23.474],[86.349,23.44],[86.306,23.435],[86.318,23.427],[86.31,23.412],[86.264,23.431],[86.247,23.412],[86.23,23.431],[86.246,23.46],[86.233,23.462],[86.229,23.443],[86.177,23.47],[86.148,23.465],[86.159,23.559],[86.081,23.566],[86.052,23.586],[86.017,23.547],[86.054,23.487],[85.95,23.471],[85.887,23.485],[85.863,23.462],[85.864,23.432],[85.885,23.43],[85.886,23.405],[85.903,23.398],[85.87,23.389],[85.884,23.35],[85.82,23.268],[85.838,23.247],[85.837,23.22],[85.864,23.222],[85.883,23.198],[85.894,23.155],[85.922,23.145],[85.958,23.161],[86.044,23.145],[86.049,23.106],[86.133,23.084],[86.157,23.031],[86.223,22.995],[86.305,23.017],[86.326,22.995],[86.377,22.998],[86.394,22.981],[86.42,23.001],[86.447,22.988],[86.501,22.995],[86.519,22.971],[86.547,22.989],[86.526,22.947],[86.489,22.938],[86.477,22.952],[86.436,22.926],[86.467,22.901],[86.451,22.862],[86.435,22.861],[86.439,22.831],[86.419,22.791],[86.511,22.705],[86.514,22.718],[86.548,22.721],[86.635,22.666],[86.633,22.611],[86.659,22.576],[86.766,22.576],[86.767,22.556],[86.789,22.548],[86.801,22.488],[86.751,22.482],[86.751,22.456],[86.765,22.427],[86.846,22.4],[86.833,22.326],[86.888,22.297],[86.887,22.258],[86.824,22.267],[86.817,22.254],[86.813,22.267],[86.803,22.244],[86.792,22.266],[86.794,22.243],[86.813,22.241],[86.802,22.218],[86.778,22.218],[86.795,22.228],[86.778,22.237],[86.776,22.218],[86.751,22.211],[86.656,22.236],[86.646,22.268],[86.596,22.278],[86.582,22.302],[86.534,22.301],[86.497,22.347],[86.446,22.327],[86.44,22.303],[86.36,22.349],[86.283,22.448],[86.118,22.487],[86.045,22.567],[86.024,22.545],[86.029,22.524],[85.985,22.515],[85.957,22.465],[86.018,22.426],[86.027,22.395],[86.024,22.364],[85.998,22.342],[86.029,22.334],[86.016,22.312],[86.049,22.308],[86.017,22.297],[85.974,22.247],[86.031,22.19],[85.997,22.132],[86.009,22.116],[85.946,22.022],[85.919,22.008],[85.91,21.97],[85.897,21.984],[85.826,21.975],[85.766,21.995],[85.796,22.081],[85.838,22.079],[85.81,22.116],[85.749,22.073],[85.685,22.054],[85.654,22.095],[85.599,22.078],[85.545,22.09],[85.517,22.115],[85.398,22.163],[85.366,22.159],[85.366,22.123],[85.31,22.118],[85.237,22.009],[85.18,22.073],[85.168,22.069],[85.174,22.052],[85.155,22.078],[85.122,22.071],[85.099,22.106],[85.042,22.116],[84.984,22.086],[85.028,22.122],[85.03,22.162],[85.054,22.184],[85.078,22.257],[85.071,22.275],[85.117,22.294],[85.118,22.317],[85.092,22.316],[85.096,22.345],[85.077,22.356],[85.088,22.387],[85.06,22.449],[85.077,22.464],[85.067,22.484],[84.959,22.445],[84.954,22.459],[84.886,22.42],[84.88,22.449],[84.837,22.431],[84.81,22.453],[84.759,22.447],[84.75,22.419],[84.667,22.42],[84.629,22.434],[84.535,22.427],[84.48,22.413],[84.485,22.389],[84.431,22.373],[84.429,22.352],[84.291,22.343],[84.25,22.379],[84.197,22.378],[84.156,22.408],[84.141,22.426],[84.141,22.474],[84.112,22.477],[84.06,22.516],[84.009,22.525],[84.01,22.573],[84.053,22.596],[84.084,22.638],[84.152,22.637],[84.233,22.681],[84.232,22.742],[84.26,22.768],[84.289,22.766],[84.334,22.861],[84.373,22.865],[84.396,22.939],[84.374,22.979],[84.328,22.982],[84.284,22.963],[84.277,22.993],[84.253,22.972],[84.219,22.979],[84.186,23.027],[84.178,22.98],[84.149,22.965],[84.125,23.037],[84.133,23.083],[84.094,23.112],[84.067,23.11],[84.037,23.14],[84.032,23.16],[84.063,23.206],[84.054,23.247],[84.075,23.333],[84.051,23.375],[84.023,23.378],[84.006,23.354],[83.975,23.363],[83.962,23.385],[83.982,23.422],[83.971,23.467],[84.015,23.504],[84.028,23.546],[84.03,23.6],[84.008,23.623],[84.017,23.634],[83.932,23.62],[83.938,23.569],[83.807,23.588],[83.775,23.609],[83.752,23.639],[83.761,23.651],[83.723,23.686],[83.746,23.719],[83.705,23.821],[83.665,23.828],[83.659,23.849],[83.571,23.862],[83.586,23.886],[83.553,23.898],[83.547,23.938],[83.515,23.981],[83.516,24.027],[83.451,24.043],[83.432,24.086],[83.33,24.102],[83.354,24.125],[83.383,24.198],[83.379,24.23],[83.409,24.266],[83.407,24.289],[83.38,24.313],[83.457,24.365],[83.434,24.401],[83.405,24.405],[83.405,24.436],[83.387,24.448],[83.402,24.503],[83.506,24.526],[83.719,24.503],[83.801,24.53],[83.873,24.532],[83.937,24.55],[84.008,24.643],[84.052,24.61],[84.051,24.587],[84.093,24.534],[84.086,24.506],[84.108,24.477],[84.141,24.5],[84.146,24.537],[84.163,24.533],[84.156,24.511],[84.179,24.505],[84.173,24.545],[84.188,24.553],[84.215,24.533],[84.236,24.55],[84.257,24.527],[84.28,24.547],[84.271,24.56],[84.297,24.56],[84.328,24.5],[84.291,24.466],[84.297,24.449],[84.336,24.431],[84.321,24.421],[84.334,24.42],[84.342,24.393],[84.388,24.389],[84.407,24.375],[84.401,24.364],[84.431,24.357],[84.424,24.33],[84.46,24.337],[84.484,24.313],[84.505,24.331],[84.485,24.307],[84.496,24.286],[84.532,24.339],[84.528,24.376],[84.572,24.383],[84.568,24.409],[84.665,24.391],[84.686,24.457],[84.786,24.503],[84.802,24.531],[84.839,24.513],[84.84,24.452],[84.854,24.466],[84.887,24.463],[84.882,24.425],[84.904,24.372],[84.975,24.375],[85.028,24.415],[85.062,24.407],[85.08,24.433],[85.073,24.381],[85.089,24.372],[85.174,24.421],[85.153,24.455],[85.226,24.463],[85.25,24.491],[85.284,24.493],[85.288,24.523],[85.392,24.53],[85.398,24.545],[85.371,24.555],[85.385,24.555],[85.435,24.528],[85.498,24.546],[85.524,24.521],[85.542,24.532],[85.541,24.562],[85.572,24.562],[85.566,24.587],[85.581,24.601],[85.615,24.581],[85.668,24.579],[85.676,24.616],[85.649,24.684],[85.681,24.692],[85.707,24.725],[85.708,24.78],[85.737,24.821],[85.778,24.796],[85.867,24.805],[85.945,24.733],[86.055,24.78],[86.037,24.741],[86.094,24.745],[86.129,24.699],[86.115,24.644],[86.125,24.611],[86.167,24.584],[86.214,24.594],[86.215,24.614],[86.259,24.578],[86.323,24.587],[86.301,24.561],[86.309,24.511],[86.276,24.466],[86.377,24.431],[86.413,24.38],[86.445,24.368],[86.472,24.393],[86.468,24.425],[86.491,24.428],[86.484,24.468],[86.5,24.51],[86.528,24.544],[86.552,24.536],[86.559,24.565],[86.581,24.567],[86.603,24.608],[86.669,24.566],[86.735,24.579],[86.753,24.618],[86.787,24.616],[86.811,24.599],[86.802,24.57],[86.844,24.575],[86.857,24.555],[86.881,24.574],[86.916,24.545],[86.909,24.596],[86.946,24.636],[86.94,24.652],[86.958,24.649],[86.953,24.631],[86.978,24.64],[86.996,24.62],[87.02,24.63],[87.051,24.608],[87.054,24.669],[87.081,24.729],[87.07,24.745],[87.096,24.803],[87.075,24.818],[87.157,24.881],[87.145,24.919],[87.15,25.026],[87.213,25.091],[87.237,25.089],[87.25,25.106],[87.296,25.088],[87.328,25.224],[87.372,25.206],[87.401,25.227],[87.478,25.194],[87.473,25.238],[87.501,25.26],[87.487,25.297],[87.543,25.281],[87.552,25.333],[87.584,25.349]],[[84.502,24.271],[84.522,24.265],[84.509,24.283],[84.502,24.271]]]}},{"type":"Feature","properties":{"sid":"S14","name":"Jammu & Kashmir","shd_src_id":"15"},"geometry":{"type":"Polygon","coordinates":[[[74.54,35.075],[74.531,35.046],[74.588,35.006],[74.571,34.976],[74.568,34.883],[74.539,34.866],[74.456,34.861],[74.414,34.81],[74.33,34.791],[74.568,34.778],[74.652,34.707],[74.732,34.681],[74.927,34.675],[75.022,34.637],[75.175,34.661],[75.216,34.653],[75.206,34.644],[75.221,34.634],[75.242,34.638],[75.253,34.604],[75.344,34.563],[75.366,34.538],[75.343,34.489],[75.353,34.469],[75.328,34.44],[75.372,34.413],[75.367,34.391],[75.386,34.366],[75.376,34.342],[75.403,34.285],[75.475,34.278],[75.495,34.232],[75.58,34.214],[75.593,34.198],[75.648,34.212],[75.685,34.2],[75.668,34.144],[75.719,34.103],[75.743,34.073],[75.737,34.059],[75.769,34.055],[75.818,34.008],[75.843,34.005],[75.82,33.972],[75.838,33.955],[75.893,33.969],[75.967,33.955],[75.978,33.972],[76.024,33.982],[76.049,33.934],[76.033,33.92],[76.123,33.889],[76.16,33.837],[76.161,33.802],[76.185,33.8],[76.213,33.761],[76.265,33.746],[76.266,33.68],[76.285,33.662],[76.229,33.63],[76.24,33.605],[76.205,33.569],[76.225,33.548],[76.31,33.571],[76.307,33.61],[76.359,33.604],[76.381,33.577],[76.38,33.553],[76.415,33.539],[76.449,33.564],[76.459,33.534],[76.502,33.516],[76.55,33.464],[76.569,33.466],[76.582,33.426],[76.629,33.435],[76.659,33.357],[76.696,33.328],[76.718,33.329],[76.737,33.261],[76.781,33.237],[76.748,33.179],[76.65,33.162],[76.618,33.174],[76.603,33.206],[76.567,33.21],[76.487,33.179],[76.41,33.186],[76.292,33.103],[76.296,33.061],[76.278,33.038],[76.247,33.022],[76.112,33.006],[76.088,32.956],[75.954,32.873],[75.925,32.906],[75.842,32.929],[75.801,32.886],[75.884,32.812],[75.926,32.746],[75.889,32.653],[75.937,32.648],[75.93,32.632],[75.882,32.588],[75.876,32.55],[75.821,32.492],[75.729,32.453],[75.744,32.432],[75.728,32.433],[75.723,32.405],[75.597,32.378],[75.551,32.349],[75.533,32.278],[75.509,32.284],[75.512,32.308],[75.482,32.32],[75.489,32.346],[75.431,32.316],[75.341,32.346],[75.328,32.326],[75.323,32.344],[75.288,32.354],[75.29,32.37],[75.258,32.371],[75.256,32.389],[75.194,32.4],[75.19,32.426],[75.131,32.409],[75.107,32.474],[75.086,32.469],[75.028,32.497],[75.019,32.466],[74.953,32.447],[74.938,32.471],[74.879,32.477],[74.877,32.493],[74.819,32.498],[74.795,32.476],[74.688,32.487],[74.691,32.533],[74.663,32.545],[74.674,32.568],[74.653,32.563],[74.659,32.597],[74.639,32.615],[74.695,32.661],[74.653,32.697],[74.705,32.842],[74.641,32.819],[74.635,32.807],[74.658,32.788],[74.632,32.776],[74.634,32.75],[74.563,32.76],[74.512,32.746],[74.512,32.765],[74.486,32.764],[74.459,32.788],[74.415,32.785],[74.391,32.763],[74.355,32.767],[74.314,32.797],[74.303,32.83],[74.22,32.849],[74.211,32.873],[74.179,32.889],[74.069,32.91],[74.058,32.935],[74.0,32.935],[74.006,32.955],[73.972,32.967],[73.965,32.987],[73.826,33.004],[73.826,32.977],[73.79,32.967],[73.795,33.004],[73.749,33.034],[73.743,33.066],[73.633,33.092],[73.631,33.14],[73.649,33.137],[73.664,33.161],[73.668,33.202],[73.648,33.223],[73.634,33.208],[73.638,33.23],[73.607,33.274],[73.614,33.293],[73.589,33.324],[73.598,33.338],[73.578,33.329],[73.571,33.343],[73.584,33.356],[73.565,33.366],[73.603,33.419],[73.587,33.423],[73.596,33.439],[73.632,33.448],[73.602,33.497],[73.619,33.495],[73.611,33.513],[73.642,33.529],[73.624,33.541],[73.629,33.571],[73.605,33.589],[73.612,33.604],[73.567,33.618],[73.578,33.638],[73.567,33.668],[73.603,33.715],[73.595,33.751],[73.56,33.781],[73.593,33.894],[73.548,33.937],[73.516,33.999],[73.491,34.14],[73.499,34.211],[73.473,34.252],[73.481,34.289],[73.457,34.276],[73.43,34.346],[73.408,34.35],[73.396,34.372],[73.428,34.426],[73.422,34.466],[73.448,34.567],[73.532,34.571],[73.556,34.59],[73.611,34.585],[73.65,34.562],[73.654,34.601],[73.695,34.65],[73.659,34.673],[73.73,34.772],[73.772,34.796],[73.822,34.792],[73.838,34.813],[73.919,34.812],[73.93,34.832],[73.961,34.839],[73.967,34.864],[74.03,34.876],[74.037,34.919],[74.071,34.935],[74.059,34.993],[74.11,35.016],[74.067,35.046],[74.101,35.099],[74.215,35.094],[74.265,35.041],[74.305,35.068],[74.382,35.068],[74.439,35.13],[74.499,35.116],[74.54,35.075]]]}},{"type":"Feature","properties":{"sid":"S15","name":"Karnataka","shd_src_id":"16"},"geometry":{"type":"MultiPolygon","coordinates":[[[[74.682,13.349],[74.689,13.339],[74.692,13.331],[74.682,13.349]]],[[[74.674,13.381],[74.671,13.379],[74.671,13.382],[74.674,13.381]]],[[[74.482,14.011],[74.479,14.007],[74.478,14.009],[74.482,14.011]]],[[[74.487,14.024],[74.485,14.022],[74.485,14.023],[74.487,14.024]]],[[[74.324,14.019],[74.33,14.016],[74.325,14.014],[74.324,14.019]]],[[[74.472,14.084],[74.47,14.085],[74.472,14.084],[74.472,14.084]]],[[[74.403,14.315],[74.401,14.312],[74.398,14.313],[74.403,14.315]]],[[[74.239,14.711],[74.24,14.709],[74.238,14.709],[74.239,14.711]]],[[[74.158,14.739],[74.152,14.74],[74.153,14.742],[74.158,14.739]]],[[[74.089,14.796],[74.087,14.794],[74.086,14.796],[74.089,14.796]]],[[[74.056,14.817],[74.054,14.816],[74.054,14.817],[74.056,14.817]]],[[[74.072,14.819],[74.072,14.818],[74.07,14.819],[74.072,14.819]]],[[[74.067,14.82],[74.062,14.819],[74.062,14.821],[74.067,14.82]]],[[[74.057,14.819],[74.062,14.822],[74.061,14.819],[74.057,14.819]]],[[[74.096,14.838],[74.093,14.837],[74.094,14.839],[74.096,14.838]]],[[[74.097,14.846],[74.101,14.841],[74.096,14.846],[74.097,14.846]]],[[[74.107,14.866],[74.107,14.865],[74.106,14.865],[74.107,14.866]]],[[[74.097,14.878],[74.092,14.881],[74.092,14.882],[74.097,14.878]]],[[[74.293,15.831],[74.314,15.799],[74.302,15.788],[74.268,15.797],[74.264,15.829],[74.293,15.831]]],[[[77.366,18.452],[77.373,18.401],[77.414,18.392],[77.395,18.369],[77.4,18.347],[77.357,18.32],[77.366,18.307],[77.438,18.31],[77.44,18.283],[77.465,18.263],[77.512,18.282],[77.513,18.31],[77.605,18.281],[77.572,18.244],[77.585,18.22],[77.563,18.196],[77.597,18.156],[77.597,18.088],[77.548,18.056],[77.589,18.012],[77.606,18.02],[77.628,17.997],[77.649,17.999],[77.656,17.969],[77.649,17.95],[77.625,17.96],[77.619,17.904],[77.586,17.908],[77.599,17.873],[77.576,17.875],[77.554,17.82],[77.528,17.828],[77.507,17.786],[77.569,17.766],[77.569,17.749],[77.546,17.727],[77.452,17.695],[77.443,17.584],[77.494,17.568],[77.507,17.542],[77.528,17.575],[77.551,17.552],[77.594,17.565],[77.597,17.534],[77.662,17.523],[77.692,17.497],[77.688,17.475],[77.657,17.481],[77.657,17.507],[77.645,17.478],[77.615,17.473],[77.614,17.446],[77.576,17.456],[77.576,17.431],[77.537,17.444],[77.513,17.431],[77.514,17.414],[77.538,17.406],[77.53,17.371],[77.484,17.355],[77.479,17.371],[77.454,17.374],[77.456,17.331],[77.438,17.292],[77.459,17.279],[77.42,17.238],[77.38,17.222],[77.404,17.21],[77.372,17.196],[77.364,17.159],[77.407,17.125],[77.464,17.11],[77.503,17.014],[77.48,16.996],[77.469,16.919],[77.454,16.914],[77.457,16.83],[77.476,16.788],[77.439,16.789],[77.426,16.723],[77.474,16.717],[77.47,16.687],[77.419,16.669],[77.434,16.641],[77.476,16.65],[77.454,16.617],[77.467,16.599],[77.423,16.569],[77.393,16.57],[77.419,16.549],[77.419,16.522],[77.378,16.514],[77.369,16.489],[77.299,16.496],[77.294,16.477],[77.236,16.473],[77.288,16.409],[77.349,16.384],[77.421,16.366],[77.49,16.385],[77.573,16.341],[77.594,16.344],[77.598,16.293],[77.563,16.302],[77.537,16.267],[77.505,16.276],[77.49,16.255],[77.492,16.229],[77.516,16.228],[77.501,16.222],[77.486,16.163],[77.49,16.12],[77.513,16.108],[77.494,16.086],[77.507,16.08],[77.494,16.037],[77.514,16.008],[77.513,15.927],[77.43,15.949],[77.38,15.94],[77.249,15.965],[77.185,15.957],[77.085,15.919],[77.033,15.857],[77.025,15.838],[77.065,15.827],[77.049,15.73],[77.08,15.727],[77.079,15.695],[77.129,15.666],[77.121,15.631],[77.083,15.659],[77.03,15.635],[77.03,15.503],[76.975,15.511],[76.974,15.498],[77.032,15.436],[77.029,15.404],[77.047,15.39],[77.042,15.362],[77.064,15.328],[77.113,15.334],[77.118,15.295],[77.152,15.292],[77.147,15.273],[77.167,15.269],[77.125,15.227],[77.148,15.224],[77.169,15.171],[77.135,15.15],[77.157,15.141],[77.156,15.123],[77.13,15.101],[77.113,15.034],[77.085,15.031],[77.082,15.006],[77.044,15.01],[77.05,15.033],[77.004,15.034],[76.985,15.015],[76.918,15.035],[76.877,15.03],[76.866,15.06],[76.836,15.079],[76.8,15.096],[76.777,15.078],[76.79,15.021],[76.761,14.99],[76.767,14.976],[76.828,14.956],[76.867,14.97],[76.87,14.938],[76.864,14.896],[76.845,14.889],[76.854,14.809],[76.837,14.811],[76.837,14.791],[76.783,14.786],[76.803,14.742],[76.775,14.681],[76.765,14.602],[76.782,14.597],[76.806,14.531],[76.856,14.51],[76.868,14.474],[76.901,14.489],[76.975,14.485],[76.96,14.451],[76.945,14.451],[76.943,14.4],[76.916,14.421],[76.885,14.396],[76.885,14.348],[76.957,14.294],[76.925,14.274],[76.94,14.245],[77.052,14.246],[77.081,14.214],[77.108,14.22],[77.116,14.292],[77.136,14.337],[77.157,14.342],[77.238,14.317],[77.286,14.34],[77.283,14.283],[77.364,14.276],[77.359,14.234],[77.392,14.199],[77.419,14.212],[77.409,14.26],[77.387,14.271],[77.377,14.305],[77.393,14.336],[77.446,14.317],[77.45,14.281],[77.482,14.292],[77.504,14.264],[77.493,14.231],[77.517,14.184],[77.503,14.157],[77.394,14.174],[77.379,14.136],[77.351,14.13],[77.347,14.104],[77.391,14.127],[77.401,14.119],[77.36,14.063],[77.34,14.06],[77.332,14.031],[77.39,14.017],[77.382,13.976],[77.426,13.986],[77.438,13.976],[77.435,13.948],[77.412,13.946],[77.435,13.915],[77.4,13.888],[77.398,13.906],[77.358,13.903],[77.348,13.916],[77.371,13.953],[77.349,13.958],[77.361,13.991],[77.336,13.995],[77.322,14.03],[77.275,14.011],[77.27,14.034],[77.245,14.012],[77.149,14.001],[77.127,14.047],[77.079,14.043],[77.028,14.062],[77.03,14.088],[77.015,14.1],[77.023,14.177],[76.961,14.182],[76.948,14.198],[76.942,14.173],[76.894,14.168],[76.886,14.138],[76.925,14.137],[76.978,14.071],[76.972,14.058],[76.932,14.054],[76.931,14.03],[76.999,13.99],[76.994,13.963],[77.042,13.933],[77.047,13.907],[77.023,13.903],[77.014,13.86],[76.978,13.827],[76.998,13.746],[77.016,13.738],[77.024,13.779],[77.043,13.778],[77.065,13.744],[77.086,13.743],[77.09,13.767],[77.173,13.762],[77.178,13.783],[77.157,13.806],[77.169,13.83],[77.128,13.856],[77.169,13.865],[77.162,13.907],[77.185,13.925],[77.181,13.87],[77.2,13.863],[77.211,13.886],[77.22,13.868],[77.236,13.904],[77.248,13.901],[77.257,13.847],[77.311,13.867],[77.325,13.833],[77.362,13.854],[77.382,13.839],[77.432,13.843],[77.423,13.799],[77.465,13.806],[77.455,13.682],[77.492,13.69],[77.485,13.715],[77.514,13.713],[77.525,13.691],[77.537,13.731],[77.527,13.754],[77.547,13.753],[77.561,13.722],[77.6,13.751],[77.628,13.735],[77.642,13.747],[77.619,13.755],[77.621,13.768],[77.68,13.787],[77.672,13.76],[77.703,13.77],[77.717,13.741],[77.719,13.8],[77.782,13.818],[77.782,13.844],[77.837,13.87],[77.813,13.915],[77.827,13.945],[77.896,13.941],[77.896,13.92],[77.927,13.905],[77.967,13.96],[77.983,13.958],[77.985,13.897],[77.949,13.886],[77.953,13.827],[77.976,13.829],[78.0,13.873],[78.046,13.862],[78.049,13.896],[78.079,13.881],[78.082,13.861],[78.115,13.863],[78.124,13.845],[78.114,13.807],[78.126,13.786],[78.091,13.742],[78.121,13.716],[78.113,13.693],[78.069,13.698],[78.087,13.643],[78.168,13.656],[78.168,13.633],[78.204,13.628],[78.193,13.565],[78.236,13.599],[78.259,13.582],[78.326,13.595],[78.402,13.587],[78.374,13.509],[78.382,13.397],[78.366,13.359],[78.408,13.346],[78.378,13.337],[78.401,13.315],[78.428,13.331],[78.444,13.308],[78.483,13.321],[78.479,13.301],[78.514,13.291],[78.532,13.267],[78.569,13.309],[78.587,13.281],[78.566,13.221],[78.579,13.216],[78.55,13.19],[78.567,13.193],[78.58,13.167],[78.55,13.164],[78.545,13.142],[78.517,13.132],[78.538,13.106],[78.509,13.091],[78.514,13.062],[78.462,13.043],[78.467,12.975],[78.435,12.981],[78.438,12.964],[78.411,12.945],[78.419,12.922],[78.438,12.929],[78.467,12.905],[78.465,12.867],[78.446,12.912],[78.389,12.907],[78.356,12.941],[78.34,12.903],[78.323,12.902],[78.32,12.887],[78.337,12.882],[78.314,12.876],[78.312,12.859],[78.252,12.861],[78.231,12.761],[78.134,12.782],[78.053,12.854],[78.024,12.856],[78.029,12.845],[78.004,12.826],[78.01,12.806],[77.988,12.808],[77.952,12.857],[77.94,12.853],[77.941,12.823],[77.92,12.828],[77.942,12.872],[77.928,12.875],[77.929,12.891],[77.89,12.87],[77.836,12.87],[77.792,12.843],[77.81,12.832],[77.808,12.797],[77.779,12.768],[77.793,12.748],[77.762,12.735],[77.774,12.724],[77.764,12.7],[77.735,12.694],[77.74,12.673],[77.712,12.683],[77.704,12.661],[77.679,12.66],[77.676,12.679],[77.66,12.684],[77.599,12.667],[77.606,12.629],[77.591,12.615],[77.58,12.552],[77.587,12.515],[77.616,12.509],[77.584,12.479],[77.635,12.488],[77.617,12.368],[77.551,12.291],[77.479,12.271],[77.472,12.208],[77.518,12.194],[77.611,12.206],[77.733,12.178],[77.776,12.112],[77.709,12.036],[77.676,11.952],[77.538,11.932],[77.495,11.944],[77.486,11.887],[77.461,11.9],[77.466,11.847],[77.427,11.761],[77.394,11.788],[77.365,11.79],[77.335,11.771],[77.294,11.809],[77.25,11.813],[77.238,11.795],[77.111,11.773],[77.118,11.721],[77.08,11.736],[77.056,11.77],[77.067,11.788],[77.035,11.77],[77.03,11.805],[76.983,11.812],[76.97,11.777],[76.954,11.792],[76.908,11.795],[76.9,11.784],[76.888,11.734],[76.835,11.655],[76.854,11.597],[76.757,11.619],[76.614,11.608],[76.56,11.623],[76.55,11.674],[76.512,11.705],[76.458,11.664],[76.417,11.672],[76.403,11.711],[76.427,11.726],[76.414,11.759],[76.34,11.739],[76.28,11.812],[76.224,11.808],[76.207,11.862],[76.19,11.871],[76.12,11.85],[76.112,11.979],[76.003,11.931],[75.858,11.959],[75.801,12.037],[75.803,12.079],[75.753,12.085],[75.715,12.07],[75.703,12.108],[75.662,12.098],[75.636,12.148],[75.592,12.147],[75.533,12.2],[75.539,12.216],[75.485,12.29],[75.414,12.29],[75.432,12.309],[75.41,12.347],[75.422,12.373],[75.372,12.4],[75.366,12.457],[75.413,12.459],[75.425,12.47],[75.417,12.498],[75.382,12.502],[75.36,12.465],[75.336,12.464],[75.332,12.5],[75.304,12.503],[75.303,12.523],[75.273,12.537],[75.272,12.57],[75.29,12.584],[75.315,12.574],[75.326,12.594],[75.275,12.62],[75.237,12.568],[75.22,12.568],[75.2,12.589],[75.202,12.629],[75.161,12.621],[75.138,12.645],[75.16,12.672],[75.152,12.682],[75.112,12.681],[75.085,12.705],[75.085,12.674],[75.047,12.667],[75.05,12.719],[75.001,12.715],[75.011,12.728],[74.982,12.738],[75.009,12.768],[75.003,12.792],[74.864,12.759],[74.821,12.854],[74.716,13.313],[74.692,13.346],[74.694,13.453],[74.668,13.636],[74.587,13.917],[74.514,13.987],[74.466,14.196],[74.442,14.225],[74.358,14.516],[74.31,14.52],[74.312,14.547],[74.27,14.627],[74.285,14.637],[74.28,14.679],[74.252,14.704],[74.263,14.718],[74.234,14.747],[74.205,14.736],[74.203,14.718],[74.093,14.804],[74.124,14.805],[74.125,14.84],[74.086,14.901],[74.124,14.925],[74.162,14.912],[74.164,14.959],[74.202,14.926],[74.237,14.967],[74.253,14.959],[74.264,14.979],[74.254,14.998],[74.296,15.041],[74.273,15.098],[74.285,15.149],[74.317,15.186],[74.302,15.224],[74.251,15.259],[74.276,15.284],[74.336,15.295],[74.317,15.329],[74.323,15.368],[74.276,15.392],[74.275,15.449],[74.251,15.492],[74.283,15.531],[74.263,15.564],[74.245,15.567],[74.264,15.616],[74.244,15.626],[74.25,15.657],[74.224,15.669],[74.205,15.651],[74.181,15.682],[74.164,15.654],[74.136,15.648],[74.088,15.672],[74.126,15.681],[74.122,15.721],[74.162,15.751],[74.202,15.759],[74.221,15.786],[74.233,15.787],[74.226,15.763],[74.24,15.743],[74.268,15.755],[74.287,15.742],[74.323,15.773],[74.358,15.775],[74.372,15.798],[74.361,15.818],[74.383,15.849],[74.338,15.855],[74.363,15.875],[74.365,15.894],[74.368,15.894],[74.388,15.854],[74.406,15.856],[74.387,15.905],[74.431,15.956],[74.463,16.039],[74.43,16.059],[74.373,16.037],[74.377,16.055],[74.361,16.054],[74.372,16.078],[74.428,16.112],[74.482,16.089],[74.491,16.104],[74.48,16.147],[74.508,16.202],[74.48,16.25],[74.469,16.24],[74.418,16.258],[74.415,16.283],[74.386,16.277],[74.375,16.296],[74.346,16.294],[74.351,16.275],[74.325,16.272],[74.321,16.285],[74.343,16.298],[74.317,16.327],[74.327,16.342],[74.317,16.381],[74.336,16.394],[74.353,16.366],[74.364,16.405],[74.335,16.401],[74.332,16.455],[74.289,16.463],[74.291,16.505],[74.261,16.48],[74.247,16.497],[74.278,16.505],[74.271,16.548],[74.283,16.525],[74.302,16.529],[74.306,16.504],[74.316,16.555],[74.356,16.56],[74.358,16.538],[74.38,16.529],[74.397,16.583],[74.467,16.607],[74.455,16.647],[74.469,16.664],[74.489,16.63],[74.544,16.635],[74.543,16.595],[74.567,16.585],[74.555,16.565],[74.569,16.554],[74.629,16.578],[74.64,16.61],[74.687,16.607],[74.654,16.639],[74.69,16.677],[74.691,16.716],[74.732,16.718],[74.772,16.751],[74.85,16.773],[74.92,16.773],[74.902,16.863],[74.96,16.881],[74.964,16.91],[74.922,16.93],[74.932,16.945],[74.965,16.927],[74.964,16.948],[74.993,16.952],[75.027,16.944],[75.025,16.928],[75.089,16.952],[75.096,16.914],[75.117,16.913],[75.136,16.875],[75.189,16.875],[75.182,16.843],[75.214,16.842],[75.238,16.868],[75.265,16.863],[75.282,16.88],[75.28,16.957],[75.35,16.958],[75.392,16.98],[75.428,16.967],[75.466,16.988],[75.489,16.945],[75.529,16.969],[75.568,16.966],[75.573,17.01],[75.607,17.005],[75.608,16.971],[75.634,16.97],[75.645,16.954],[75.67,16.962],[75.67,17.038],[75.641,17.038],[75.677,17.065],[75.672,17.116],[75.65,17.116],[75.625,17.174],[75.662,17.215],[75.658,17.263],[75.604,17.305],[75.61,17.345],[75.581,17.351],[75.574,17.383],[75.613,17.392],[75.607,17.42],[75.633,17.477],[75.676,17.456],[75.691,17.41],[75.734,17.42],[75.793,17.37],[75.814,17.373],[75.821,17.421],[75.851,17.411],[75.861,17.386],[75.884,17.418],[75.891,17.357],[75.931,17.323],[76.014,17.354],[76.061,17.355],[76.079,17.332],[76.119,17.371],[76.163,17.345],[76.176,17.301],[76.17,17.353],[76.242,17.379],[76.251,17.36],[76.272,17.361],[76.276,17.335],[76.318,17.333],[76.314,17.348],[76.345,17.354],[76.354,17.314],[76.383,17.315],[76.412,17.351],[76.409,17.371],[76.363,17.378],[76.372,17.436],[76.333,17.434],[76.331,17.47],[76.376,17.49],[76.346,17.493],[76.347,17.513],[76.367,17.519],[76.363,17.537],[76.341,17.542],[76.331,17.597],[76.42,17.604],[76.429,17.645],[76.49,17.661],[76.487,17.715],[76.524,17.715],[76.523,17.76],[76.573,17.761],[76.57,17.705],[76.582,17.706],[76.615,17.77],[76.664,17.687],[76.691,17.681],[76.7,17.727],[76.728,17.737],[76.714,17.781],[76.762,17.787],[76.79,17.826],[76.768,17.852],[76.738,17.857],[76.74,17.9],[76.768,17.901],[76.775,17.878],[76.807,17.871],[76.81,17.887],[76.839,17.899],[76.884,17.894],[76.901,17.917],[76.919,17.916],[76.906,18.01],[76.914,18.035],[76.952,18.04],[76.945,18.083],[76.966,18.098],[76.921,18.118],[76.952,18.188],[76.991,18.19],[77.001,18.161],[77.023,18.159],[77.033,18.182],[77.064,18.151],[77.112,18.156],[77.098,18.197],[77.152,18.217],[77.175,18.285],[77.213,18.28],[77.199,18.315],[77.219,18.326],[77.226,18.365],[77.246,18.371],[77.234,18.388],[77.242,18.412],[77.315,18.443],[77.318,18.423],[77.336,18.421],[77.366,18.452]]],[[[77.303,18.475],[77.293,18.457],[77.267,18.456],[77.277,18.477],[77.303,18.475]]]]}},{"type":"Feature","properties":{"sid":"S16","name":"Kerala","shd_src_id":"17"},"geometry":{"type":"Polygon","coordinates":[[[74.989,12.796],[75.009,12.768],[74.982,12.738],[75.011,12.728],[75.001,12.715],[75.05,12.719],[75.047,12.667],[75.085,12.674],[75.085,12.705],[75.112,12.681],[75.152,12.682],[75.16,12.672],[75.138,12.645],[75.161,12.621],[75.202,12.629],[75.2,12.589],[75.22,12.568],[75.237,12.568],[75.275,12.62],[75.326,12.594],[75.315,12.574],[75.29,12.584],[75.272,12.57],[75.27,12.55],[75.28,12.524],[75.303,12.523],[75.304,12.503],[75.332,12.5],[75.336,12.464],[75.36,12.465],[75.382,12.502],[75.416,12.5],[75.423,12.467],[75.393,12.451],[75.366,12.457],[75.372,12.4],[75.422,12.373],[75.41,12.347],[75.432,12.309],[75.414,12.29],[75.485,12.29],[75.539,12.216],[75.533,12.2],[75.577,12.157],[75.636,12.148],[75.662,12.098],[75.703,12.108],[75.715,12.07],[75.753,12.085],[75.803,12.079],[75.801,12.037],[75.829,11.985],[75.87,11.952],[76.003,11.931],[76.112,11.979],[76.12,11.85],[76.19,11.871],[76.207,11.862],[76.224,11.808],[76.28,11.812],[76.34,11.739],[76.414,11.759],[76.427,11.726],[76.403,11.708],[76.443,11.644],[76.388,11.63],[76.378,11.602],[76.336,11.596],[76.302,11.571],[76.279,11.601],[76.234,11.571],[76.251,11.537],[76.24,11.527],[76.247,11.468],[76.284,11.483],[76.326,11.454],[76.342,11.468],[76.398,11.436],[76.419,11.442],[76.416,11.423],[76.46,11.389],[76.518,11.372],[76.508,11.354],[76.548,11.359],[76.546,11.3],[76.522,11.271],[76.453,11.239],[76.439,11.199],[76.458,11.188],[76.472,11.209],[76.496,11.211],[76.534,11.186],[76.629,11.194],[76.706,11.24],[76.734,11.218],[76.729,11.191],[76.698,11.174],[76.7,11.154],[76.748,11.135],[76.746,11.057],[76.778,11.042],[76.801,11.054],[76.766,11.029],[76.718,11.041],[76.7,11.027],[76.659,10.931],[76.741,10.891],[76.828,10.873],[76.854,10.84],[76.848,10.819],[76.901,10.808],[76.907,10.783],[76.892,10.718],[76.867,10.694],[76.882,10.639],[76.814,10.635],[76.81,10.624],[76.817,10.603],[76.839,10.596],[76.843,10.537],[76.816,10.423],[76.849,10.367],[76.83,10.303],[76.848,10.285],[76.873,10.297],[76.873,10.276],[76.912,10.234],[76.984,10.22],[77.048,10.259],[77.044,10.284],[77.091,10.315],[77.12,10.318],[77.176,10.359],[77.235,10.353],[77.227,10.316],[77.263,10.264],[77.259,10.23],[77.281,10.237],[77.295,10.218],[77.275,10.185],[77.268,10.122],[77.238,10.131],[77.201,10.107],[77.264,10.029],[77.255,10.012],[77.273,9.964],[77.247,9.952],[77.218,9.905],[77.212,9.877],[77.237,9.852],[77.222,9.823],[77.247,9.798],[77.223,9.788],[77.224,9.73],[77.203,9.722],[77.207,9.695],[77.166,9.613],[77.209,9.613],[77.234,9.582],[77.27,9.573],[77.318,9.603],[77.339,9.573],[77.361,9.602],[77.35,9.567],[77.365,9.535],[77.385,9.519],[77.4,9.527],[77.412,9.509],[77.392,9.459],[77.366,9.46],[77.349,9.441],[77.325,9.337],[77.3,9.337],[77.299,9.311],[77.283,9.301],[77.282,9.217],[77.252,9.189],[77.268,9.153],[77.212,9.1],[77.197,9.046],[77.167,9.045],[77.147,9.021],[77.196,8.955],[77.193,8.926],[77.221,8.927],[77.221,8.904],[77.258,8.875],[77.264,8.842],[77.229,8.784],[77.197,8.768],[77.191,8.742],[77.17,8.742],[77.284,8.547],[77.262,8.506],[77.201,8.501],[77.227,8.447],[77.206,8.444],[77.168,8.384],[77.151,8.384],[77.152,8.355],[77.174,8.358],[77.175,8.32],[77.148,8.332],[77.096,8.293],[76.979,8.382],[76.618,8.851],[76.547,8.902],[76.518,9.017],[76.33,9.438],[76.239,9.971],[76.222,9.978],[76.074,10.439],[75.91,10.786],[75.828,11.119],[75.795,11.157],[75.758,11.29],[75.698,11.425],[75.664,11.462],[75.617,11.476],[75.537,11.693],[75.544,11.704],[75.53,11.703],[75.453,11.771],[75.386,11.856],[75.356,11.86],[75.241,12.015],[75.201,12.006],[75.072,12.318],[74.984,12.474],[74.864,12.759],[74.982,12.78],[74.989,12.796]],[[75.533,11.757],[75.54,11.738],[75.53,11.709],[75.558,11.722],[75.545,11.759],[75.533,11.757]]]}},{"type":"Feature","properties":{"sid":"S17","name":"Lakshadweep","shd_src_id":"18"},"geometry":{"type":"MultiPolygon","coordinates":[[[[73.01,8.303],[73.085,8.327],[73.069,8.282],[73.047,8.261],[73.01,8.27],[73.01,8.303]]],[[[73.646,10.053],[73.622,10.075],[73.62,10.102],[73.66,10.155],[73.646,10.053]]],[[[72.329,10.139],[72.342,10.099],[72.32,10.053],[72.301,10.03],[72.241,10.008],[72.245,10.056],[72.329,10.139]]],[[[72.62,10.539],[72.616,10.554],[72.642,10.581],[72.651,10.562],[72.62,10.539]]],[[[73.659,10.814],[73.7,10.816],[73.704,10.811],[73.663,10.802],[73.659,10.814]]],[[[72.538,10.781],[72.531,10.78],[72.537,10.783],[72.538,10.781]]],[[[72.204,10.866],[72.163,10.812],[72.207,10.878],[72.204,10.866]]],[[[72.288,10.946],[72.294,10.935],[72.285,10.935],[72.288,10.946]]],[[[72.317,10.948],[72.321,10.944],[72.316,10.942],[72.317,10.948]]],[[[72.334,10.952],[72.332,10.949],[72.328,10.95],[72.334,10.952]]],[[[72.332,10.953],[72.335,10.954],[72.335,10.952],[72.332,10.953]]],[[[72.336,10.956],[72.334,10.955],[72.335,10.958],[72.336,10.956]]],[[[72.722,11.112],[72.719,11.126],[72.735,11.135],[72.733,11.125],[72.722,11.112]]],[[[72.1,11.222],[72.08,11.136],[72.055,11.121],[72.001,11.194],[72.067,11.193],[72.1,11.222]]],[[[72.764,11.181],[72.78,11.24],[72.791,11.259],[72.778,11.214],[72.764,11.181]]],[[[74.101,11.204],[74.056,11.211],[74.001,11.25],[73.965,11.306],[73.973,11.344],[74.012,11.349],[74.09,11.298],[74.123,11.239],[74.101,11.204]]],[[[73.009,11.467],[73.0,11.478],[73.001,11.497],[73.011,11.488],[73.009,11.467]]],[[[72.187,11.492],[72.155,11.496],[72.139,11.524],[72.138,11.554],[72.173,11.607],[72.195,11.591],[72.187,11.492]]],[[[72.719,11.695],[72.709,11.679],[72.701,11.684],[72.708,11.7],[72.719,11.695]]],[[[71.842,11.822],[71.782,11.835],[71.761,11.872],[71.752,11.928],[71.731,11.954],[71.773,12.004],[71.795,11.987],[71.831,11.893],[71.842,11.822]]],[[[71.901,12.285],[71.88,12.389],[71.897,12.403],[71.927,12.374],[71.901,12.285]]]]}},{"type":"Feature","properties":{"sid":"S18","name":"Ladakh","shd_src_id":"19"},"geometry":{"type":"Polygon","coordinates":[[[74.707,37.087],[74.749,37.019],[74.769,37.041],[74.839,37.036],[74.835,37.005],[74.916,36.92],[75.016,36.991],[75.109,36.962],[75.211,37.05],[75.341,37.061],[75.354,36.988],[75.418,36.972],[75.407,36.908],[75.45,36.889],[75.463,36.83],[75.613,36.775],[75.744,36.608],[75.807,36.563],[75.852,36.558],[75.945,36.512],[76.071,36.484],[76.164,36.406],[76.267,36.359],[76.354,36.369],[76.437,36.31],[76.449,36.272],[76.437,36.258],[76.481,36.22],[76.594,36.178],[76.656,36.192],[76.711,36.14],[76.72,36.098],[76.784,36.072],[76.814,36.041],[76.732,35.955],[76.783,35.905],[76.807,35.85],[76.861,35.836],[76.936,35.789],[77.001,35.776],[77.116,35.798],[77.152,35.769],[77.176,35.768],[77.18,35.73],[77.213,35.733],[77.258,35.704],[77.287,35.723],[77.321,35.701],[77.336,35.72],[77.366,35.715],[77.412,35.656],[77.438,35.656],[77.44,35.602],[77.472,35.584],[77.465,35.55],[77.483,35.53],[77.431,35.514],[77.389,35.539],[77.332,35.53],[77.385,35.474],[77.444,35.459],[77.496,35.478],[77.629,35.465],[77.653,35.481],[77.685,35.467],[77.729,35.477],[77.736,35.521],[77.786,35.488],[77.829,35.505],[77.912,35.461],[77.929,35.49],[77.985,35.448],[77.939,35.507],[77.968,35.572],[77.958,35.605],[78.001,35.582],[78.056,35.582],[78.084,35.552],[78.137,35.537],[78.165,35.552],[78.17,35.625],[78.197,35.623],[78.212,35.666],[78.266,35.647],[78.285,35.664],[78.277,35.718],[78.404,35.736],[78.443,35.784],[78.534,35.763],[78.646,35.821],[78.673,35.854],[78.786,35.869],[78.839,35.856],[78.925,35.868],[78.969,35.89],[79.032,35.848],[79.165,35.838],[79.213,35.878],[79.204,35.928],[79.231,35.972],[79.358,35.992],[79.41,35.986],[79.44,35.894],[79.536,35.88],[79.751,35.797],[79.899,35.775],[79.968,35.825],[80.016,35.826],[80.129,35.657],[80.213,35.639],[80.312,35.588],[80.315,35.536],[80.345,35.461],[80.298,35.417],[80.297,35.353],[80.243,35.208],[80.185,35.131],[80.187,35.008],[80.127,34.873],[80.075,34.805],[80.065,34.693],[79.945,34.661],[79.878,34.675],[79.777,34.61],[79.794,34.581],[79.77,34.538],[79.821,34.514],[79.816,34.483],[79.791,34.467],[79.598,34.487],[79.522,34.464],[79.532,34.409],[79.569,34.401],[79.569,34.32],[79.597,34.278],[79.592,34.236],[79.54,34.191],[79.513,34.201],[79.494,34.185],[79.496,34.124],[79.421,34.076],[79.415,34.042],[79.437,34.013],[79.416,33.999],[79.374,34.027],[79.283,34.028],[79.173,34.058],[79.148,34.055],[79.138,34.018],[79.113,34.009],[79.001,34.034],[78.953,34.013],[78.918,33.964],[79.013,33.783],[79.06,33.776],[79.016,33.702],[79.046,33.674],[79.078,33.686],[79.1,33.616],[78.903,33.622],[78.915,33.606],[78.906,33.574],[78.944,33.526],[78.927,33.454],[78.955,33.382],[78.987,33.331],[79.108,33.289],[79.224,33.296],[79.446,33.258],[79.443,33.2],[79.373,33.106],[79.38,33.028],[79.325,33.012],[79.446,32.912],[79.557,32.768],[79.588,32.766],[79.612,32.735],[79.567,32.67],[79.537,32.66],[79.429,32.524],[79.385,32.523],[79.373,32.56],[79.305,32.586],[79.26,32.523],[79.182,32.474],[79.125,32.465],[79.135,32.432],[79.094,32.377],[79.045,32.387],[79.004,32.375],[78.971,32.336],[78.807,32.444],[78.759,32.568],[78.782,32.596],[78.743,32.655],[78.751,32.693],[78.709,32.656],[78.648,32.644],[78.605,32.591],[78.566,32.615],[78.451,32.578],[78.319,32.444],[78.283,32.469],[78.313,32.574],[78.404,32.62],[78.38,32.654],[78.387,32.757],[78.309,32.736],[78.312,32.709],[78.253,32.691],[78.245,32.671],[78.2,32.66],[78.169,32.675],[78.138,32.639],[78.11,32.659],[78.082,32.621],[78.05,32.632],[78.052,32.588],[77.999,32.583],[77.918,32.69],[77.933,32.761],[77.897,32.772],[77.864,32.825],[77.784,32.855],[77.784,32.882],[77.807,32.902],[77.708,32.977],[77.682,32.983],[77.67,32.957],[77.602,32.939],[77.538,32.885],[77.501,32.884],[77.47,32.858],[77.445,32.879],[77.407,32.883],[77.375,32.855],[77.373,32.823],[77.339,32.816],[77.322,32.851],[77.301,32.849],[77.274,32.873],[77.254,32.863],[77.243,32.891],[77.204,32.905],[77.188,32.928],[77.171,32.91],[77.156,32.911],[77.165,32.935],[77.151,32.977],[77.087,32.972],[77.048,32.998],[77.01,32.988],[76.93,33.031],[76.91,33.094],[76.886,33.121],[76.856,33.114],[76.818,33.159],[76.845,33.246],[76.822,33.235],[76.801,33.255],[76.756,33.248],[76.737,33.261],[76.718,33.329],[76.671,33.342],[76.629,33.435],[76.582,33.426],[76.569,33.466],[76.55,33.464],[76.502,33.516],[76.459,33.534],[76.451,33.562],[76.415,33.539],[76.38,33.553],[76.381,33.577],[76.359,33.604],[76.308,33.61],[76.31,33.571],[76.225,33.548],[76.205,33.569],[76.24,33.605],[76.229,33.63],[76.285,33.662],[76.266,33.68],[76.265,33.747],[76.213,33.761],[76.185,33.8],[76.161,33.802],[76.16,33.837],[76.123,33.889],[76.033,33.92],[76.049,33.934],[76.024,33.982],[75.978,33.972],[75.966,33.954],[75.909,33.969],[75.831,33.959],[75.82,33.972],[75.843,34.005],[75.818,34.008],[75.769,34.055],[75.737,34.059],[75.743,34.073],[75.719,34.103],[75.668,34.144],[75.685,34.2],[75.648,34.212],[75.593,34.198],[75.58,34.214],[75.495,34.232],[75.475,34.278],[75.403,34.285],[75.376,34.342],[75.386,34.366],[75.367,34.391],[75.372,34.413],[75.328,34.44],[75.353,34.469],[75.343,34.489],[75.366,34.538],[75.344,34.563],[75.253,34.604],[75.242,34.638],[75.221,34.634],[75.206,34.644],[75.216,34.653],[75.175,34.661],[75.022,34.637],[74.927,34.675],[74.732,34.681],[74.652,34.707],[74.568,34.778],[74.33,34.791],[74.414,34.81],[74.456,34.861],[74.539,34.866],[74.571,34.889],[74.571,34.976],[74.585,35.018],[74.531,35.046],[74.54,35.075],[74.499,35.116],[74.439,35.13],[74.382,35.068],[74.305,35.068],[74.265,35.041],[74.215,35.094],[74.156,35.091],[74.106,35.126],[74.112,35.149],[74.034,35.147],[74.003,35.184],[73.957,35.168],[73.925,35.204],[73.861,35.207],[73.808,35.239],[73.771,35.236],[73.729,35.21],[73.708,35.222],[73.725,35.273],[73.695,35.318],[73.694,35.359],[73.727,35.419],[73.792,35.454],[73.779,35.523],[73.73,35.529],[73.721,35.549],[73.659,35.548],[73.628,35.569],[73.562,35.546],[73.528,35.567],[73.502,35.558],[73.477,35.572],[73.398,35.557],[73.364,35.597],[73.269,35.624],[73.133,35.711],[73.127,35.776],[73.149,35.831],[73.084,35.877],[73.029,35.847],[72.987,35.86],[72.918,35.839],[72.892,35.845],[72.891,35.874],[72.839,35.867],[72.819,35.882],[72.784,35.841],[72.761,35.832],[72.727,35.853],[72.684,35.823],[72.628,35.858],[72.585,35.859],[72.558,35.898],[72.518,35.905],[72.513,35.939],[72.535,35.951],[72.539,35.985],[72.56,35.987],[72.585,36.025],[72.517,36.067],[72.528,36.11],[72.562,36.14],[72.536,36.173],[72.547,36.205],[72.574,36.224],[72.585,36.257],[72.612,36.269],[72.685,36.244],[72.681,36.271],[72.759,36.299],[72.816,36.356],[72.854,36.366],[72.876,36.395],[72.86,36.436],[72.908,36.461],[72.979,36.457],[72.978,36.512],[73.052,36.533],[73.097,36.606],[73.074,36.629],[73.068,36.701],[73.116,36.684],[73.171,36.724],[73.201,36.696],[73.238,36.712],[73.294,36.704],[73.348,36.716],[73.352,36.735],[73.421,36.743],[73.498,36.713],[73.579,36.722],[73.593,36.693],[73.683,36.687],[73.71,36.712],[73.775,36.702],[73.796,36.719],[73.872,36.701],[73.885,36.73],[73.868,36.766],[73.837,36.795],[73.802,36.794],[73.798,36.818],[73.759,36.816],[73.706,36.838],[73.706,36.858],[73.667,36.881],[73.671,36.912],[73.729,36.898],[73.751,36.91],[73.801,36.887],[73.82,36.903],[73.859,36.897],[73.893,36.875],[73.915,36.883],[73.961,36.839],[74.047,36.811],[74.086,36.842],[74.133,36.848],[74.156,36.911],[74.249,36.894],[74.426,36.996],[74.523,36.995],[74.54,36.963],[74.564,36.958],[74.58,37.021],[74.568,37.052],[74.69,37.088],[74.707,37.087]]]}},{"type":"Feature","properties":{"sid":"S19","name":"Maharashtra","shd_src_id":"20"},"geometry":{"type":"MultiPolygon","coordinates":[[[[72.724,19.466],[72.738,19.465],[72.735,19.454],[72.724,19.466]]],[[[74.389,22.033],[74.443,22.023],[74.452,22.004],[74.432,21.999],[74.439,21.977],[74.489,21.956],[74.524,21.912],[74.498,21.79],[74.514,21.766],[74.505,21.726],[74.547,21.72],[74.554,21.681],[74.58,21.683],[74.582,21.665],[74.783,21.611],[74.829,21.61],[74.863,21.634],[74.901,21.629],[74.915,21.613],[75.052,21.567],[75.126,21.449],[75.217,21.409],[75.295,21.414],[75.3,21.385],[75.357,21.401],[75.382,21.379],[75.52,21.387],[75.544,21.369],[75.607,21.392],[75.623,21.375],[75.67,21.375],[75.728,21.389],[75.833,21.377],[75.89,21.395],[75.911,21.382],[75.963,21.39],[76.048,21.349],[76.096,21.371],[76.128,21.287],[76.159,21.255],[76.141,21.228],[76.165,21.221],[76.176,21.184],[76.172,21.167],[76.128,21.176],[76.112,21.155],[76.135,21.121],[76.17,21.104],[76.167,21.079],[76.26,21.09],[76.279,21.07],[76.375,21.073],[76.412,21.088],[76.41,21.102],[76.456,21.108],[76.493,21.194],[76.53,21.182],[76.567,21.199],[76.623,21.185],[76.641,21.236],[76.661,21.241],[76.663,21.28],[76.622,21.332],[76.74,21.411],[76.744,21.44],[76.786,21.465],[76.796,21.489],[76.763,21.521],[76.789,21.536],[76.781,21.565],[76.795,21.594],[76.833,21.589],[76.854,21.613],[76.902,21.597],[77.073,21.719],[77.165,21.711],[77.176,21.726],[77.21,21.69],[77.227,21.717],[77.287,21.722],[77.29,21.76],[77.404,21.752],[77.479,21.77],[77.479,21.754],[77.542,21.706],[77.576,21.621],[77.577,21.555],[77.595,21.559],[77.612,21.539],[77.575,21.526],[77.455,21.554],[77.426,21.538],[77.422,21.517],[77.442,21.471],[77.473,21.455],[77.488,21.374],[77.514,21.376],[77.532,21.419],[77.562,21.396],[77.563,21.369],[77.587,21.363],[77.608,21.365],[77.606,21.391],[77.654,21.391],[77.67,21.369],[77.692,21.398],[77.71,21.357],[77.737,21.362],[77.75,21.383],[77.797,21.389],[77.801,21.409],[77.883,21.376],[77.941,21.386],[78.176,21.499],[78.182,21.557],[78.274,21.569],[78.266,21.592],[78.303,21.584],[78.306,21.569],[78.343,21.589],[78.363,21.575],[78.382,21.592],[78.373,21.613],[78.387,21.615],[78.427,21.599],[78.424,21.544],[78.436,21.501],[78.451,21.497],[78.512,21.529],[78.57,21.514],[78.586,21.487],[78.689,21.482],[78.728,21.462],[78.751,21.493],[78.776,21.465],[78.8,21.49],[78.891,21.485],[78.899,21.5],[78.937,21.486],[78.944,21.516],[78.907,21.553],[78.932,21.562],[78.914,21.571],[78.917,21.591],[78.998,21.619],[79.012,21.599],[79.094,21.598],[79.154,21.66],[79.224,21.649],[79.231,21.722],[79.352,21.678],[79.392,21.674],[79.422,21.692],[79.496,21.674],[79.517,21.625],[79.504,21.615],[79.512,21.584],[79.543,21.568],[79.541,21.543],[79.652,21.556],[79.661,21.577],[79.738,21.604],[79.792,21.587],[79.831,21.547],[79.891,21.518],[79.918,21.524],[79.936,21.556],[79.971,21.558],[79.998,21.533],[80.033,21.556],[80.067,21.554],[80.12,21.61],[80.155,21.606],[80.193,21.635],[80.254,21.625],[80.298,21.575],[80.328,21.571],[80.331,21.548],[80.376,21.523],[80.422,21.44],[80.396,21.408],[80.412,21.377],[80.449,21.372],[80.458,21.403],[80.528,21.395],[80.599,21.327],[80.662,21.335],[80.682,21.313],[80.614,21.226],[80.464,21.175],[80.445,21.122],[80.458,21.114],[80.439,21.097],[80.453,21.039],[80.424,21.009],[80.444,20.994],[80.464,20.929],[80.546,20.935],[80.562,20.824],[80.552,20.764],[80.588,20.685],[80.52,20.656],[80.481,20.618],[80.521,20.58],[80.581,20.608],[80.632,20.598],[80.617,20.585],[80.627,20.563],[80.602,20.45],[80.614,20.435],[80.591,20.393],[80.626,20.333],[80.55,20.309],[80.519,20.266],[80.481,20.275],[80.395,20.245],[80.422,20.206],[80.389,20.165],[80.402,20.147],[80.434,20.135],[80.46,20.151],[80.506,20.144],[80.552,20.118],[80.544,20.096],[80.557,20.072],[80.55,19.986],[80.53,19.939],[80.489,19.93],[80.452,19.957],[80.411,19.938],[80.414,19.907],[80.491,19.902],[80.506,19.871],[80.441,19.81],[80.402,19.817],[80.402,19.796],[80.464,19.796],[80.489,19.77],[80.485,19.802],[80.469,19.81],[80.481,19.828],[80.546,19.818],[80.553,19.765],[80.677,19.699],[80.666,19.612],[80.719,19.615],[80.769,19.588],[80.775,19.563],[80.835,19.567],[80.857,19.523],[80.895,19.52],[80.898,19.481],[80.882,19.452],[80.83,19.443],[80.81,19.421],[80.828,19.38],[80.853,19.364],[80.757,19.29],[80.711,19.282],[80.69,19.287],[80.68,19.33],[80.613,19.309],[80.576,19.402],[80.52,19.348],[80.484,19.34],[80.449,19.266],[80.385,19.236],[80.383,19.178],[80.333,19.145],[80.33,19.07],[80.297,19.049],[80.303,19.022],[80.273,18.993],[80.271,18.938],[80.349,18.848],[80.352,18.816],[80.3,18.794],[80.275,18.765],[80.245,18.765],[80.271,18.724],[80.251,18.708],[80.213,18.706],[80.197,18.681],[80.158,18.701],[80.118,18.681],[80.053,18.725],[80.019,18.77],[79.964,18.774],[79.914,18.824],[79.962,18.867],[79.94,19.032],[79.929,19.049],[79.871,19.041],[79.858,19.102],[79.946,19.169],[79.925,19.227],[79.966,19.303],[79.959,19.336],[79.98,19.39],[79.945,19.47],[79.865,19.511],[79.814,19.576],[79.743,19.609],[79.709,19.584],[79.628,19.573],[79.596,19.507],[79.553,19.524],[79.54,19.555],[79.519,19.543],[79.519,19.52],[79.471,19.5],[79.366,19.576],[79.314,19.566],[79.307,19.597],[79.244,19.617],[79.253,19.593],[79.24,19.535],[79.204,19.494],[79.224,19.469],[79.19,19.459],[79.098,19.532],[79.046,19.548],[78.998,19.54],[78.981,19.561],[78.94,19.552],[78.973,19.582],[78.956,19.6],[78.956,19.656],[78.904,19.67],[78.887,19.655],[78.852,19.658],[78.86,19.689],[78.841,19.762],[78.802,19.757],[78.782,19.778],[78.74,19.783],[78.719,19.767],[78.693,19.791],[78.552,19.824],[78.515,19.819],[78.49,19.793],[78.472,19.817],[78.423,19.818],[78.386,19.845],[78.381,19.88],[78.332,19.885],[78.332,19.913],[78.307,19.914],[78.286,19.848],[78.336,19.838],[78.334,19.815],[78.357,19.805],[78.365,19.781],[78.343,19.713],[78.312,19.691],[78.276,19.692],[78.263,19.665],[78.29,19.646],[78.306,19.607],[78.304,19.569],[78.274,19.554],[78.293,19.542],[78.304,19.456],[78.27,19.456],[78.195,19.407],[78.176,19.412],[78.188,19.395],[78.172,19.349],[78.194,19.315],[78.175,19.238],[78.145,19.229],[78.117,19.249],[78.089,19.239],[78.079,19.255],[78.056,19.237],[78.042,19.243],[78.043,19.271],[77.945,19.342],[77.863,19.304],[77.866,19.284],[77.908,19.268],[77.871,19.255],[77.848,19.19],[77.86,19.18],[77.834,19.134],[77.85,19.089],[77.81,19.105],[77.8,19.051],[77.765,19.063],[77.762,19.033],[77.771,18.979],[77.822,18.979],[77.819,18.946],[77.859,18.949],[77.843,18.909],[77.885,18.904],[77.903,18.867],[77.93,18.859],[77.949,18.83],[77.84,18.805],[77.787,18.683],[77.768,18.706],[77.754,18.701],[77.73,18.667],[77.75,18.589],[77.738,18.557],[77.656,18.531],[77.648,18.555],[77.596,18.549],[77.586,18.504],[77.605,18.496],[77.603,18.477],[77.576,18.487],[77.573,18.47],[77.549,18.469],[77.585,18.447],[77.528,18.442],[77.557,18.417],[77.522,18.346],[77.571,18.309],[77.551,18.292],[77.513,18.31],[77.512,18.282],[77.465,18.263],[77.44,18.283],[77.438,18.31],[77.366,18.307],[77.357,18.32],[77.4,18.347],[77.395,18.369],[77.414,18.393],[77.373,18.401],[77.366,18.452],[77.335,18.421],[77.318,18.423],[77.315,18.443],[77.242,18.412],[77.234,18.388],[77.246,18.371],[77.226,18.365],[77.219,18.326],[77.199,18.315],[77.213,18.28],[77.175,18.285],[77.152,18.217],[77.098,18.197],[77.112,18.156],[77.064,18.151],[77.033,18.182],[77.023,18.159],[77.001,18.161],[76.991,18.19],[76.952,18.188],[76.921,18.118],[76.966,18.098],[76.945,18.083],[76.952,18.04],[76.914,18.035],[76.906,18.01],[76.919,17.916],[76.901,17.917],[76.884,17.894],[76.839,17.899],[76.81,17.887],[76.807,17.871],[76.775,17.878],[76.768,17.901],[76.74,17.9],[76.738,17.857],[76.768,17.852],[76.79,17.826],[76.762,17.787],[76.714,17.781],[76.728,17.737],[76.7,17.727],[76.691,17.681],[76.664,17.687],[76.615,17.77],[76.582,17.706],[76.57,17.705],[76.573,17.761],[76.523,17.76],[76.524,17.715],[76.487,17.715],[76.49,17.661],[76.429,17.645],[76.42,17.604],[76.331,17.597],[76.341,17.542],[76.363,17.537],[76.367,17.519],[76.347,17.513],[76.346,17.493],[76.376,17.49],[76.331,17.47],[76.333,17.434],[76.372,17.436],[76.363,17.378],[76.409,17.371],[76.412,17.351],[76.383,17.315],[76.354,17.314],[76.345,17.354],[76.314,17.348],[76.318,17.333],[76.276,17.335],[76.272,17.361],[76.251,17.36],[76.242,17.379],[76.17,17.353],[76.176,17.301],[76.163,17.345],[76.119,17.371],[76.079,17.332],[76.061,17.355],[76.014,17.354],[75.931,17.323],[75.891,17.357],[75.884,17.418],[75.861,17.386],[75.851,17.411],[75.821,17.421],[75.814,17.373],[75.793,17.37],[75.734,17.42],[75.691,17.41],[75.676,17.456],[75.633,17.477],[75.607,17.42],[75.613,17.392],[75.574,17.383],[75.581,17.351],[75.61,17.345],[75.604,17.305],[75.658,17.263],[75.662,17.215],[75.625,17.174],[75.65,17.116],[75.672,17.116],[75.677,17.065],[75.641,17.038],[75.67,17.038],[75.67,16.962],[75.645,16.954],[75.634,16.97],[75.608,16.971],[75.607,17.005],[75.573,17.01],[75.568,16.966],[75.529,16.969],[75.489,16.945],[75.466,16.988],[75.428,16.967],[75.392,16.98],[75.35,16.958],[75.28,16.957],[75.282,16.88],[75.265,16.863],[75.238,16.868],[75.214,16.842],[75.182,16.843],[75.189,16.875],[75.136,16.875],[75.117,16.913],[75.096,16.914],[75.089,16.952],[75.025,16.928],[75.027,16.944],[74.993,16.952],[74.964,16.948],[74.965,16.927],[74.932,16.945],[74.922,16.93],[74.964,16.91],[74.96,16.881],[74.902,16.863],[74.92,16.773],[74.85,16.773],[74.772,16.751],[74.732,16.718],[74.691,16.716],[74.69,16.677],[74.654,16.639],[74.687,16.607],[74.64,16.61],[74.629,16.578],[74.569,16.554],[74.555,16.565],[74.567,16.585],[74.543,16.595],[74.544,16.635],[74.489,16.63],[74.469,16.664],[74.455,16.647],[74.467,16.607],[74.397,16.583],[74.38,16.529],[74.358,16.538],[74.356,16.56],[74.316,16.555],[74.306,16.504],[74.301,16.529],[74.264,16.54],[74.278,16.505],[74.247,16.497],[74.261,16.48],[74.291,16.505],[74.289,16.463],[74.332,16.455],[74.335,16.401],[74.364,16.405],[74.353,16.366],[74.336,16.394],[74.317,16.381],[74.327,16.342],[74.317,16.327],[74.343,16.298],[74.321,16.285],[74.325,16.272],[74.351,16.275],[74.346,16.294],[74.414,16.283],[74.418,16.258],[74.469,16.24],[74.48,16.25],[74.508,16.202],[74.48,16.147],[74.484,16.092],[74.428,16.112],[74.372,16.078],[74.361,16.054],[74.377,16.055],[74.373,16.037],[74.43,16.059],[74.463,16.039],[74.431,15.956],[74.387,15.905],[74.406,15.856],[74.388,15.854],[74.368,15.894],[74.338,15.855],[74.383,15.849],[74.361,15.818],[74.372,15.798],[74.358,15.775],[74.323,15.773],[74.287,15.742],[74.268,15.755],[74.242,15.743],[74.228,15.757],[74.233,15.787],[74.209,15.781],[74.202,15.759],[74.162,15.751],[74.122,15.721],[74.126,15.681],[74.088,15.672],[74.113,15.646],[74.031,15.623],[74.021,15.606],[73.968,15.63],[73.964,15.691],[73.944,15.698],[73.952,15.716],[73.939,15.743],[73.875,15.751],[73.88,15.774],[73.858,15.8],[73.823,15.74],[73.785,15.725],[73.675,15.727],[73.65,15.745],[73.663,15.759],[73.652,15.794],[73.587,15.911],[73.51,15.937],[73.483,16.034],[73.457,16.04],[73.465,16.076],[73.438,16.193],[73.385,16.354],[73.369,16.363],[73.355,16.44],[73.316,16.512],[73.317,16.556],[73.345,16.573],[73.317,16.602],[73.351,16.616],[73.33,16.621],[73.342,16.629],[73.324,16.637],[73.333,16.656],[73.306,16.729],[73.316,16.805],[73.296,16.815],[73.286,16.874],[73.299,16.892],[73.277,16.892],[73.292,16.979],[73.267,16.991],[73.279,17.019],[73.254,17.027],[73.256,17.047],[73.285,17.048],[73.285,17.084],[73.252,17.186],[73.232,17.199],[73.245,17.205],[73.241,17.225],[73.19,17.298],[73.21,17.306],[73.227,17.287],[73.259,17.286],[73.232,17.29],[73.242,17.314],[73.219,17.329],[73.207,17.383],[73.168,17.403],[73.197,17.439],[73.185,17.443],[73.191,17.469],[73.174,17.517],[73.137,17.556],[73.153,17.599],[73.114,17.689],[73.134,17.716],[73.1,17.805],[73.087,17.807],[73.094,17.825],[73.051,17.931],[73.031,17.943],[73.04,17.978],[73.018,17.99],[73.002,18.02],[73.009,18.042],[72.99,18.056],[72.997,18.084],[72.971,18.133],[72.987,18.158],[72.974,18.201],[72.932,18.22],[72.938,18.284],[72.974,18.266],[72.984,18.288],[72.946,18.339],[72.914,18.353],[72.926,18.383],[72.905,18.405],[72.894,18.472],[72.911,18.503],[72.905,18.539],[72.921,18.551],[72.879,18.633],[72.861,18.63],[72.851,18.699],[72.869,18.811],[72.916,18.794],[72.943,18.83],[72.961,18.8],[72.997,18.78],[72.975,18.803],[72.985,18.861],[72.951,18.842],[72.918,18.856],[72.904,18.904],[72.937,18.945],[72.899,18.961],[72.952,18.978],[72.987,19.036],[72.967,19.042],[72.909,18.991],[72.886,18.994],[72.881,19.012],[72.863,19.005],[72.845,18.925],[72.807,18.889],[72.824,18.94],[72.81,18.955],[72.791,18.947],[72.814,18.983],[72.815,19.027],[72.838,19.038],[72.817,19.041],[72.817,19.123],[72.803,19.139],[72.793,19.13],[72.78,19.133],[72.781,19.168],[72.796,19.181],[72.777,19.206],[72.779,19.279],[72.794,19.328],[72.744,19.379],[72.76,19.393],[72.743,19.458],[72.751,19.507],[72.719,19.501],[72.709,19.599],[72.729,19.611],[72.702,19.676],[72.706,19.712],[72.674,19.738],[72.686,19.795],[72.651,19.83],[72.646,19.858],[72.668,19.859],[72.68,19.879],[72.661,19.936],[72.72,19.983],[72.705,20.072],[72.736,20.135],[72.794,20.123],[72.789,20.149],[72.824,20.142],[72.816,20.184],[72.837,20.188],[72.839,20.209],[72.861,20.207],[72.859,20.225],[72.963,20.21],[72.962,20.184],[72.977,20.18],[72.962,20.131],[72.977,20.113],[72.998,20.143],[73.011,20.135],[73.001,20.112],[73.04,20.067],[73.053,20.065],[73.064,20.098],[73.104,20.09],[73.112,20.074],[73.137,20.086],[73.179,20.048],[73.193,20.05],[73.189,20.077],[73.213,20.091],[73.218,20.136],[73.227,20.123],[73.255,20.127],[73.279,20.15],[73.283,20.198],[73.298,20.209],[73.343,20.2],[73.357,20.213],[73.365,20.196],[73.383,20.212],[73.389,20.193],[73.417,20.199],[73.413,20.271],[73.428,20.28],[73.413,20.361],[73.404,20.386],[73.383,20.372],[73.38,20.393],[73.42,20.413],[73.47,20.52],[73.494,20.538],[73.475,20.544],[73.473,20.585],[73.431,20.594],[73.42,20.627],[73.392,20.646],[73.434,20.668],[73.45,20.718],[73.475,20.72],[73.489,20.656],[73.521,20.679],[73.551,20.649],[73.599,20.637],[73.652,20.565],[73.695,20.579],[73.745,20.565],[73.776,20.601],[73.838,20.621],[73.839,20.659],[73.812,20.692],[73.855,20.692],[73.874,20.73],[73.917,20.725],[73.942,20.741],[73.94,20.839],[73.924,20.851],[73.917,20.908],[73.888,20.933],[73.892,20.956],[73.908,20.96],[73.901,20.982],[73.869,20.985],[73.8,21.039],[73.808,21.085],[73.78,21.064],[73.73,21.082],[73.743,21.115],[73.729,21.1],[73.703,21.118],[73.689,21.101],[73.618,21.118],[73.617,21.143],[73.578,21.15],[73.577,21.171],[73.606,21.179],[73.608,21.159],[73.634,21.141],[73.668,21.155],[73.719,21.14],[73.733,21.142],[73.74,21.171],[73.772,21.165],[73.785,21.184],[73.816,21.174],[73.823,21.271],[73.879,21.266],[73.942,21.299],[73.939,21.405],[73.959,21.395],[74.003,21.421],[74.045,21.419],[74.063,21.475],[74.101,21.448],[74.125,21.467],[74.198,21.459],[74.214,21.482],[74.253,21.468],[74.321,21.499],[74.332,21.544],[74.295,21.569],[74.263,21.54],[74.236,21.539],[74.229,21.554],[74.195,21.532],[74.176,21.569],[74.158,21.569],[74.137,21.546],[74.005,21.553],[73.998,21.539],[73.974,21.543],[73.982,21.522],[73.957,21.541],[73.952,21.513],[73.905,21.525],[73.852,21.498],[73.814,21.601],[73.78,21.628],[73.888,21.653],[73.892,21.692],[73.824,21.761],[73.838,21.789],[73.827,21.81],[73.796,21.825],[73.822,21.842],[73.873,21.842],[74.128,21.95],[74.157,21.951],[74.193,21.926],[74.281,21.933],[74.301,21.967],[74.344,21.975],[74.376,22.001],[74.398,22.023],[74.389,22.033]],[[77.294,18.479],[77.276,18.476],[77.267,18.455],[77.293,18.457],[77.294,18.479]],[[74.292,15.832],[74.263,15.829],[74.268,15.796],[74.311,15.793],[74.292,15.832]]]]}},{"type":"Feature","properties":{"sid":"S20","name":"Meghalaya","shd_src_id":"21"},"geometry":{"type":"Polygon","coordinates":[[[91.824,26.119],[91.879,26.098],[91.867,26.042],[91.915,26.02],[91.919,25.998],[91.989,26.039],[92.133,26.044],[92.169,26.078],[92.275,26.066],[92.263,26.033],[92.181,25.985],[92.152,25.944],[92.155,25.911],[92.226,25.909],[92.177,25.873],[92.151,25.817],[92.163,25.741],[92.144,25.717],[92.156,25.672],[92.17,25.667],[92.225,25.716],[92.334,25.724],[92.384,25.754],[92.382,25.742],[92.407,25.745],[92.444,25.72],[92.441,25.692],[92.47,25.675],[92.506,25.616],[92.554,25.615],[92.557,25.571],[92.572,25.557],[92.595,25.552],[92.653,25.591],[92.661,25.572],[92.643,25.535],[92.574,25.49],[92.565,25.465],[92.599,25.468],[92.607,25.413],[92.628,25.422],[92.626,25.435],[92.64,25.418],[92.654,25.434],[92.662,25.406],[92.674,25.414],[92.718,25.373],[92.738,25.379],[92.75,25.344],[92.782,25.333],[92.793,25.283],[92.762,25.247],[92.802,25.215],[92.663,25.177],[92.621,25.115],[92.522,25.139],[92.539,25.099],[92.481,25.109],[92.457,25.054],[92.464,25.038],[92.443,25.045],[92.421,25.028],[92.342,25.049],[92.349,25.073],[92.335,25.078],[92.311,25.069],[92.228,25.094],[92.196,25.108],[92.219,25.117],[92.189,25.136],[92.184,25.118],[92.16,25.127],[92.166,25.136],[92.136,25.139],[92.133,25.16],[92.074,25.185],[92.004,25.186],[91.972,25.168],[91.916,25.181],[91.775,25.163],[91.756,25.177],[91.748,25.14],[91.704,25.16],[91.692,25.137],[91.638,25.123],[91.621,25.143],[91.602,25.143],[91.61,25.177],[91.577,25.172],[91.557,25.15],[91.471,25.134],[91.469,25.152],[91.287,25.185],[91.268,25.207],[91.252,25.195],[91.07,25.198],[90.862,25.158],[90.806,25.166],[90.78,25.186],[90.733,25.155],[90.71,25.168],[90.698,25.157],[90.676,25.176],[90.666,25.166],[90.663,25.198],[90.641,25.175],[90.509,25.175],[90.441,25.145],[90.37,25.163],[90.33,25.194],[90.118,25.223],[90.055,25.261],[89.981,25.281],[89.967,25.304],[89.949,25.293],[89.907,25.308],[89.877,25.285],[89.831,25.296],[89.841,25.315],[89.821,25.356],[89.825,25.413],[89.843,25.456],[89.872,25.477],[89.873,25.507],[89.886,25.508],[89.868,25.524],[89.877,25.549],[89.972,25.573],[89.984,25.591],[90.003,25.585],[90.02,25.607],[89.95,25.656],[89.895,25.745],[89.937,25.745],[89.959,25.78],[89.948,25.825],[90.004,25.839],[90.024,25.867],[90.008,25.882],[90.025,25.896],[90.042,25.888],[90.117,25.957],[90.151,25.967],[90.187,25.944],[90.203,25.961],[90.271,25.96],[90.327,25.974],[90.353,26.006],[90.4,26.013],[90.424,25.989],[90.476,26.01],[90.503,25.991],[90.535,25.95],[90.515,25.896],[90.588,25.958],[90.624,25.939],[90.606,25.917],[90.622,25.898],[90.632,25.92],[90.718,25.955],[90.748,25.957],[90.74,25.939],[90.754,25.93],[90.739,25.916],[90.761,25.922],[90.766,25.908],[90.809,25.952],[90.836,25.948],[90.836,25.937],[90.884,25.95],[90.917,25.914],[90.917,25.944],[90.947,25.948],[90.969,25.885],[91.03,25.886],[91.006,25.82],[91.048,25.849],[91.078,25.853],[91.049,25.829],[91.062,25.821],[91.148,25.85],[91.18,25.844],[91.196,25.861],[91.204,25.843],[91.178,25.777],[91.222,25.723],[91.275,25.75],[91.335,25.841],[91.423,25.854],[91.445,25.84],[91.53,25.871],[91.527,25.891],[91.513,25.866],[91.475,25.874],[91.537,25.931],[91.503,25.914],[91.518,25.96],[91.551,25.977],[91.58,26.033],[91.597,26.018],[91.631,26.022],[91.626,25.987],[91.641,25.964],[91.61,25.937],[91.671,25.904],[91.72,25.954],[91.731,26.059],[91.791,26.085],[91.824,26.119]]]}},{"type":"Feature","properties":{"sid":"S21","name":"Manipur","shd_src_id":"22"},"geometry":{"type":"Polygon","coordinates":[[[94.569,25.692],[94.592,25.681],[94.572,25.639],[94.591,25.638],[94.551,25.58],[94.553,25.507],[94.628,25.46],[94.68,25.454],[94.667,25.415],[94.635,25.395],[94.635,25.358],[94.585,25.267],[94.576,25.214],[94.606,25.181],[94.736,25.135],[94.744,25.037],[94.697,24.968],[94.713,24.934],[94.688,24.888],[94.632,24.839],[94.619,24.78],[94.629,24.757],[94.605,24.712],[94.585,24.705],[94.579,24.724],[94.55,24.713],[94.55,24.659],[94.529,24.618],[94.462,24.558],[94.425,24.486],[94.403,24.475],[94.398,24.407],[94.367,24.395],[94.38,24.375],[94.354,24.334],[94.327,24.328],[94.315,24.253],[94.293,24.236],[94.283,24.179],[94.26,24.162],[94.252,24.082],[94.187,23.941],[94.165,23.93],[94.154,23.853],[94.121,23.833],[94.084,23.881],[93.93,23.95],[93.807,23.927],[93.754,24.005],[93.623,24.011],[93.592,23.961],[93.56,23.982],[93.55,23.959],[93.505,23.942],[93.464,23.973],[93.417,24.071],[93.349,24.105],[93.354,24.091],[93.329,24.081],[93.332,24.053],[93.284,24.048],[93.251,24.021],[93.262,24.057],[93.243,24.082],[93.219,24.081],[93.212,24.047],[93.165,24.052],[93.165,24.072],[93.138,24.084],[93.097,24.042],[93.098,24.071],[93.075,24.1],[93.049,24.088],[92.972,24.112],[93.001,24.158],[92.999,24.195],[93.018,24.208],[93.004,24.278],[93.039,24.341],[93.018,24.344],[93.02,24.388],[92.998,24.4],[93.012,24.417],[93.043,24.415],[93.033,24.429],[93.046,24.474],[93.033,24.495],[93.05,24.544],[93.071,24.558],[93.059,24.574],[93.104,24.582],[93.071,24.601],[93.104,24.674],[93.074,24.708],[93.108,24.741],[93.109,24.811],[93.139,24.81],[93.149,24.787],[93.197,24.811],[93.195,24.854],[93.226,24.873],[93.235,24.911],[93.249,24.915],[93.237,24.937],[93.263,24.961],[93.244,25.018],[93.264,25.049],[93.3,25.046],[93.332,25.093],[93.346,25.17],[93.394,25.255],[93.47,25.305],[93.473,25.276],[93.507,25.272],[93.501,25.241],[93.551,25.247],[93.604,25.198],[93.689,25.358],[93.714,25.358],[93.805,25.462],[93.8,25.495],[93.762,25.496],[93.768,25.537],[93.888,25.564],[93.961,25.552],[94.007,25.567],[94.011,25.592],[94.082,25.555],[94.088,25.528],[94.135,25.519],[94.156,25.551],[94.191,25.548],[94.187,25.526],[94.211,25.495],[94.282,25.507],[94.309,25.489],[94.416,25.537],[94.426,25.587],[94.47,25.616],[94.501,25.612],[94.569,25.692]]]}},{"type":"Feature","properties":{"sid":"S22","name":"Madhya Pradesh","shd_src_id":"23"},"geometry":{"type":"MultiPolygon","coordinates":[[[[74.175,22.415],[74.175,22.401],[74.178,22.388],[74.156,22.413],[74.175,22.415]]],[[[78.372,26.864],[78.395,26.817],[78.434,26.826],[78.461,26.788],[78.521,26.781],[78.576,26.749],[78.608,26.75],[78.63,26.773],[78.673,26.764],[78.684,26.788],[78.726,26.796],[78.73,26.775],[78.752,26.787],[78.816,26.762],[78.872,26.698],[78.91,26.707],[78.956,26.692],[78.946,26.655],[79.005,26.673],[78.994,26.641],[79.017,26.601],[78.989,26.596],[78.99,26.578],[79.008,26.544],[79.028,26.547],[79.04,26.515],[79.068,26.497],[79.053,26.454],[79.135,26.44],[79.126,26.411],[79.095,26.412],[79.084,26.359],[79.139,26.338],[79.116,26.321],[79.117,26.299],[79.102,26.307],[79.091,26.27],[79.077,26.281],[79.046,26.26],[79.07,26.246],[79.064,26.226],[79.035,26.225],[79.019,26.248],[78.992,26.239],[79.026,26.22],[79.026,26.191],[78.994,26.197],[78.983,26.184],[79.005,26.168],[79.005,26.148],[78.967,26.15],[78.949,26.129],[79.012,26.083],[78.948,26.028],[78.957,25.996],[78.933,25.979],[78.939,25.943],[78.885,25.914],[78.887,25.869],[78.873,25.875],[78.852,25.857],[78.851,25.838],[78.868,25.838],[78.863,25.796],[78.844,25.823],[78.818,25.829],[78.806,25.814],[78.828,25.814],[78.829,25.796],[78.808,25.801],[78.783,25.758],[78.753,25.751],[78.763,25.72],[78.8,25.705],[78.817,25.676],[78.812,25.621],[78.742,25.597],[78.717,25.605],[78.658,25.56],[78.624,25.567],[78.631,25.579],[78.618,25.584],[78.588,25.557],[78.493,25.579],[78.465,25.546],[78.444,25.563],[78.419,25.533],[78.431,25.474],[78.416,25.476],[78.378,25.437],[78.354,25.452],[78.341,25.4],[78.305,25.377],[78.301,25.36],[78.344,25.328],[78.312,25.303],[78.354,25.292],[78.35,25.277],[78.372,25.26],[78.36,25.242],[78.411,25.213],[78.391,25.201],[78.395,25.188],[78.458,25.164],[78.427,25.154],[78.447,25.122],[78.407,25.129],[78.383,25.102],[78.339,25.087],[78.347,25.022],[78.334,24.995],[78.169,24.863],[78.217,24.809],[78.236,24.772],[78.226,24.747],[78.277,24.663],[78.263,24.646],[78.278,24.615],[78.264,24.552],[78.23,24.538],[78.226,24.52],[78.246,24.51],[78.246,24.486],[78.275,24.474],[78.27,24.447],[78.366,24.386],[78.329,24.327],[78.39,24.263],[78.431,24.284],[78.494,24.381],[78.519,24.388],[78.53,24.368],[78.586,24.354],[78.604,24.315],[78.629,24.304],[78.626,24.281],[78.66,24.267],[78.669,24.24],[78.703,24.227],[78.734,24.252],[78.749,24.233],[78.762,24.259],[78.785,24.184],[78.806,24.178],[78.815,24.207],[78.827,24.195],[78.882,24.217],[78.885,24.25],[78.917,24.269],[78.91,24.298],[78.971,24.348],[78.994,24.423],[78.986,24.442],[78.947,24.437],[78.914,24.46],[78.921,24.5],[78.938,24.479],[78.972,24.494],[78.947,24.502],[78.953,24.547],[78.883,24.641],[78.784,24.589],[78.752,24.6],[78.744,24.654],[78.781,24.706],[78.77,24.788],[78.79,24.811],[78.77,24.859],[78.677,24.899],[78.663,24.938],[78.632,24.958],[78.653,25.051],[78.628,25.086],[78.602,25.095],[78.603,25.147],[78.57,25.224],[78.556,25.209],[78.578,25.253],[78.535,25.268],[78.532,25.284],[78.512,25.277],[78.503,25.29],[78.45,25.262],[78.435,25.284],[78.454,25.301],[78.473,25.286],[78.498,25.32],[78.51,25.295],[78.533,25.301],[78.553,25.32],[78.53,25.353],[78.585,25.347],[78.587,25.373],[78.562,25.378],[78.566,25.391],[78.591,25.386],[78.611,25.416],[78.635,25.401],[78.641,25.433],[78.658,25.441],[78.682,25.434],[78.689,25.446],[78.711,25.428],[78.675,25.4],[78.666,25.415],[78.66,25.384],[78.715,25.373],[78.709,25.351],[78.727,25.343],[78.775,25.353],[78.774,25.376],[78.757,25.385],[78.768,25.4],[78.748,25.392],[78.748,25.41],[78.821,25.423],[78.803,25.437],[78.762,25.427],[78.732,25.458],[78.735,25.491],[78.745,25.499],[78.768,25.469],[78.797,25.483],[78.819,25.471],[78.809,25.453],[78.821,25.468],[78.841,25.461],[78.855,25.448],[78.821,25.439],[78.847,25.429],[78.866,25.466],[78.833,25.503],[78.884,25.516],[78.874,25.541],[78.893,25.555],[78.917,25.552],[78.923,25.536],[78.933,25.555],[78.952,25.549],[78.92,25.516],[78.942,25.492],[78.927,25.49],[78.944,25.483],[78.938,25.465],[78.909,25.442],[78.938,25.422],[78.951,25.441],[78.967,25.434],[78.97,25.39],[78.989,25.374],[78.959,25.371],[78.939,25.347],[78.897,25.374],[78.938,25.375],[78.953,25.4],[78.88,25.386],[78.846,25.356],[78.841,25.345],[78.85,25.335],[78.846,25.327],[78.843,25.337],[78.819,25.307],[78.792,25.308],[78.798,25.289],[78.817,25.307],[78.829,25.303],[78.809,25.271],[78.85,25.229],[78.88,25.286],[78.863,25.314],[78.882,25.344],[78.912,25.333],[78.923,25.343],[78.928,25.324],[78.961,25.345],[78.957,25.302],[78.98,25.279],[78.955,25.283],[78.945,25.259],[78.917,25.274],[78.9,25.243],[78.88,25.252],[78.87,25.226],[78.891,25.214],[78.871,25.187],[78.882,25.157],[78.954,25.219],[79.006,25.195],[79.001,25.234],[78.975,25.24],[78.994,25.273],[79.013,25.274],[79.022,25.242],[79.064,25.222],[79.06,25.191],[79.052,25.208],[79.031,25.185],[79.031,25.138],[79.051,25.134],[79.09,25.191],[79.126,25.161],[79.124,25.111],[79.174,25.109],[79.187,25.126],[79.177,25.141],[79.192,25.146],[79.215,25.111],[79.245,25.114],[79.26,25.153],[79.26,25.125],[79.283,25.117],[79.323,25.15],[79.308,25.198],[79.285,25.191],[79.279,25.245],[79.329,25.221],[79.338,25.198],[79.352,25.212],[79.333,25.228],[79.344,25.227],[79.347,25.267],[79.317,25.256],[79.294,25.284],[79.283,25.262],[79.263,25.272],[79.271,25.31],[79.3,25.338],[79.352,25.33],[79.336,25.288],[79.358,25.284],[79.363,25.262],[79.369,25.292],[79.408,25.274],[79.409,25.256],[79.437,25.255],[79.467,25.283],[79.494,25.267],[79.463,25.265],[79.433,25.221],[79.449,25.215],[79.44,25.199],[79.412,25.2],[79.412,25.183],[79.39,25.17],[79.384,25.143],[79.405,25.106],[79.421,25.13],[79.44,25.121],[79.439,25.101],[79.477,25.127],[79.465,25.088],[79.492,25.08],[79.525,25.097],[79.518,25.127],[79.569,25.172],[79.596,25.143],[79.606,25.152],[79.6,25.128],[79.623,25.141],[79.673,25.121],[79.683,25.135],[79.748,25.14],[79.851,25.094],[79.862,25.097],[79.852,25.129],[79.881,25.142],[79.866,25.15],[79.856,25.194],[79.869,25.217],[79.851,25.236],[79.907,25.251],[79.918,25.227],[79.948,25.269],[80.005,25.267],[79.999,25.286],[80.022,25.298],[80.033,25.342],[80.073,25.337],[80.089,25.356],[80.131,25.334],[80.169,25.377],[80.195,25.378],[80.202,25.414],[80.221,25.397],[80.253,25.401],[80.264,25.424],[80.315,25.389],[80.311,25.286],[80.351,25.277],[80.384,25.237],[80.403,25.244],[80.432,25.178],[80.355,25.138],[80.376,25.116],[80.349,25.087],[80.355,25.056],[80.311,25.044],[80.286,25.056],[80.274,25.026],[80.331,24.992],[80.363,25.024],[80.379,25.004],[80.396,25.01],[80.374,25.056],[80.388,25.051],[80.401,25.07],[80.409,25.055],[80.416,25.073],[80.433,25.066],[80.448,25.079],[80.475,25.038],[80.502,25.037],[80.474,25.031],[80.449,25.04],[80.433,25.024],[80.455,25.004],[80.437,25.001],[80.437,24.994],[80.462,25.002],[80.456,24.982],[80.479,24.974],[80.499,25.006],[80.549,25.002],[80.546,25.032],[80.501,25.042],[80.507,25.084],[80.48,25.096],[80.514,25.097],[80.522,25.076],[80.552,25.063],[80.568,25.087],[80.613,25.066],[80.592,25.09],[80.607,25.118],[80.595,25.127],[80.602,25.15],[80.611,25.128],[80.629,25.133],[80.638,25.117],[80.608,25.098],[80.659,25.083],[80.662,25.068],[80.685,25.077],[80.68,25.049],[80.717,25.069],[80.737,25.053],[80.776,25.055],[80.783,25.076],[80.726,25.091],[80.727,25.118],[80.704,25.128],[80.73,25.147],[80.742,25.124],[80.778,25.142],[80.786,25.129],[80.808,25.137],[80.83,25.1],[80.849,25.163],[80.838,25.181],[80.869,25.174],[80.885,25.188],[80.913,25.159],[80.868,25.116],[80.878,25.065],[80.832,25.033],[80.852,24.989],[80.792,24.965],[80.82,24.933],[80.812,24.923],[80.893,24.945],[80.907,24.935],[80.899,24.949],[80.947,24.966],[80.957,24.918],[80.974,24.934],[81.023,24.928],[81.016,24.951],[81.026,24.94],[81.034,24.953],[81.085,24.95],[81.096,24.921],[81.14,24.888],[81.168,24.955],[81.207,24.93],[81.193,24.925],[81.22,24.929],[81.209,24.993],[81.264,25.053],[81.267,25.085],[81.252,25.102],[81.278,25.166],[81.313,25.164],[81.321,25.113],[81.32,25.157],[81.335,25.169],[81.4,25.119],[81.438,25.13],[81.448,25.107],[81.407,25.105],[81.491,25.072],[81.518,25.101],[81.49,25.11],[81.48,25.132],[81.497,25.129],[81.5,25.149],[81.527,25.138],[81.536,25.16],[81.514,25.184],[81.573,25.192],[81.595,25.182],[81.589,25.166],[81.626,25.161],[81.623,25.141],[81.598,25.131],[81.608,25.096],[81.624,25.12],[81.641,25.099],[81.6,25.074],[81.612,25.056],[81.667,25.075],[81.69,25.039],[81.732,25.049],[81.793,25.004],[81.835,25.017],[81.891,24.989],[81.896,25.01],[81.907,25.006],[81.92,24.928],[81.903,24.892],[81.965,24.827],[82.017,24.846],[82.098,24.816],[82.116,24.784],[82.139,24.799],[82.167,24.785],[82.179,24.795],[82.17,24.798],[82.167,24.801],[82.178,24.811],[82.204,24.819],[82.184,24.796],[82.216,24.794],[82.218,24.777],[82.197,24.778],[82.203,24.758],[82.178,24.732],[82.214,24.734],[82.221,24.722],[82.207,24.747],[82.229,24.745],[82.234,24.761],[82.246,24.744],[82.246,24.77],[82.251,24.77],[82.25,24.697],[82.23,24.682],[82.239,24.661],[82.249,24.671],[82.261,24.661],[82.269,24.683],[82.303,24.667],[82.297,24.606],[82.339,24.62],[82.364,24.598],[82.416,24.591],[82.406,24.681],[82.43,24.703],[82.453,24.689],[82.45,24.675],[82.524,24.676],[82.539,24.648],[82.671,24.697],[82.702,24.675],[82.707,24.636],[82.774,24.642],[82.78,24.614],[82.765,24.596],[82.805,24.595],[82.811,24.547],[82.755,24.536],[82.754,24.548],[82.719,24.552],[82.731,24.535],[82.721,24.514],[82.744,24.496],[82.73,24.472],[82.74,24.43],[82.713,24.38],[82.77,24.371],[82.773,24.308],[82.759,24.237],[82.735,24.217],[82.744,24.166],[82.728,24.136],[82.683,24.155],[82.664,24.128],[82.707,24.097],[82.714,24.075],[82.774,24.076],[82.751,24.013],[82.804,24.004],[82.81,23.962],[82.754,23.934],[82.752,23.92],[82.699,23.925],[82.662,23.908],[82.651,23.887],[82.668,23.871],[82.635,23.838],[82.533,23.822],[82.551,23.791],[82.523,23.784],[82.497,23.785],[82.466,23.812],[82.394,23.8],[82.261,23.821],[82.232,23.805],[82.206,23.827],[82.21,23.853],[82.172,23.818],[82.053,23.819],[82.039,23.827],[82.044,23.842],[82.008,23.862],[81.958,23.852],[81.921,23.871],[81.899,23.841],[81.816,23.806],[81.725,23.84],[81.732,23.857],[81.707,23.861],[81.707,23.882],[81.69,23.885],[81.669,23.925],[81.609,23.903],[81.604,23.882],[81.622,23.87],[81.603,23.854],[81.613,23.834],[81.636,23.835],[81.651,23.799],[81.645,23.77],[81.682,23.753],[81.696,23.721],[81.684,23.691],[81.656,23.682],[81.655,23.663],[81.615,23.663],[81.612,23.595],[81.577,23.585],[81.584,23.554],[81.61,23.555],[81.627,23.482],[81.644,23.482],[81.659,23.529],[81.7,23.522],[81.747,23.57],[81.758,23.55],[81.809,23.549],[81.821,23.515],[81.836,23.511],[81.923,23.533],[81.958,23.5],[81.955,23.467],[81.98,23.447],[81.985,23.414],[82.025,23.425],[82.022,23.387],[82.056,23.377],[82.064,23.393],[82.103,23.398],[82.117,23.355],[82.146,23.361],[82.194,23.324],[82.193,23.278],[82.145,23.227],[82.144,23.166],[82.16,23.161],[82.161,23.143],[82.125,23.104],[82.07,23.118],[82.035,23.08],[81.942,23.079],[81.922,23.041],[81.95,22.983],[81.946,22.957],[81.878,22.91],[81.866,22.916],[81.862,22.889],[81.776,22.874],[81.761,22.83],[81.794,22.766],[81.752,22.727],[81.769,22.664],[81.747,22.648],[81.729,22.676],[81.713,22.648],[81.684,22.647],[81.647,22.613],[81.66,22.57],[81.629,22.563],[81.622,22.538],[81.57,22.551],[81.57,22.532],[81.522,22.539],[81.485,22.488],[81.443,22.494],[81.459,22.469],[81.428,22.48],[81.429,22.457],[81.407,22.441],[81.39,22.452],[81.382,22.51],[81.327,22.526],[81.314,22.483],[81.281,22.503],[81.232,22.452],[81.2,22.463],[81.196,22.491],[81.173,22.488],[81.155,22.455],[81.111,22.438],[81.104,22.383],[81.121,22.343],[81.119,22.291],[81.08,22.239],[81.05,22.245],[81.019,22.221],[81.032,22.2],[81.017,22.185],[81.022,22.133],[80.978,22.123],[81.011,22.096],[81.006,22.063],[80.994,22.049],[80.969,22.058],[80.972,22.086],[80.948,22.118],[80.908,22.11],[80.857,21.965],[80.826,21.958],[80.846,21.943],[80.832,21.891],[80.852,21.854],[80.839,21.848],[80.82,21.748],[80.785,21.74],[80.756,21.762],[80.726,21.714],[80.734,21.695],[80.714,21.662],[80.731,21.617],[80.715,21.585],[80.729,21.573],[80.72,21.555],[80.741,21.539],[80.728,21.496],[80.738,21.473],[80.707,21.433],[80.671,21.338],[80.6,21.327],[80.528,21.395],[80.458,21.403],[80.449,21.372],[80.413,21.376],[80.396,21.406],[80.422,21.44],[80.376,21.523],[80.331,21.548],[80.328,21.571],[80.298,21.575],[80.253,21.625],[80.193,21.635],[80.155,21.606],[80.12,21.61],[80.067,21.554],[80.033,21.556],[79.998,21.533],[79.971,21.558],[79.936,21.556],[79.918,21.524],[79.891,21.518],[79.831,21.547],[79.792,21.587],[79.738,21.604],[79.661,21.577],[79.652,21.556],[79.541,21.543],[79.543,21.568],[79.512,21.584],[79.504,21.615],[79.517,21.625],[79.496,21.674],[79.422,21.692],[79.392,21.674],[79.352,21.678],[79.231,21.722],[79.224,21.649],[79.154,21.66],[79.094,21.598],[79.012,21.599],[78.998,21.619],[78.917,21.591],[78.914,21.571],[78.932,21.562],[78.907,21.553],[78.944,21.516],[78.937,21.486],[78.899,21.5],[78.891,21.485],[78.8,21.49],[78.776,21.465],[78.751,21.493],[78.728,21.462],[78.689,21.482],[78.586,21.487],[78.57,21.514],[78.512,21.529],[78.451,21.497],[78.436,21.501],[78.424,21.544],[78.427,21.599],[78.387,21.615],[78.373,21.613],[78.382,21.592],[78.363,21.575],[78.343,21.589],[78.306,21.569],[78.303,21.584],[78.266,21.592],[78.274,21.569],[78.182,21.557],[78.176,21.499],[77.941,21.386],[77.883,21.376],[77.801,21.409],[77.797,21.389],[77.75,21.383],[77.737,21.362],[77.71,21.357],[77.692,21.398],[77.67,21.369],[77.654,21.391],[77.606,21.391],[77.608,21.365],[77.587,21.363],[77.563,21.369],[77.562,21.396],[77.532,21.419],[77.514,21.376],[77.489,21.374],[77.473,21.455],[77.442,21.471],[77.426,21.538],[77.455,21.554],[77.575,21.526],[77.612,21.539],[77.595,21.559],[77.577,21.555],[77.576,21.621],[77.544,21.704],[77.479,21.754],[77.479,21.77],[77.404,21.752],[77.29,21.76],[77.287,21.722],[77.227,21.717],[77.21,21.69],[77.176,21.726],[77.165,21.711],[77.073,21.719],[76.902,21.597],[76.854,21.613],[76.833,21.589],[76.795,21.594],[76.781,21.565],[76.789,21.536],[76.763,21.521],[76.796,21.489],[76.786,21.465],[76.744,21.44],[76.74,21.411],[76.622,21.332],[76.663,21.28],[76.661,21.241],[76.641,21.236],[76.623,21.185],[76.567,21.199],[76.53,21.182],[76.493,21.194],[76.456,21.108],[76.41,21.102],[76.412,21.088],[76.376,21.073],[76.279,21.07],[76.259,21.09],[76.167,21.079],[76.17,21.104],[76.135,21.121],[76.11,21.161],[76.129,21.176],[76.172,21.167],[76.176,21.184],[76.165,21.221],[76.141,21.228],[76.159,21.255],[76.128,21.287],[76.096,21.371],[76.048,21.349],[75.963,21.39],[75.911,21.382],[75.885,21.395],[75.833,21.377],[75.728,21.389],[75.67,21.375],[75.623,21.375],[75.607,21.392],[75.543,21.369],[75.52,21.387],[75.382,21.379],[75.357,21.401],[75.3,21.385],[75.295,21.414],[75.217,21.409],[75.108,21.462],[75.052,21.567],[74.915,21.613],[74.901,21.629],[74.863,21.634],[74.829,21.61],[74.783,21.611],[74.554,21.681],[74.547,21.72],[74.505,21.726],[74.514,21.766],[74.498,21.79],[74.524,21.911],[74.489,21.956],[74.439,21.977],[74.432,21.999],[74.452,22.005],[74.432,22.03],[74.387,22.034],[74.398,22.023],[74.376,22.001],[74.344,21.975],[74.301,21.967],[74.281,21.933],[74.193,21.926],[74.144,21.953],[74.15,21.987],[74.098,21.998],[74.092,22.015],[74.14,22.041],[74.131,22.048],[74.179,22.086],[74.153,22.106],[74.125,22.098],[74.134,22.161],[74.121,22.167],[74.122,22.212],[74.072,22.219],[74.087,22.243],[74.052,22.294],[74.072,22.337],[74.065,22.355],[74.105,22.372],[74.128,22.333],[74.19,22.32],[74.204,22.367],[74.224,22.357],[74.224,22.38],[74.243,22.376],[74.257,22.4],[74.291,22.394],[74.256,22.429],[74.248,22.415],[74.244,22.434],[74.202,22.435],[74.191,22.476],[74.184,22.442],[74.16,22.431],[74.149,22.456],[74.119,22.419],[74.099,22.442],[74.104,22.465],[74.075,22.466],[74.083,22.507],[74.055,22.509],[74.033,22.49],[74.041,22.542],[74.075,22.551],[74.151,22.521],[74.189,22.554],[74.183,22.567],[74.21,22.565],[74.264,22.644],[74.379,22.635],[74.434,22.808],[74.465,22.816],[74.477,22.856],[74.447,22.921],[74.393,22.897],[74.339,22.953],[74.365,22.979],[74.319,23.059],[74.386,23.112],[74.432,23.105],[74.464,23.082],[74.506,23.085],[74.545,23.109],[74.539,23.129],[74.607,23.143],[74.671,23.2],[74.715,23.191],[74.742,23.208],[74.74,23.218],[74.749,23.224],[74.747,23.227],[74.692,23.219],[74.715,23.237],[74.701,23.266],[74.639,23.255],[74.574,23.295],[74.547,23.277],[74.514,23.328],[74.54,23.335],[74.54,23.362],[74.569,23.376],[74.572,23.421],[74.599,23.429],[74.605,23.458],[74.652,23.463],[74.701,23.504],[74.727,23.495],[74.733,23.522],[74.762,23.521],[74.773,23.544],[74.794,23.551],[74.803,23.533],[74.847,23.552],[74.903,23.625],[74.936,23.629],[74.9,23.682],[74.921,23.695],[74.92,23.719],[74.936,23.73],[74.924,23.756],[74.94,23.765],[74.924,23.797],[74.904,23.794],[74.914,23.843],[74.902,23.873],[74.916,23.931],[74.959,23.972],[74.982,24.026],[74.939,24.054],[74.903,24.109],[74.88,24.174],[74.908,24.203],[74.897,24.227],[74.868,24.243],[74.775,24.239],[74.747,24.254],[74.781,24.289],[74.781,24.339],[74.855,24.424],[74.854,24.445],[74.814,24.437],[74.815,24.469],[74.777,24.46],[74.709,24.486],[74.756,24.535],[74.744,24.572],[74.786,24.586],[74.78,24.615],[74.814,24.65],[74.814,24.666],[74.772,24.662],[74.787,24.704],[74.779,24.731],[74.804,24.735],[74.8,24.779],[74.889,24.634],[74.894,24.644],[74.902,24.633],[74.943,24.638],[74.96,24.679],[75.002,24.686],[74.992,24.732],[75.016,24.732],[75.001,24.775],[74.915,24.769],[74.861,24.799],[74.849,24.776],[74.838,24.797],[74.861,24.805],[74.859,24.838],[74.826,24.899],[74.834,24.96],[74.859,24.963],[74.87,24.925],[74.882,24.937],[74.903,24.93],[74.917,24.886],[74.953,24.881],[74.959,24.858],[75.034,24.845],[75.077,24.881],[75.117,24.878],[75.114,24.967],[75.166,25.003],[75.152,25.021],[75.166,25.048],[75.198,25.033],[75.334,25.041],[75.351,25.02],[75.312,24.996],[75.337,24.955],[75.318,24.894],[75.314,24.886],[75.313,24.885],[75.285,24.966],[75.261,24.963],[75.294,24.909],[75.267,24.899],[75.263,24.875],[75.309,24.856],[75.327,24.875],[75.374,24.868],[75.42,24.886],[75.425,24.868],[75.311,24.801],[75.278,24.84],[75.224,24.844],[75.252,24.813],[75.216,24.803],[75.184,24.748],[75.219,24.703],[75.228,24.718],[75.265,24.718],[75.455,24.681],[75.534,24.712],[75.583,24.713],[75.611,24.681],[75.646,24.685],[75.683,24.724],[75.757,24.762],[75.802,24.756],[75.834,24.731],[75.825,24.668],[75.848,24.663],[75.849,24.648],[75.825,24.613],[75.835,24.595],[75.849,24.611],[75.872,24.607],[75.879,24.583],[75.915,24.572],[75.904,24.548],[75.921,24.521],[75.888,24.508],[75.912,24.492],[75.909,24.455],[75.839,24.414],[75.81,24.434],[75.814,24.462],[75.789,24.472],[75.748,24.424],[75.755,24.407],[75.728,24.391],[75.74,24.332],[75.766,24.298],[75.811,24.296],[75.814,24.244],[75.83,24.234],[75.776,24.208],[75.751,24.144],[75.793,24.092],[75.835,24.092],[75.837,24.057],[75.783,24.043],[75.765,23.993],[75.742,23.993],[75.741,23.977],[75.718,23.967],[75.702,23.967],[75.671,24.018],[75.596,23.99],[75.521,24.025],[75.474,23.982],[75.462,23.915],[75.564,23.856],[75.579,23.835],[75.559,23.819],[75.589,23.81],[75.584,23.795],[75.654,23.798],[75.687,23.755],[75.702,23.786],[75.69,23.813],[75.722,23.812],[75.719,23.841],[75.736,23.856],[75.702,23.873],[75.706,23.899],[75.753,23.887],[75.766,23.851],[75.782,23.849],[75.794,23.867],[75.853,23.888],[75.886,23.879],[75.938,23.897],[75.981,23.929],[75.985,23.974],[75.963,24.019],[76.007,24.023],[76.042,24.066],[76.127,24.088],[76.117,24.194],[76.148,24.232],[76.137,24.271],[76.162,24.285],[76.185,24.329],[76.205,24.301],[76.195,24.273],[76.212,24.21],[76.24,24.219],[76.281,24.207],[76.287,24.23],[76.322,24.245],[76.357,24.24],[76.413,24.2],[76.416,24.221],[76.452,24.209],[76.471,24.226],[76.505,24.203],[76.528,24.157],[76.577,24.178],[76.564,24.191],[76.595,24.223],[76.585,24.244],[76.611,24.238],[76.616,24.258],[76.667,24.262],[76.695,24.284],[76.702,24.241],[76.676,24.191],[76.699,24.168],[76.756,24.169],[76.802,24.117],[76.855,24.136],[76.901,24.127],[76.916,24.188],[76.936,24.184],[76.947,24.201],[76.863,24.273],[76.841,24.323],[76.832,24.358],[76.852,24.371],[76.838,24.409],[76.853,24.467],[76.816,24.534],[76.863,24.55],[76.884,24.522],[76.902,24.546],[76.918,24.543],[76.918,24.481],[76.978,24.461],[77.029,24.496],[77.036,24.527],[77.055,24.527],[77.071,24.572],[77.065,24.644],[77.031,24.712],[76.999,24.718],[76.954,24.76],[76.907,24.732],[76.891,24.747],[76.856,24.742],[76.803,24.809],[76.8,24.825],[76.824,24.836],[76.898,24.839],[76.95,24.869],[76.912,24.888],[76.92,24.917],[76.89,24.919],[76.862,24.961],[76.857,25.002],[76.875,25.007],[76.876,25.042],[76.968,25.051],[77.0,25.075],[77.085,25.055],[77.123,25.067],[77.148,25.095],[77.167,25.085],[77.175,25.112],[77.27,25.116],[77.311,25.08],[77.393,25.119],[77.407,25.112],[77.391,25.123],[77.393,25.16],[77.4,25.184],[77.427,25.188],[77.411,25.224],[77.355,25.263],[77.381,25.292],[77.376,25.318],[77.342,25.322],[77.367,25.361],[77.351,25.385],[77.371,25.408],[77.314,25.431],[77.291,25.423],[77.234,25.379],[77.224,25.335],[77.234,25.334],[77.223,25.319],[77.206,25.326],[77.209,25.306],[77.084,25.337],[77.07,25.319],[77.046,25.319],[77.031,25.295],[76.974,25.3],[76.943,25.282],[76.923,25.285],[76.929,25.303],[76.899,25.324],[76.857,25.333],[76.778,25.315],[76.729,25.329],[76.701,25.352],[76.67,25.349],[76.64,25.383],[76.623,25.377],[76.598,25.392],[76.588,25.432],[76.556,25.453],[76.555,25.483],[76.516,25.528],[76.504,25.671],[76.479,25.684],[76.474,25.711],[76.522,25.728],[76.521,25.793],[76.582,25.87],[76.621,25.869],[76.642,25.908],[76.716,25.901],[76.758,25.922],[76.749,25.941],[76.791,25.943],[76.807,25.99],[76.885,26.048],[76.901,26.093],[76.999,26.13],[77.03,26.172],[77.098,26.184],[77.136,26.234],[77.213,26.234],[77.271,26.268],[77.329,26.343],[77.367,26.364],[77.444,26.362],[77.437,26.403],[77.538,26.411],[77.676,26.503],[77.726,26.502],[77.745,26.538],[77.824,26.55],[77.827,26.596],[77.895,26.615],[77.904,26.659],[77.954,26.659],[78.001,26.695],[78.09,26.674],[78.096,26.728],[78.124,26.747],[78.102,26.767],[78.112,26.795],[78.184,26.784],[78.174,26.825],[78.225,26.831],[78.268,26.813],[78.284,26.854],[78.372,26.864]],[[74.853,24.679],[74.851,24.685],[74.852,24.679],[74.853,24.679]],[[79.399,25.034],[79.426,25.059],[79.387,25.086],[79.381,25.122],[79.364,25.126],[79.374,25.143],[79.36,25.144],[79.351,25.117],[79.38,25.101],[79.38,25.065],[79.351,25.069],[79.356,25.04],[79.369,25.054],[79.399,25.034]],[[79.354,25.176],[79.373,25.18],[79.359,25.188],[79.354,25.176]]]]}},{"type":"Feature","properties":{"sid":"S23","name":"Mizoram","shd_src_id":"24"},"geometry":{"type":"Polygon","coordinates":[[[92.767,24.513],[92.799,24.419],[92.83,24.4],[92.83,24.374],[92.861,24.398],[92.903,24.391],[92.909,24.413],[92.934,24.392],[92.975,24.408],[93.02,24.388],[93.018,24.344],[93.039,24.341],[93.003,24.251],[93.022,24.23],[92.972,24.112],[93.049,24.088],[93.075,24.1],[93.098,24.071],[93.097,24.042],[93.143,24.085],[93.165,24.072],[93.165,24.052],[93.212,24.047],[93.219,24.081],[93.243,24.082],[93.262,24.057],[93.251,24.021],[93.284,24.048],[93.337,24.041],[93.329,23.985],[93.351,23.942],[93.394,23.924],[93.385,23.848],[93.403,23.807],[93.392,23.757],[93.411,23.729],[93.407,23.707],[93.437,23.687],[93.417,23.648],[93.429,23.588],[93.41,23.564],[93.419,23.54],[93.395,23.504],[93.388,23.446],[93.402,23.384],[93.388,23.359],[93.356,23.352],[93.373,23.329],[93.363,23.279],[93.389,23.217],[93.368,23.144],[93.386,23.134],[93.356,23.116],[93.339,23.074],[93.352,23.07],[93.294,23.006],[93.229,23.012],[93.21,23.049],[93.185,23.06],[93.156,23.043],[93.136,23.061],[93.126,23.041],[93.12,23.002],[93.141,22.99],[93.138,22.951],[93.165,22.91],[93.131,22.906],[93.111,22.818],[93.095,22.805],[93.107,22.753],[93.095,22.672],[93.14,22.592],[93.107,22.527],[93.128,22.524],[93.139,22.455],[93.185,22.428],[93.202,22.263],[93.142,22.245],[93.161,22.197],[93.151,22.176],[93.124,22.174],[93.111,22.204],[93.038,22.195],[93.049,22.169],[93.037,22.144],[93.06,22.101],[93.005,22.104],[92.995,22.032],[93.007,21.982],[92.981,21.98],[92.952,22.03],[92.927,22.016],[92.936,22.006],[92.904,21.94],[92.895,22.003],[92.865,22.024],[92.863,22.063],[92.841,22.06],[92.81,22.096],[92.7,22.155],[92.69,22.072],[92.688,22.104],[92.682,22.103],[92.68,22.012],[92.652,22.016],[92.635,21.983],[92.603,21.978],[92.613,21.991],[92.593,22.037],[92.603,22.061],[92.563,22.128],[92.578,22.143],[92.606,22.123],[92.609,22.164],[92.595,22.175],[92.581,22.322],[92.552,22.409],[92.551,22.513],[92.522,22.56],[92.539,22.589],[92.529,22.665],[92.513,22.733],[92.474,22.746],[92.449,22.895],[92.434,22.886],[92.42,22.918],[92.401,22.912],[92.398,22.93],[92.372,22.936],[92.392,23.056],[92.358,23.103],[92.368,23.127],[92.347,23.236],[92.404,23.241],[92.381,23.285],[92.386,23.306],[92.364,23.323],[92.379,23.362],[92.356,23.372],[92.357,23.411],[92.317,23.472],[92.313,23.556],[92.302,23.592],[92.287,23.596],[92.296,23.621],[92.273,23.642],[92.291,23.691],[92.265,23.725],[92.257,23.812],[92.282,23.815],[92.269,23.842],[92.285,23.867],[92.315,23.86],[92.325,23.914],[92.308,23.961],[92.326,23.998],[92.312,24.052],[92.332,24.18],[92.29,24.252],[92.423,24.255],[92.419,24.193],[92.436,24.154],[92.479,24.142],[92.484,24.163],[92.534,24.18],[92.551,24.247],[92.612,24.253],[92.625,24.334],[92.646,24.328],[92.661,24.348],[92.685,24.347],[92.752,24.506],[92.767,24.513]]]}},{"type":"Feature","properties":{"sid":"S24","name":"Nagaland","shd_src_id":"25"},"geometry":{"type":"Polygon","coordinates":[[[95.211,26.931],[95.229,26.92],[95.23,26.885],[95.181,26.859],[95.205,26.845],[95.196,26.834],[95.212,26.793],[95.241,26.781],[95.213,26.729],[95.233,26.681],[95.21,26.649],[95.149,26.616],[95.154,26.583],[95.108,26.542],[95.115,26.519],[95.062,26.45],[95.084,26.447],[95.104,26.421],[95.1,26.394],[95.132,26.378],[95.127,26.254],[95.115,26.233],[95.143,26.212],[95.122,26.185],[95.118,26.102],[95.186,26.073],[95.126,25.986],[95.089,25.95],[95.031,25.931],[95.012,25.898],[95.009,25.867],[95.05,25.8],[95.049,25.759],[94.936,25.668],[94.915,25.608],[94.882,25.591],[94.898,25.565],[94.846,25.562],[94.808,25.493],[94.783,25.48],[94.751,25.494],[94.665,25.449],[94.628,25.46],[94.553,25.507],[94.551,25.58],[94.591,25.638],[94.572,25.639],[94.591,25.686],[94.569,25.692],[94.501,25.612],[94.47,25.616],[94.426,25.587],[94.416,25.537],[94.309,25.489],[94.282,25.507],[94.211,25.495],[94.187,25.526],[94.191,25.548],[94.156,25.551],[94.135,25.519],[94.088,25.528],[94.082,25.555],[94.011,25.592],[94.007,25.567],[93.961,25.552],[93.833,25.559],[93.816,25.54],[93.767,25.536],[93.762,25.496],[93.8,25.495],[93.805,25.462],[93.714,25.358],[93.689,25.358],[93.609,25.202],[93.589,25.2],[93.551,25.247],[93.501,25.241],[93.507,25.272],[93.473,25.276],[93.449,25.34],[93.474,25.38],[93.458,25.431],[93.39,25.461],[93.385,25.491],[93.327,25.546],[93.359,25.555],[93.427,25.632],[93.461,25.632],[93.497,25.655],[93.522,25.698],[93.541,25.699],[93.542,25.731],[93.568,25.758],[93.617,25.776],[93.646,25.822],[93.714,25.845],[93.682,25.904],[93.751,25.933],[93.765,25.97],[93.796,25.907],[93.778,25.85],[93.795,25.809],[93.84,25.857],[93.882,25.843],[93.916,25.884],[93.979,25.917],[93.953,26.003],[93.987,26.067],[94.001,26.172],[94.032,26.198],[94.048,26.249],[94.075,26.264],[94.105,26.32],[94.175,26.34],[94.16,26.354],[94.178,26.382],[94.172,26.43],[94.256,26.541],[94.285,26.561],[94.29,26.48],[94.317,26.458],[94.326,26.482],[94.353,26.49],[94.348,26.504],[94.372,26.506],[94.401,26.534],[94.413,26.577],[94.403,26.611],[94.465,26.633],[94.46,26.662],[94.493,26.666],[94.539,26.706],[94.562,26.705],[94.566,26.684],[94.577,26.701],[94.594,26.697],[94.597,26.735],[94.61,26.737],[94.62,26.712],[94.692,26.732],[94.74,26.776],[94.758,26.766],[94.77,26.789],[94.803,26.801],[94.795,26.814],[94.814,26.82],[94.818,26.848],[94.874,26.918],[94.923,26.946],[94.931,26.933],[94.961,26.937],[94.983,26.913],[95.017,26.921],[95.102,26.962],[95.192,27.035],[95.211,26.931]]]}},{"type":"Feature","properties":{"sid":"S25","name":"Odisha","shd_src_id":"26"},"geometry":{"type":"MultiPolygon","coordinates":[[[[84.058,18.793],[84.058,18.793],[84.057,18.793],[84.058,18.793]]],[[[84.329,18.787],[84.34,18.789],[84.34,18.778],[84.329,18.787]]],[[[84.057,18.8],[84.058,18.799],[84.057,18.799],[84.057,18.8]]],[[[84.353,18.79],[84.35,18.788],[84.35,18.792],[84.353,18.79]]],[[[83.411,19.002],[83.411,19.002],[83.411,19.002],[83.411,19.002]]],[[[86.805,20.486],[86.785,20.462],[86.804,20.489],[86.8,20.516],[86.805,20.486]]],[[[87.054,20.745],[87.06,20.742],[87.049,20.742],[87.054,20.745]]],[[[87.072,20.749],[87.08,20.737],[87.062,20.736],[87.072,20.749]]],[[[87.073,20.754],[87.093,20.755],[87.094,20.745],[87.073,20.754]]],[[[86.988,20.779],[86.982,20.784],[86.989,20.781],[86.988,20.779]]],[[[87.011,20.832],[87.023,20.781],[86.985,20.832],[87.011,20.832]]],[[[84.058,18.793],[84.06,18.799],[84.037,18.817],[83.948,18.806],[83.914,18.829],[83.893,18.816],[83.846,18.869],[83.846,18.913],[83.827,18.916],[83.795,19.018],[83.745,18.988],[83.788,18.916],[83.754,18.925],[83.733,18.987],[83.71,19.002],[83.73,19.022],[83.7,19.025],[83.626,19.162],[83.599,19.13],[83.611,19.096],[83.586,19.086],[83.584,19.057],[83.564,19.058],[83.56,19.087],[83.549,19.08],[83.558,19.056],[83.537,19.009],[83.501,19.02],[83.497,19.035],[83.519,19.039],[83.512,19.07],[83.501,19.06],[83.484,19.092],[83.468,19.093],[83.479,19.079],[83.463,19.064],[83.483,19.033],[83.48,19.008],[83.45,19.01],[83.468,18.991],[83.462,18.955],[83.446,18.958],[83.42,19.0],[83.399,19.01],[83.37,19.004],[83.349,19.019],[83.339,18.997],[83.311,18.999],[83.339,18.953],[83.326,18.932],[83.348,18.926],[83.354,18.967],[83.387,18.933],[83.371,18.926],[83.37,18.942],[83.352,18.943],[83.358,18.916],[83.39,18.91],[83.376,18.898],[83.413,18.874],[83.404,18.843],[83.378,18.832],[83.364,18.844],[83.329,18.807],[83.283,18.799],[83.269,18.765],[83.223,18.776],[83.211,18.731],[83.205,18.752],[83.137,18.786],[83.113,18.769],[83.121,18.759],[83.056,18.666],[83.012,18.647],[82.999,18.609],[83.024,18.59],[83.051,18.6],[83.028,18.574],[83.043,18.545],[83.093,18.548],[83.019,18.457],[83.041,18.425],[83.065,18.431],[83.056,18.42],[83.075,18.404],[83.053,18.381],[83.02,18.392],[82.969,18.361],[82.938,18.361],[82.894,18.381],[82.895,18.424],[82.851,18.421],[82.802,18.45],[82.781,18.431],[82.798,18.407],[82.772,18.341],[82.665,18.299],[82.641,18.303],[82.651,18.251],[82.636,18.237],[82.586,18.277],[82.597,18.305],[82.58,18.316],[82.609,18.327],[82.602,18.352],[82.621,18.36],[82.595,18.389],[82.536,18.406],[82.561,18.448],[82.541,18.458],[82.539,18.445],[82.519,18.466],[82.534,18.478],[82.532,18.511],[82.504,18.514],[82.481,18.549],[82.363,18.422],[82.384,18.368],[82.337,18.327],[82.354,18.317],[82.387,18.329],[82.391,18.299],[82.375,18.281],[82.343,18.281],[82.323,18.232],[82.335,18.225],[82.309,18.205],[82.314,18.185],[82.371,18.149],[82.361,18.136],[82.338,18.151],[82.334,18.107],[82.35,18.077],[82.339,18.056],[82.321,18.061],[82.307,18.046],[82.303,18.069],[82.29,18.07],[82.26,18.042],[82.265,17.996],[82.186,18.016],[82.167,18.053],[82.136,18.045],[82.132,18.061],[82.075,18.076],[82.06,18.056],[82.031,18.07],[82.006,18.057],[82.008,18.031],[81.962,18.001],[81.808,17.956],[81.726,17.879],[81.71,17.874],[81.701,17.903],[81.672,17.888],[81.617,17.823],[81.574,17.839],[81.492,17.813],[81.476,17.838],[81.436,17.833],[81.417,17.814],[81.389,17.82],[81.4,17.894],[81.445,17.886],[81.449,17.932],[81.483,17.977],[81.481,18.051],[81.514,18.101],[81.526,18.153],[81.507,18.186],[81.525,18.258],[81.598,18.309],[81.662,18.321],[81.65,18.337],[81.659,18.347],[81.75,18.354],[81.77,18.419],[81.855,18.49],[81.868,18.525],[81.909,18.538],[81.911,18.571],[81.951,18.57],[81.964,18.59],[81.895,18.629],[81.894,18.657],[81.949,18.644],[81.971,18.698],[82.031,18.724],[82.085,18.719],[82.091,18.765],[82.133,18.765],[82.134,18.78],[82.166,18.799],[82.16,18.879],[82.176,18.903],[82.246,18.919],[82.23,19.027],[82.202,19.067],[82.218,19.097],[82.205,19.097],[82.206,19.124],[82.183,19.131],[82.174,19.118],[82.166,19.133],[82.181,19.151],[82.17,19.161],[82.186,19.166],[82.162,19.202],[82.158,19.265],[82.194,19.326],[82.147,19.365],[82.179,19.379],[82.189,19.427],[82.126,19.429],[82.103,19.466],[82.1,19.517],[82.076,19.524],[82.029,19.508],[82.051,19.549],[82.04,19.598],[82.059,19.628],[82.045,19.709],[82.066,19.791],[81.986,19.801],[81.968,19.86],[81.853,19.918],[81.845,19.96],[81.871,20.044],[81.895,20.048],[81.946,20.105],[81.995,20.054],[82.018,20.049],[82.033,20.016],[82.07,20.057],[82.127,20.015],[82.171,20.005],[82.184,19.984],[82.237,20.003],[82.269,19.975],[82.303,19.889],[82.344,19.835],[82.395,19.888],[82.446,19.91],[82.603,19.867],[82.576,19.833],[82.592,19.776],[82.627,19.794],[82.652,19.832],[82.707,19.835],[82.725,19.876],[82.707,19.902],[82.716,19.995],[82.643,20.005],[82.597,19.99],[82.551,20.016],[82.51,20.017],[82.399,20.056],[82.387,20.145],[82.422,20.204],[82.411,20.264],[82.438,20.293],[82.4,20.341],[82.438,20.434],[82.419,20.48],[82.397,20.458],[82.39,20.517],[82.358,20.528],[82.332,20.562],[82.377,20.632],[82.346,20.732],[82.351,20.889],[82.366,20.869],[82.406,20.869],[82.421,20.83],[82.465,20.828],[82.488,20.86],[82.488,20.909],[82.56,20.947],[82.629,21.038],[82.612,21.074],[82.65,21.106],[82.64,21.155],[82.756,21.167],[82.794,21.143],[82.851,21.168],[82.882,21.148],[82.902,21.167],[82.948,21.162],[82.944,21.178],[82.965,21.193],[82.966,21.175],[82.988,21.183],[82.981,21.17],[83.004,21.167],[82.99,21.14],[83.016,21.146],[83.078,21.112],[83.132,21.106],[83.167,21.139],[83.198,21.145],[83.223,21.266],[83.25,21.282],[83.271,21.273],[83.279,21.295],[83.257,21.32],[83.269,21.378],[83.379,21.344],[83.407,21.351],[83.399,21.405],[83.355,21.448],[83.338,21.502],[83.373,21.558],[83.365,21.576],[83.383,21.62],[83.443,21.655],[83.456,21.61],[83.49,21.631],[83.418,21.68],[83.433,21.699],[83.461,21.698],[83.491,21.744],[83.471,21.787],[83.494,21.817],[83.542,21.798],[83.533,21.83],[83.578,21.83],[83.591,21.851],[83.576,21.883],[83.606,21.914],[83.557,21.935],[83.562,21.948],[83.538,21.969],[83.556,22.007],[83.537,22.028],[83.544,22.057],[83.587,22.049],[83.607,22.067],[83.563,22.103],[83.65,22.223],[83.704,22.247],[83.758,22.24],[83.795,22.286],[83.826,22.293],[83.822,22.313],[83.864,22.343],[83.891,22.336],[83.923,22.358],[84.01,22.372],[84.047,22.438],[84.047,22.469],[83.98,22.502],[83.982,22.523],[84.003,22.532],[84.06,22.516],[84.112,22.477],[84.134,22.478],[84.156,22.408],[84.197,22.378],[84.25,22.379],[84.291,22.343],[84.429,22.352],[84.431,22.373],[84.485,22.389],[84.48,22.413],[84.535,22.427],[84.629,22.434],[84.667,22.42],[84.75,22.419],[84.759,22.447],[84.81,22.453],[84.837,22.431],[84.88,22.449],[84.886,22.42],[84.954,22.459],[84.959,22.445],[85.067,22.484],[85.077,22.464],[85.06,22.449],[85.088,22.387],[85.077,22.356],[85.096,22.345],[85.092,22.316],[85.118,22.317],[85.117,22.294],[85.07,22.273],[85.078,22.257],[85.054,22.184],[85.03,22.162],[85.028,22.122],[84.985,22.096],[84.987,22.083],[85.04,22.116],[85.099,22.106],[85.122,22.071],[85.155,22.078],[85.174,22.052],[85.168,22.069],[85.18,22.073],[85.238,22.009],[85.311,22.119],[85.367,22.123],[85.371,22.161],[85.423,22.158],[85.545,22.09],[85.599,22.078],[85.652,22.095],[85.685,22.054],[85.749,22.073],[85.807,22.116],[85.838,22.079],[85.796,22.081],[85.766,21.995],[85.826,21.975],[85.897,21.984],[85.909,21.969],[85.919,22.008],[85.946,22.022],[86.009,22.116],[85.997,22.132],[86.031,22.19],[85.974,22.247],[86.017,22.297],[86.049,22.308],[86.016,22.312],[86.029,22.334],[85.998,22.342],[86.024,22.364],[86.027,22.395],[86.018,22.426],[85.957,22.465],[85.973,22.506],[86.029,22.524],[86.024,22.545],[86.047,22.567],[86.118,22.487],[86.283,22.448],[86.36,22.349],[86.433,22.306],[86.445,22.306],[86.447,22.328],[86.497,22.347],[86.534,22.301],[86.585,22.301],[86.596,22.278],[86.647,22.268],[86.656,22.236],[86.725,22.219],[86.722,22.147],[86.795,22.157],[86.809,22.119],[86.828,22.118],[86.838,22.098],[86.965,22.086],[87.028,22.037],[87.031,21.985],[87.002,21.914],[87.038,21.868],[87.099,21.866],[87.096,21.914],[87.162,21.935],[87.171,21.979],[87.196,21.959],[87.236,21.957],[87.255,21.927],[87.239,21.9],[87.277,21.805],[87.297,21.811],[87.338,21.785],[87.355,21.792],[87.369,21.765],[87.385,21.777],[87.444,21.769],[87.445,21.734],[87.47,21.732],[87.462,21.651],[87.477,21.647],[87.486,21.609],[87.411,21.555],[87.388,21.566],[87.361,21.548],[87.241,21.547],[87.139,21.515],[87.135,21.502],[87.122,21.512],[87.072,21.469],[87.077,21.453],[86.986,21.398],[86.878,21.273],[86.835,21.185],[86.828,21.132],[86.94,20.895],[86.974,20.855],[86.964,20.79],[86.944,20.766],[86.996,20.771],[87.006,20.722],[87.019,20.72],[87.008,20.701],[87.07,20.72],[86.79,20.54],[86.737,20.46],[86.733,20.408],[86.787,20.384],[86.791,20.423],[86.811,20.436],[86.817,20.396],[86.803,20.359],[86.714,20.3],[86.72,20.289],[86.68,20.259],[86.596,20.224],[86.522,20.168],[86.434,20.052],[86.416,19.976],[86.387,19.944],[86.31,19.938],[86.144,19.874],[85.781,19.781],[85.403,19.615],[85.165,19.462],[85.098,19.406],[85.09,19.375],[84.984,19.318],[84.898,19.247],[84.811,19.157],[84.766,19.077],[84.704,19.117],[84.699,19.144],[84.715,19.156],[84.669,19.167],[84.665,19.131],[84.593,19.133],[84.623,19.086],[84.657,19.095],[84.669,19.077],[84.659,19.064],[84.616,19.067],[84.601,19.024],[84.58,19.031],[84.571,19.075],[84.514,19.049],[84.474,18.99],[84.419,19.023],[84.45,18.979],[84.422,18.948],[84.436,18.922],[84.426,18.91],[84.417,18.919],[84.416,18.898],[84.379,18.904],[84.395,18.892],[84.39,18.878],[84.358,18.895],[84.382,18.875],[84.372,18.863],[84.331,18.883],[84.333,18.86],[84.363,18.84],[84.329,18.819],[84.342,18.803],[84.319,18.788],[84.288,18.805],[84.258,18.784],[84.224,18.8],[84.089,18.758],[84.058,18.793]]]]}},{"type":"Feature","properties":{"sid":"S26","name":"Punjab","shd_src_id":"27"},"geometry":{"type":"Polygon","coordinates":[[[75.839,32.513],[75.902,32.453],[75.935,32.393],[75.873,32.396],[75.844,32.356],[75.811,32.349],[75.815,32.33],[75.771,32.289],[75.618,32.237],[75.639,32.222],[75.624,32.19],[75.662,32.193],[75.673,32.159],[75.601,32.093],[75.595,32.07],[75.658,32.078],[75.724,32.033],[75.751,32.038],[75.8,31.994],[75.91,31.95],[75.986,31.818],[75.937,31.815],[76.018,31.632],[76.055,31.606],[76.169,31.41],[76.147,31.359],[76.179,31.341],[76.18,31.307],[76.269,31.313],[76.276,31.301],[76.323,31.322],[76.308,31.343],[76.354,31.345],[76.33,31.379],[76.331,31.401],[76.368,31.404],[76.375,31.437],[76.432,31.327],[76.464,31.301],[76.44,31.279],[76.48,31.308],[76.497,31.271],[76.527,31.277],[76.524,31.258],[76.539,31.261],[76.543,31.282],[76.549,31.253],[76.588,31.274],[76.612,31.248],[76.593,31.212],[76.642,31.223],[76.645,31.209],[76.6,31.177],[76.612,31.148],[76.602,31.124],[76.639,31.108],[76.611,31.046],[76.629,31.024],[76.625,30.999],[76.737,30.95],[76.814,30.843],[76.847,30.834],[76.857,30.795],[76.838,30.755],[76.815,30.753],[76.813,30.78],[76.783,30.771],[76.772,30.795],[76.711,30.761],[76.705,30.743],[76.731,30.723],[76.739,30.693],[76.777,30.67],[76.807,30.667],[76.827,30.682],[76.85,30.657],[76.876,30.681],[76.871,30.642],[76.926,30.61],[76.91,30.592],[76.916,30.554],[76.886,30.55],[76.932,30.522],[76.931,30.501],[76.899,30.489],[76.912,30.466],[76.886,30.43],[76.907,30.436],[76.911,30.4],[76.932,30.401],[76.937,30.386],[76.898,30.359],[76.883,30.409],[76.856,30.418],[76.847,30.438],[76.823,30.412],[76.79,30.415],[76.776,30.441],[76.741,30.426],[76.713,30.39],[76.731,30.38],[76.72,30.363],[76.745,30.368],[76.746,30.349],[76.689,30.327],[76.623,30.265],[76.557,30.262],[76.548,30.222],[76.596,30.256],[76.596,30.237],[76.627,30.224],[76.616,30.209],[76.653,30.201],[76.656,30.185],[76.636,30.169],[76.629,30.179],[76.645,30.189],[76.614,30.204],[76.6,30.185],[76.642,30.15],[76.546,30.076],[76.512,30.072],[76.503,30.095],[76.463,30.101],[76.46,30.129],[76.429,30.151],[76.441,30.166],[76.423,30.192],[76.387,30.171],[76.41,30.145],[76.391,30.135],[76.4,30.117],[76.362,30.12],[76.35,30.147],[76.333,30.138],[76.36,30.12],[76.322,30.095],[76.208,30.157],[76.225,30.127],[76.217,30.11],[76.253,30.089],[76.214,30.032],[76.233,30.016],[76.21,30.005],[76.172,29.926],[76.188,29.921],[76.193,29.886],[76.247,29.876],[76.244,29.852],[76.221,29.838],[76.198,29.845],[76.174,29.818],[76.145,29.819],[76.124,29.791],[76.098,29.811],[76.043,29.743],[76.026,29.756],[75.984,29.727],[75.939,29.731],[75.906,29.754],[75.87,29.749],[75.838,29.813],[75.806,29.805],[75.779,29.822],[75.756,29.805],[75.721,29.814],[75.706,29.753],[75.677,29.777],[75.642,29.775],[75.629,29.749],[75.58,29.739],[75.562,29.77],[75.523,29.759],[75.519,29.776],[75.46,29.808],[75.454,29.782],[75.406,29.761],[75.392,29.713],[75.346,29.696],[75.36,29.663],[75.334,29.674],[75.317,29.631],[75.296,29.625],[75.29,29.608],[75.32,29.588],[75.309,29.561],[75.235,29.542],[75.222,29.58],[75.235,29.603],[75.183,29.628],[75.188,29.652],[75.168,29.67],[75.207,29.688],[75.201,29.727],[75.21,29.739],[75.226,29.729],[75.242,29.755],[75.226,29.789],[75.209,29.793],[75.211,29.833],[75.191,29.841],[75.164,29.824],[75.155,29.777],[75.135,29.807],[75.101,29.807],[75.119,29.832],[75.09,29.859],[75.115,29.879],[75.089,29.917],[75.07,29.877],[75.047,29.885],[75.023,29.866],[74.991,29.868],[74.927,29.95],[74.897,29.939],[74.888,29.967],[74.855,29.956],[74.821,29.971],[74.812,29.992],[74.731,29.962],[74.707,29.977],[74.652,29.927],[74.647,29.904],[74.597,29.912],[74.532,29.949],[73.895,29.974],[73.886,30.012],[73.904,30.05],[73.975,30.12],[73.96,30.27],[73.931,30.32],[73.88,30.36],[73.974,30.444],[73.926,30.439],[73.935,30.49],[73.964,30.456],[73.964,30.485],[73.982,30.504],[74.02,30.514],[74.012,30.534],[74.031,30.527],[74.039,30.543],[74.057,30.519],[74.072,30.523],[74.091,30.549],[74.073,30.555],[74.102,30.579],[74.096,30.612],[74.118,30.608],[74.127,30.635],[74.148,30.631],[74.193,30.665],[74.233,30.725],[74.286,30.736],[74.261,30.775],[74.302,30.779],[74.295,30.795],[74.32,30.847],[74.382,30.86],[74.361,30.874],[74.366,30.893],[74.423,30.908],[74.41,30.923],[74.429,30.931],[74.414,30.93],[74.416,30.94],[74.546,30.992],[74.543,31.02],[74.568,31.055],[74.597,31.038],[74.671,31.054],[74.696,31.074],[74.689,31.128],[74.659,31.134],[74.636,31.118],[74.631,31.133],[74.603,31.134],[74.611,31.099],[74.571,31.081],[74.551,31.086],[74.548,31.122],[74.51,31.132],[74.517,31.228],[74.533,31.25],[74.521,31.269],[74.542,31.304],[74.526,31.312],[74.549,31.335],[74.552,31.364],[74.583,31.379],[74.601,31.42],[74.655,31.426],[74.639,31.444],[74.652,31.457],[74.628,31.477],[74.636,31.485],[74.61,31.5],[74.587,31.496],[74.575,31.501],[74.584,31.521],[74.613,31.527],[74.616,31.569],[74.555,31.608],[74.534,31.678],[74.487,31.715],[74.504,31.74],[74.559,31.758],[74.558,31.805],[74.608,31.89],[74.636,31.884],[74.667,31.923],[74.719,31.924],[74.72,31.941],[74.757,31.944],[74.756,31.956],[74.819,31.959],[74.829,31.999],[74.88,32.032],[74.869,32.042],[74.88,32.054],[74.928,32.066],[75.012,32.036],[75.069,32.067],[75.105,32.059],[75.123,32.081],[75.174,32.067],[75.198,32.083],[75.202,32.12],[75.216,32.121],[75.224,32.098],[75.235,32.104],[75.231,32.092],[75.261,32.101],[75.285,32.151],[75.322,32.18],[75.316,32.208],[75.372,32.226],[75.382,32.269],[75.32,32.297],[75.341,32.346],[75.43,32.316],[75.489,32.346],[75.482,32.32],[75.512,32.308],[75.509,32.284],[75.533,32.278],[75.54,32.336],[75.56,32.357],[75.723,32.405],[75.728,32.433],[75.744,32.432],[75.729,32.453],[75.777,32.465],[75.839,32.513]]]}},{"type":"Feature","properties":{"sid":"S27","name":"Puducherry","shd_src_id":"28"},"geometry":{"type":"MultiPolygon","coordinates":[[[[79.757,11.003],[79.798,10.982],[79.815,11.004],[79.851,10.994],[79.852,10.827],[79.831,10.827],[79.828,10.85],[79.808,10.856],[79.825,10.865],[79.811,10.88],[79.828,10.884],[79.784,10.888],[79.789,10.908],[79.756,10.892],[79.762,10.914],[79.725,10.93],[79.737,10.953],[79.72,10.953],[79.72,10.968],[79.764,10.96],[79.747,10.988],[79.757,11.003]]],[[[75.539,11.709],[75.537,11.693],[75.529,11.702],[75.539,11.709]]],[[[79.675,11.807],[79.688,11.81],[79.681,11.798],[79.675,11.807]]],[[[79.692,11.813],[79.7,11.823],[79.703,11.813],[79.692,11.813]]],[[[75.535,11.76],[75.558,11.722],[75.53,11.709],[75.535,11.76]]],[[[79.662,11.833],[79.662,11.809],[79.651,11.809],[79.647,11.834],[79.662,11.833]]],[[[79.738,11.843],[79.768,11.823],[79.808,11.833],[79.797,11.785],[79.766,11.792],[79.755,11.775],[79.713,11.791],[79.736,11.809],[79.738,11.843]]],[[[79.698,11.861],[79.696,11.874],[79.698,11.874],[79.698,11.861]]],[[[79.604,11.879],[79.665,11.862],[79.66,11.848],[79.631,11.849],[79.632,11.867],[79.606,11.854],[79.604,11.879]]],[[[79.661,11.944],[79.674,11.914],[79.632,11.899],[79.624,11.941],[79.661,11.944]]],[[[79.689,11.963],[79.679,11.943],[79.657,11.952],[79.667,11.963],[79.689,11.963]]],[[[79.747,12.008],[79.76,11.989],[79.723,11.977],[79.744,11.965],[79.75,11.92],[79.785,11.96],[79.805,11.953],[79.813,11.978],[79.841,11.956],[79.809,11.836],[79.801,11.855],[79.766,11.841],[79.768,11.876],[79.75,11.848],[79.74,11.865],[79.718,11.854],[79.71,11.889],[79.674,11.881],[79.695,11.895],[79.696,11.919],[79.719,11.919],[79.707,11.914],[79.711,11.891],[79.741,11.905],[79.717,11.929],[79.721,11.945],[79.71,11.95],[79.711,11.933],[79.692,11.951],[79.747,12.008]],[[79.775,11.905],[79.771,11.884],[79.785,11.863],[79.796,11.9],[79.775,11.905]]],[[[79.793,12.021],[79.778,12.017],[79.778,12.024],[79.793,12.021]]],[[[79.624,12.031],[79.655,12.019],[79.63,11.963],[79.618,12.013],[79.624,12.031]]],[[[79.688,12.033],[79.71,12.026],[79.717,11.993],[79.684,11.979],[79.664,11.985],[79.663,12.01],[79.688,12.033]]],[[[79.855,12.001],[79.822,12.011],[79.83,12.046],[79.868,12.031],[79.855,12.001]]],[[[82.219,16.74],[82.272,16.732],[82.302,16.755],[82.311,16.735],[82.293,16.71],[82.261,16.702],[82.182,16.737],[82.23,16.762],[82.219,16.74]]]]}},{"type":"Feature","properties":{"sid":"S28","name":"Rajasthan","shd_src_id":"29"},"geometry":{"type":"MultiPolygon","coordinates":[[[[74.851,24.682],[74.853,24.679],[74.852,24.679],[74.851,24.682]]],[[[73.973,30.123],[73.904,30.05],[73.886,30.012],[73.895,29.974],[74.527,29.943],[74.51,29.908],[74.544,29.901],[74.561,29.87],[74.539,29.841],[74.485,29.815],[74.474,29.768],[74.48,29.744],[74.576,29.748],[74.587,29.767],[74.616,29.752],[74.575,29.564],[74.622,29.522],[74.585,29.459],[74.544,29.468],[74.535,29.448],[74.537,29.425],[74.566,29.421],[74.603,29.365],[74.599,29.328],[74.654,29.333],[74.658,29.372],[74.762,29.354],[74.851,29.404],[74.938,29.362],[74.961,29.32],[74.948,29.302],[74.961,29.281],[74.999,29.271],[75.05,29.286],[75.076,29.23],[75.12,29.223],[75.124,29.24],[75.163,29.244],[75.188,29.268],[75.21,29.235],[75.238,29.23],[75.245,29.25],[75.284,29.249],[75.288,29.273],[75.323,29.29],[75.341,29.281],[75.328,29.235],[75.35,29.224],[75.379,29.257],[75.411,29.256],[75.397,29.218],[75.414,29.184],[75.381,29.169],[75.372,29.138],[75.402,29.128],[75.391,29.063],[75.442,29.058],[75.446,29.008],[75.522,29.004],[75.527,28.971],[75.512,28.942],[75.473,28.923],[75.497,28.896],[75.498,28.849],[75.52,28.834],[75.503,28.782],[75.541,28.749],[75.53,28.738],[75.541,28.661],[75.562,28.613],[75.622,28.602],[75.633,28.545],[75.666,28.536],[75.702,28.492],[75.739,28.485],[75.736,28.469],[75.788,28.454],[75.767,28.414],[75.777,28.4],[75.819,28.41],[75.918,28.372],[75.958,28.314],[75.972,28.319],[75.986,28.293],[76.026,28.275],[76.016,28.237],[76.056,28.22],[76.047,28.198],[76.072,28.194],[76.095,28.151],[76.075,28.137],[76.071,28.165],[76.032,28.168],[76.007,28.153],[75.999,28.123],[75.945,28.106],[75.939,28.088],[75.983,28.081],[75.984,28.047],[76.023,28.086],[76.041,28.074],[76.025,28.054],[76.008,28.058],[76.016,28.031],[75.995,28.039],[75.973,28.024],[75.996,28.007],[75.99,27.995],[75.967,28.0],[75.966,27.984],[76.0,27.978],[75.973,27.933],[75.952,27.948],[75.932,27.93],[75.938,27.914],[75.987,27.904],[75.975,27.894],[75.981,27.845],[76.048,27.835],[76.086,27.845],[76.088,27.861],[76.123,27.851],[76.132,27.825],[76.175,27.798],[76.2,27.821],[76.218,27.817],[76.225,27.833],[76.194,27.86],[76.201,27.892],[76.168,27.903],[76.187,27.965],[76.158,27.989],[76.177,28.022],[76.215,28.027],[76.18,28.055],[76.238,28.05],[76.261,28.068],[76.294,28.049],[76.299,28.023],[76.319,28.016],[76.342,28.031],[76.356,28.071],[76.301,28.098],[76.337,28.103],[76.36,28.125],[76.298,28.149],[76.304,28.159],[76.281,28.166],[76.292,28.179],[76.345,28.169],[76.381,28.133],[76.476,28.149],[76.472,28.135],[76.502,28.119],[76.499,28.101],[76.464,28.109],[76.448,28.089],[76.501,28.06],[76.462,28.059],[76.455,28.042],[76.544,28.034],[76.545,27.964],[76.589,27.998],[76.668,28.014],[76.654,28.035],[76.657,28.089],[76.687,28.088],[76.716,28.128],[76.744,28.121],[76.762,28.143],[76.795,28.148],[76.808,28.211],[76.858,28.221],[76.907,28.2],[76.892,28.184],[76.97,28.138],[76.931,27.994],[76.932,27.923],[76.952,27.918],[76.95,27.896],[76.938,27.897],[76.942,27.843],[76.936,27.829],[76.914,27.833],[76.919,27.804],[76.892,27.733],[76.924,27.7],[76.89,27.701],[76.911,27.655],[76.943,27.674],[76.979,27.654],[77.0,27.737],[77.036,27.749],[77.06,27.727],[77.086,27.738],[77.076,27.767],[77.027,27.779],[77.045,27.822],[77.108,27.786],[77.123,27.793],[77.135,27.776],[77.159,27.788],[77.16,27.817],[77.19,27.81],[77.169,27.792],[77.177,27.786],[77.199,27.8],[77.202,27.825],[77.237,27.785],[77.269,27.815],[77.303,27.794],[77.319,27.737],[77.304,27.711],[77.341,27.703],[77.352,27.651],[77.317,27.607],[77.358,27.589],[77.337,27.57],[77.349,27.543],[77.34,27.527],[77.387,27.513],[77.402,27.477],[77.438,27.456],[77.421,27.422],[77.44,27.39],[77.507,27.377],[77.579,27.323],[77.623,27.336],[77.622,27.313],[77.599,27.297],[77.617,27.286],[77.616,27.258],[77.653,27.235],[77.647,27.21],[77.681,27.194],[77.658,27.17],[77.62,27.173],[77.598,27.118],[77.518,27.102],[77.505,27.092],[77.526,27.085],[77.519,27.067],[77.572,27.072],[77.563,27.029],[77.579,27.038],[77.63,27.01],[77.642,27.026],[77.666,27.017],[77.68,27.047],[77.712,26.997],[77.73,26.994],[77.738,27.03],[77.759,27.018],[77.743,26.983],[77.676,26.973],[77.672,26.96],[77.661,26.971],[77.583,26.924],[77.49,26.901],[77.427,26.864],[77.422,26.841],[77.446,26.815],[77.433,26.768],[77.454,26.778],[77.47,26.765],[77.455,26.742],[77.503,26.769],[77.487,26.788],[77.501,26.844],[77.521,26.841],[77.526,26.819],[77.608,26.839],[77.61,26.829],[77.687,26.875],[77.723,26.874],[77.725,26.91],[77.761,26.933],[77.85,26.913],[77.896,26.884],[77.909,26.891],[77.906,26.918],[77.948,26.894],[78.015,26.903],[78.035,26.871],[78.026,26.85],[78.056,26.868],[78.049,26.91],[78.111,26.896],[78.102,26.918],[78.122,26.923],[78.112,26.94],[78.125,26.949],[78.21,26.931],[78.224,26.946],[78.239,26.927],[78.255,26.935],[78.272,26.919],[78.233,26.874],[78.209,26.869],[78.197,26.882],[78.223,26.831],[78.169,26.822],[78.184,26.784],[78.106,26.79],[78.103,26.764],[78.124,26.747],[78.096,26.728],[78.093,26.676],[78.001,26.695],[77.954,26.659],[77.904,26.659],[77.895,26.615],[77.827,26.596],[77.824,26.55],[77.745,26.538],[77.726,26.502],[77.676,26.503],[77.538,26.411],[77.437,26.403],[77.444,26.362],[77.367,26.364],[77.329,26.343],[77.271,26.268],[77.213,26.234],[77.136,26.234],[77.098,26.184],[77.03,26.172],[76.999,26.13],[76.901,26.093],[76.885,26.048],[76.807,25.99],[76.791,25.943],[76.749,25.941],[76.758,25.922],[76.716,25.901],[76.642,25.908],[76.621,25.869],[76.582,25.87],[76.521,25.793],[76.522,25.728],[76.473,25.709],[76.479,25.684],[76.504,25.671],[76.516,25.528],[76.555,25.483],[76.556,25.453],[76.588,25.432],[76.598,25.392],[76.623,25.377],[76.64,25.383],[76.67,25.349],[76.701,25.352],[76.729,25.329],[76.778,25.315],[76.857,25.333],[76.899,25.324],[76.929,25.303],[76.923,25.285],[76.943,25.282],[76.974,25.3],[77.031,25.295],[77.046,25.319],[77.07,25.319],[77.084,25.337],[77.209,25.306],[77.206,25.326],[77.223,25.319],[77.234,25.334],[77.224,25.335],[77.234,25.379],[77.291,25.423],[77.314,25.431],[77.371,25.408],[77.351,25.385],[77.367,25.361],[77.342,25.322],[77.376,25.318],[77.381,25.292],[77.355,25.263],[77.411,25.224],[77.427,25.188],[77.4,25.184],[77.393,25.16],[77.391,25.123],[77.407,25.112],[77.393,25.119],[77.311,25.08],[77.27,25.116],[77.175,25.112],[77.167,25.085],[77.148,25.095],[77.123,25.067],[77.085,25.055],[77.0,25.075],[76.968,25.051],[76.876,25.042],[76.875,25.007],[76.857,25.002],[76.862,24.961],[76.89,24.919],[76.92,24.917],[76.912,24.888],[76.95,24.869],[76.898,24.839],[76.824,24.836],[76.8,24.825],[76.803,24.809],[76.856,24.742],[76.891,24.747],[76.907,24.732],[76.954,24.76],[76.999,24.718],[77.031,24.712],[77.065,24.644],[77.071,24.572],[77.055,24.527],[77.036,24.527],[77.029,24.496],[76.978,24.461],[76.918,24.481],[76.918,24.543],[76.902,24.546],[76.884,24.522],[76.863,24.55],[76.816,24.534],[76.853,24.467],[76.838,24.409],[76.852,24.371],[76.832,24.358],[76.841,24.323],[76.863,24.273],[76.947,24.201],[76.936,24.184],[76.916,24.188],[76.901,24.127],[76.855,24.136],[76.802,24.117],[76.756,24.169],[76.699,24.168],[76.676,24.191],[76.702,24.241],[76.695,24.284],[76.667,24.262],[76.616,24.258],[76.611,24.238],[76.585,24.244],[76.595,24.223],[76.564,24.191],[76.577,24.178],[76.528,24.157],[76.505,24.203],[76.471,24.226],[76.452,24.209],[76.416,24.221],[76.413,24.2],[76.357,24.24],[76.322,24.245],[76.287,24.23],[76.281,24.207],[76.24,24.219],[76.212,24.21],[76.195,24.273],[76.205,24.301],[76.185,24.329],[76.162,24.285],[76.137,24.271],[76.148,24.232],[76.117,24.194],[76.127,24.088],[76.042,24.066],[76.007,24.023],[75.963,24.019],[75.985,23.974],[75.981,23.929],[75.938,23.897],[75.886,23.879],[75.853,23.888],[75.794,23.867],[75.782,23.849],[75.766,23.851],[75.753,23.887],[75.706,23.899],[75.702,23.873],[75.736,23.856],[75.719,23.841],[75.722,23.812],[75.69,23.813],[75.702,23.786],[75.687,23.755],[75.654,23.798],[75.584,23.795],[75.589,23.81],[75.559,23.819],[75.579,23.835],[75.564,23.856],[75.462,23.915],[75.474,23.982],[75.521,24.025],[75.596,23.99],[75.671,24.018],[75.702,23.967],[75.718,23.967],[75.741,23.977],[75.742,23.993],[75.765,23.993],[75.783,24.043],[75.837,24.057],[75.835,24.092],[75.793,24.092],[75.751,24.144],[75.776,24.208],[75.83,24.234],[75.814,24.244],[75.811,24.296],[75.766,24.298],[75.74,24.332],[75.728,24.391],[75.755,24.407],[75.748,24.424],[75.789,24.472],[75.814,24.462],[75.81,24.434],[75.839,24.414],[75.909,24.455],[75.912,24.492],[75.888,24.508],[75.921,24.521],[75.904,24.548],[75.915,24.572],[75.879,24.583],[75.872,24.607],[75.849,24.611],[75.835,24.595],[75.825,24.613],[75.849,24.648],[75.848,24.663],[75.825,24.668],[75.836,24.728],[75.802,24.756],[75.757,24.762],[75.683,24.724],[75.646,24.685],[75.611,24.681],[75.583,24.713],[75.534,24.712],[75.455,24.681],[75.265,24.718],[75.228,24.718],[75.219,24.703],[75.184,24.748],[75.216,24.803],[75.252,24.813],[75.224,24.844],[75.278,24.84],[75.311,24.801],[75.425,24.868],[75.42,24.886],[75.374,24.868],[75.327,24.875],[75.309,24.856],[75.263,24.875],[75.267,24.899],[75.294,24.909],[75.261,24.963],[75.285,24.966],[75.313,24.885],[75.318,24.894],[75.337,24.955],[75.312,24.996],[75.351,25.02],[75.334,25.041],[75.198,25.033],[75.166,25.048],[75.152,25.021],[75.166,25.003],[75.114,24.967],[75.117,24.878],[75.077,24.881],[75.034,24.845],[74.959,24.858],[74.953,24.881],[74.924,24.878],[74.903,24.93],[74.882,24.937],[74.87,24.925],[74.859,24.963],[74.843,24.969],[74.826,24.901],[74.859,24.838],[74.861,24.805],[74.838,24.797],[74.849,24.776],[74.861,24.799],[74.915,24.769],[75.001,24.775],[75.016,24.732],[74.992,24.732],[75.002,24.686],[74.96,24.679],[74.943,24.638],[74.902,24.633],[74.894,24.644],[74.889,24.634],[74.8,24.779],[74.804,24.735],[74.779,24.731],[74.787,24.704],[74.772,24.662],[74.814,24.666],[74.814,24.65],[74.78,24.615],[74.786,24.586],[74.744,24.572],[74.756,24.535],[74.709,24.486],[74.777,24.46],[74.815,24.469],[74.814,24.437],[74.854,24.445],[74.855,24.424],[74.781,24.339],[74.781,24.289],[74.747,24.254],[74.775,24.239],[74.868,24.243],[74.897,24.227],[74.908,24.203],[74.88,24.174],[74.903,24.109],[74.939,24.054],[74.982,24.026],[74.959,23.972],[74.916,23.931],[74.902,23.873],[74.914,23.843],[74.904,23.794],[74.924,23.797],[74.94,23.765],[74.924,23.756],[74.936,23.73],[74.92,23.719],[74.921,23.695],[74.9,23.682],[74.936,23.629],[74.903,23.625],[74.847,23.552],[74.803,23.533],[74.794,23.551],[74.773,23.544],[74.762,23.521],[74.733,23.522],[74.727,23.495],[74.701,23.504],[74.652,23.463],[74.605,23.458],[74.599,23.429],[74.572,23.421],[74.569,23.376],[74.54,23.362],[74.54,23.335],[74.514,23.328],[74.547,23.277],[74.574,23.295],[74.639,23.255],[74.701,23.266],[74.715,23.237],[74.692,23.219],[74.747,23.227],[74.742,23.208],[74.715,23.191],[74.671,23.2],[74.607,23.143],[74.539,23.129],[74.545,23.109],[74.506,23.085],[74.464,23.082],[74.432,23.105],[74.386,23.112],[74.329,23.061],[74.284,23.093],[74.293,23.117],[74.247,23.184],[74.203,23.19],[74.181,23.152],[74.128,23.176],[74.139,23.266],[74.092,23.298],[74.038,23.293],[74.045,23.309],[74.033,23.306],[74.029,23.332],[73.982,23.338],[73.962,23.381],[73.938,23.368],[73.936,23.34],[73.892,23.334],[73.829,23.448],[73.786,23.43],[73.756,23.454],[73.721,23.41],[73.697,23.457],[73.647,23.436],[73.627,23.449],[73.656,23.507],[73.633,23.529],[73.656,23.621],[73.615,23.652],[73.573,23.654],[73.523,23.607],[73.494,23.632],[73.509,23.644],[73.497,23.649],[73.507,23.703],[73.45,23.733],[73.418,23.777],[73.4,23.785],[73.371,23.765],[73.352,23.791],[73.368,23.814],[73.361,23.873],[73.387,23.916],[73.421,23.931],[73.415,23.986],[73.399,23.99],[73.405,24.041],[73.361,24.081],[73.362,24.105],[73.326,24.11],[73.316,24.053],[73.243,24.002],[73.193,24.041],[73.214,24.078],[73.125,24.125],[73.067,24.195],[73.135,24.308],[73.169,24.3],[73.176,24.338],[73.199,24.332],[73.219,24.364],[73.199,24.377],[73.152,24.354],[73.076,24.397],[73.103,24.433],[73.087,24.498],[73.035,24.464],[72.991,24.478],[72.968,24.451],[72.981,24.434],[72.949,24.399],[72.975,24.369],[72.911,24.337],[72.85,24.372],[72.731,24.364],[72.689,24.412],[72.683,24.464],[72.576,24.479],[72.539,24.52],[72.493,24.459],[72.5,24.417],[72.457,24.415],[72.43,24.48],[72.441,24.515],[72.389,24.508],[72.354,24.564],[72.331,24.569],[72.329,24.552],[72.295,24.547],[72.246,24.586],[72.276,24.607],[72.336,24.599],[72.347,24.629],[72.305,24.618],[72.23,24.641],[72.197,24.615],[72.165,24.621],[72.15,24.644],[72.125,24.639],[72.09,24.659],[72.085,24.706],[72.061,24.712],[71.994,24.695],[71.988,24.658],[71.94,24.634],[71.915,24.649],[71.919,24.672],[71.872,24.682],[71.852,24.609],[71.806,24.627],[71.81,24.656],[71.792,24.677],[71.655,24.639],[71.608,24.677],[71.59,24.667],[71.573,24.684],[71.503,24.683],[71.377,24.626],[71.359,24.631],[71.348,24.661],[71.314,24.648],[71.288,24.616],[71.112,24.676],[71.065,24.718],[71.026,24.809],[70.938,24.939],[70.889,25.148],[70.752,25.278],[70.737,25.333],[70.665,25.397],[70.678,25.526],[70.667,25.531],[70.674,25.676],[70.66,25.702],[70.609,25.715],[70.53,25.683],[70.387,25.674],[70.269,25.714],[70.247,25.762],[70.174,25.828],[70.1,25.938],[70.083,26.083],[70.141,26.156],[70.175,26.252],[70.164,26.295],[70.185,26.374],[70.174,26.551],[70.117,26.587],[70.056,26.601],[69.887,26.579],[69.792,26.598],[69.722,26.653],[69.51,26.744],[69.484,26.805],[69.513,27.01],[69.587,27.183],[69.862,27.402],[69.934,27.498],[70.026,27.563],[70.132,27.806],[70.227,27.901],[70.296,27.936],[70.372,28.012],[70.506,28.037],[70.589,28.01],[70.677,27.922],[70.684,27.828],[70.74,27.742],[70.759,27.721],[70.872,27.706],[70.963,27.729],[71.206,27.835],[71.383,27.873],[71.666,27.878],[71.898,27.961],[71.927,28.122],[72.004,28.219],[72.132,28.313],[72.206,28.394],[72.299,28.67],[72.391,28.77],[72.733,28.948],[72.946,29.028],[73.004,29.153],[73.084,29.236],[73.282,29.572],[73.397,29.946],[73.597,30.019],[73.806,30.068],[73.973,30.198],[73.973,30.123]],[[76.423,28.114],[76.441,28.12],[76.429,28.139],[76.423,28.114]]]]}},{"type":"Feature","properties":{"sid":"S29","name":"Sikkim","shd_src_id":"30"},"geometry":{"type":"Polygon","coordinates":[[[88.61,28.129],[88.672,28.072],[88.756,28.076],[88.836,28.015],[88.837,27.929],[88.86,27.927],[88.883,27.891],[88.883,27.834],[88.856,27.815],[88.865,27.742],[88.838,27.706],[88.848,27.668],[88.815,27.646],[88.791,27.575],[88.764,27.565],[88.793,27.529],[88.783,27.45],[88.823,27.391],[88.861,27.387],[88.884,27.343],[88.919,27.328],[88.908,27.277],[88.803,27.248],[88.787,27.182],[88.765,27.177],[88.739,27.136],[88.686,27.176],[88.655,27.16],[88.596,27.189],[88.541,27.182],[88.526,27.17],[88.53,27.148],[88.431,27.079],[88.324,27.105],[88.302,27.129],[88.232,27.118],[88.182,27.132],[88.154,27.11],[88.096,27.133],[88.079,27.201],[88.04,27.221],[88.012,27.216],[88.032,27.286],[88.067,27.336],[88.042,27.372],[88.047,27.406],[88.075,27.433],[88.044,27.496],[88.082,27.584],[88.145,27.665],[88.156,27.736],[88.178,27.746],[88.197,27.791],[88.174,27.821],[88.202,27.842],[88.135,27.882],[88.12,27.916],[88.138,27.937],[88.129,27.949],[88.145,27.964],[88.206,27.942],[88.208,27.962],[88.237,27.971],[88.251,27.942],[88.352,27.99],[88.399,27.978],[88.431,28.008],[88.468,28.017],[88.496,28.054],[88.524,28.035],[88.551,28.038],[88.553,28.081],[88.619,28.098],[88.61,28.129]]]}},{"type":"Feature","properties":{"sid":"S30","name":"Tamil Nadu","shd_src_id":"31"},"geometry":{"type":"MultiPolygon","coordinates":[[[[78.205,8.842],[78.216,8.842],[78.219,8.834],[78.205,8.842]]],[[[78.222,8.872],[78.227,8.871],[78.227,8.866],[78.222,8.872]]],[[[78.27,8.943],[78.271,8.94],[78.27,8.939],[78.27,8.943]]],[[[78.255,8.955],[78.251,8.953],[78.252,8.956],[78.255,8.955]]],[[[78.496,9.091],[78.487,9.089],[78.49,9.093],[78.496,9.091]]],[[[78.539,9.104],[78.535,9.103],[78.539,9.106],[78.539,9.104]]],[[[78.579,9.113],[78.588,9.107],[78.571,9.101],[78.579,9.113]]],[[[79.498,9.125],[79.495,9.123],[79.493,9.124],[79.498,9.125]]],[[[79.489,9.125],[79.486,9.125],[79.489,9.127],[79.489,9.125]]],[[[79.463,9.139],[79.461,9.137],[79.461,9.14],[79.463,9.139]]],[[[79.48,9.138],[79.478,9.137],[79.477,9.14],[79.48,9.138]]],[[[79.474,9.139],[79.471,9.141],[79.474,9.139],[79.474,9.139]]],[[[79.461,9.146],[79.456,9.143],[79.456,9.149],[79.461,9.146]]],[[[78.732,9.154],[78.728,9.153],[78.731,9.156],[78.732,9.154]]],[[[78.697,9.153],[78.694,9.153],[78.697,9.156],[78.697,9.153]]],[[[78.752,9.157],[78.751,9.156],[78.751,9.157],[78.752,9.157]]],[[[78.699,9.158],[78.698,9.159],[78.699,9.159],[78.699,9.158]]],[[[78.833,9.166],[78.816,9.158],[78.827,9.176],[78.833,9.166]]],[[[78.899,9.179],[78.92,9.184],[78.941,9.184],[78.899,9.179]]],[[[78.703,9.185],[78.704,9.184],[78.702,9.186],[78.703,9.185]]],[[[78.974,9.185],[78.962,9.184],[78.968,9.19],[78.974,9.185]]],[[[79.069,9.211],[79.091,9.196],[79.057,9.198],[79.069,9.211]]],[[[79.121,9.218],[79.137,9.218],[79.143,9.214],[79.121,9.218]]],[[[79.232,9.243],[79.239,9.241],[79.231,9.238],[79.232,9.243]]],[[[79.181,9.25],[79.223,9.247],[79.199,9.23],[79.179,9.238],[79.181,9.25]]],[[[79.769,11.901],[79.797,11.894],[79.781,11.863],[79.769,11.901]]],[[[80.269,13.565],[80.327,13.443],[80.346,13.316],[80.36,13.308],[80.354,13.254],[80.299,13.138],[80.295,13.093],[80.311,13.108],[80.286,13.055],[80.249,12.857],[80.256,12.774],[80.154,12.464],[80.034,12.302],[79.868,12.031],[79.828,12.044],[79.822,12.011],[79.855,12.001],[79.841,11.956],[79.813,11.978],[79.805,11.953],[79.785,11.96],[79.76,11.944],[79.762,11.928],[79.75,11.92],[79.744,11.965],[79.723,11.977],[79.76,11.989],[79.746,12.008],[79.692,11.951],[79.711,11.933],[79.71,11.95],[79.721,11.945],[79.717,11.929],[79.741,11.905],[79.711,11.891],[79.707,11.914],[79.719,11.919],[79.696,11.919],[79.695,11.895],[79.674,11.892],[79.674,11.881],[79.71,11.889],[79.719,11.853],[79.739,11.865],[79.752,11.848],[79.764,11.877],[79.768,11.839],[79.782,11.856],[79.808,11.845],[79.797,11.825],[79.773,11.823],[79.737,11.844],[79.736,11.809],[79.712,11.791],[79.755,11.775],[79.766,11.792],[79.797,11.785],[79.758,11.572],[79.838,11.36],[79.857,11.156],[79.854,10.983],[79.839,11.002],[79.815,11.004],[79.798,10.982],[79.748,11.003],[79.764,10.96],[79.731,10.97],[79.719,10.957],[79.737,10.957],[79.725,10.929],[79.763,10.913],[79.756,10.892],[79.789,10.908],[79.784,10.888],[79.828,10.884],[79.811,10.88],[79.825,10.865],[79.808,10.856],[79.828,10.85],[79.831,10.827],[79.852,10.827],[79.88,10.294],[79.839,10.276],[79.766,10.272],[79.396,10.319],[79.371,10.291],[79.298,10.263],[79.271,10.237],[79.279,10.21],[79.244,10.182],[79.232,10.14],[79.252,10.128],[79.234,10.126],[79.226,10.099],[79.257,10.044],[79.297,10.031],[79.248,10.028],[79.153,9.929],[79.16,9.919],[79.12,9.876],[79.122,9.853],[78.982,9.689],[78.963,9.629],[78.932,9.591],[78.917,9.502],[78.928,9.486],[78.899,9.485],[78.945,9.401],[79.065,9.301],[79.21,9.283],[79.265,9.295],[79.306,9.329],[79.326,9.326],[79.337,9.315],[79.316,9.277],[79.324,9.264],[79.448,9.153],[79.311,9.241],[79.25,9.26],[79.217,9.253],[79.201,9.267],[79.209,9.282],[79.189,9.282],[79.089,9.262],[78.981,9.273],[78.929,9.266],[78.909,9.248],[78.872,9.257],[78.728,9.209],[78.717,9.19],[78.661,9.193],[78.643,9.176],[78.657,9.158],[78.578,9.131],[78.519,9.136],[78.412,9.111],[78.216,8.967],[78.187,8.924],[78.163,8.789],[78.179,8.769],[78.184,8.79],[78.201,8.79],[78.202,8.764],[78.229,8.749],[78.176,8.747],[78.137,8.689],[78.131,8.497],[78.067,8.418],[78.056,8.385],[78.068,8.372],[77.808,8.242],[77.779,8.198],[77.741,8.174],[77.578,8.136],[77.559,8.119],[77.566,8.092],[77.551,8.078],[77.316,8.12],[77.298,8.147],[77.239,8.175],[77.096,8.293],[77.148,8.332],[77.18,8.323],[77.166,8.342],[77.174,8.358],[77.152,8.355],[77.151,8.384],[77.168,8.384],[77.206,8.444],[77.227,8.447],[77.201,8.501],[77.262,8.506],[77.284,8.547],[77.17,8.742],[77.191,8.742],[77.197,8.768],[77.229,8.784],[77.264,8.842],[77.258,8.875],[77.221,8.904],[77.221,8.927],[77.193,8.926],[77.196,8.955],[77.147,9.021],[77.167,9.045],[77.197,9.046],[77.212,9.1],[77.268,9.153],[77.252,9.189],[77.282,9.217],[77.283,9.301],[77.299,9.311],[77.3,9.337],[77.325,9.337],[77.349,9.441],[77.366,9.46],[77.392,9.459],[77.412,9.509],[77.4,9.527],[77.385,9.519],[77.365,9.535],[77.35,9.567],[77.361,9.602],[77.339,9.573],[77.318,9.603],[77.27,9.573],[77.234,9.582],[77.209,9.613],[77.166,9.613],[77.207,9.695],[77.203,9.722],[77.224,9.73],[77.223,9.788],[77.247,9.798],[77.222,9.823],[77.237,9.852],[77.212,9.877],[77.218,9.905],[77.247,9.952],[77.273,9.964],[77.255,10.012],[77.264,10.029],[77.201,10.107],[77.238,10.131],[77.268,10.122],[77.275,10.185],[77.295,10.218],[77.281,10.237],[77.259,10.23],[77.263,10.264],[77.227,10.316],[77.235,10.353],[77.176,10.359],[77.12,10.318],[77.091,10.315],[77.044,10.284],[77.048,10.259],[76.984,10.22],[76.912,10.234],[76.873,10.276],[76.873,10.297],[76.848,10.285],[76.83,10.303],[76.849,10.367],[76.816,10.423],[76.843,10.537],[76.839,10.596],[76.817,10.603],[76.81,10.624],[76.814,10.635],[76.882,10.639],[76.867,10.694],[76.892,10.718],[76.907,10.783],[76.901,10.808],[76.848,10.819],[76.854,10.84],[76.828,10.873],[76.741,10.891],[76.659,10.931],[76.7,11.027],[76.718,11.041],[76.766,11.029],[76.801,11.054],[76.778,11.042],[76.746,11.057],[76.748,11.135],[76.7,11.154],[76.698,11.174],[76.729,11.191],[76.734,11.218],[76.706,11.24],[76.629,11.194],[76.534,11.186],[76.499,11.211],[76.472,11.209],[76.458,11.188],[76.439,11.199],[76.453,11.239],[76.522,11.271],[76.546,11.3],[76.548,11.359],[76.508,11.354],[76.518,11.372],[76.46,11.389],[76.416,11.423],[76.419,11.442],[76.398,11.436],[76.342,11.468],[76.326,11.454],[76.284,11.483],[76.247,11.468],[76.24,11.527],[76.251,11.537],[76.234,11.571],[76.279,11.601],[76.302,11.571],[76.336,11.596],[76.354,11.589],[76.388,11.63],[76.432,11.631],[76.444,11.647],[76.431,11.666],[76.458,11.664],[76.511,11.705],[76.55,11.674],[76.56,11.623],[76.577,11.615],[76.757,11.619],[76.847,11.595],[76.858,11.614],[76.835,11.655],[76.888,11.734],[76.908,11.795],[76.954,11.792],[76.97,11.777],[76.982,11.812],[77.013,11.815],[77.039,11.794],[77.029,11.775],[77.063,11.79],[77.056,11.769],[77.08,11.736],[77.118,11.721],[77.111,11.773],[77.238,11.795],[77.25,11.813],[77.294,11.809],[77.335,11.771],[77.365,11.79],[77.394,11.788],[77.427,11.761],[77.466,11.847],[77.461,11.9],[77.486,11.887],[77.495,11.944],[77.538,11.932],[77.676,11.952],[77.696,12.016],[77.775,12.118],[77.728,12.182],[77.611,12.206],[77.493,12.197],[77.472,12.208],[77.483,12.23],[77.472,12.25],[77.488,12.281],[77.551,12.291],[77.617,12.368],[77.635,12.488],[77.584,12.479],[77.616,12.509],[77.587,12.515],[77.58,12.552],[77.591,12.615],[77.606,12.629],[77.599,12.667],[77.66,12.684],[77.676,12.679],[77.679,12.66],[77.704,12.661],[77.712,12.683],[77.74,12.673],[77.735,12.694],[77.764,12.7],[77.774,12.724],[77.762,12.735],[77.793,12.748],[77.779,12.768],[77.808,12.797],[77.81,12.832],[77.792,12.843],[77.836,12.87],[77.89,12.87],[77.929,12.891],[77.941,12.869],[77.918,12.831],[77.941,12.823],[77.94,12.853],[77.952,12.857],[77.995,12.806],[78.015,12.813],[78.004,12.825],[78.029,12.845],[78.024,12.856],[78.053,12.854],[78.134,12.782],[78.231,12.761],[78.241,12.73],[78.206,12.706],[78.211,12.686],[78.271,12.705],[78.301,12.666],[78.371,12.627],[78.465,12.624],[78.468,12.676],[78.499,12.676],[78.503,12.717],[78.52,12.712],[78.489,12.742],[78.517,12.724],[78.521,12.736],[78.525,12.716],[78.544,12.711],[78.53,12.71],[78.535,12.691],[78.556,12.7],[78.556,12.756],[78.592,12.783],[78.633,12.932],[78.657,12.932],[78.621,12.991],[78.655,13.015],[78.656,13.031],[78.705,13.015],[78.714,13.069],[78.752,13.055],[78.794,13.067],[78.813,13.089],[78.842,13.079],[78.891,13.097],[78.892,13.033],[78.937,13.03],[78.904,13.048],[78.924,13.081],[78.995,13.087],[79.063,13.053],[79.081,13.026],[79.114,13.039],[79.163,13.02],[79.193,13.047],[79.18,13.049],[79.192,13.067],[79.181,13.084],[79.234,13.105],[79.233,13.139],[79.21,13.148],[79.235,13.171],[79.245,13.138],[79.257,13.161],[79.28,13.153],[79.284,13.123],[79.312,13.126],[79.294,13.11],[79.307,13.106],[79.341,13.137],[79.345,13.121],[79.36,13.124],[79.356,13.165],[79.38,13.163],[79.369,13.173],[79.388,13.177],[79.374,13.189],[79.438,13.188],[79.453,13.238],[79.431,13.23],[79.438,13.243],[79.418,13.243],[79.408,13.265],[79.434,13.275],[79.445,13.301],[79.42,13.29],[79.382,13.307],[79.435,13.352],[79.456,13.339],[79.537,13.339],[79.535,13.275],[79.579,13.258],[79.596,13.285],[79.632,13.27],[79.642,13.29],[79.665,13.279],[79.682,13.296],[79.696,13.267],[79.678,13.262],[79.684,13.244],[79.709,13.251],[79.702,13.224],[79.716,13.216],[79.737,13.236],[79.75,13.208],[79.755,13.206],[79.794,13.226],[79.795,13.242],[79.734,13.289],[79.757,13.295],[79.761,13.318],[79.792,13.293],[79.809,13.317],[79.863,13.317],[79.916,13.36],[79.938,13.355],[79.963,13.391],[79.935,13.416],[79.973,13.43],[79.972,13.469],[80.008,13.478],[80.016,13.498],[80.047,13.494],[80.048,13.512],[80.001,13.526],[80.004,13.545],[80.057,13.537],[80.081,13.55],[80.078,13.489],[80.139,13.504],[80.145,13.491],[80.215,13.49],[80.242,13.471],[80.269,13.565]],[[79.685,12.032],[79.662,11.99],[79.684,11.979],[79.717,11.993],[79.71,12.026],[79.685,12.032]],[[79.778,12.017],[79.793,12.021],[79.778,12.024],[79.778,12.017]],[[79.625,11.965],[79.655,12.019],[79.624,12.031],[79.625,11.965]],[[79.682,11.965],[79.667,11.963],[79.657,11.952],[79.679,11.943],[79.682,11.965]],[[79.661,11.943],[79.624,11.941],[79.632,11.899],[79.674,11.914],[79.661,11.943]],[[79.646,11.881],[79.604,11.879],[79.607,11.854],[79.632,11.867],[79.631,11.849],[79.663,11.852],[79.646,11.881]],[[79.696,11.874],[79.698,11.861],[79.698,11.874],[79.696,11.874]],[[79.644,11.82],[79.663,11.813],[79.65,11.839],[79.644,11.82]],[[79.7,11.823],[79.692,11.813],[79.703,11.813],[79.7,11.823]],[[79.688,11.804],[79.676,11.814],[79.681,11.798],[79.688,11.804]]]]}},{"type":"Feature","properties":{"sid":"S31","name":"Tripura","shd_src_id":"32"},"geometry":{"type":"Polygon","coordinates":[[[92.171,24.531],[92.23,24.502],[92.23,24.462],[92.259,24.439],[92.274,24.388],[92.213,24.25],[92.29,24.252],[92.332,24.18],[92.312,24.052],[92.326,23.998],[92.308,23.961],[92.325,23.914],[92.317,23.864],[92.288,23.868],[92.269,23.847],[92.283,23.815],[92.257,23.812],[92.265,23.725],[92.239,23.718],[92.223,23.653],[92.207,23.661],[92.207,23.701],[92.178,23.708],[92.17,23.74],[92.144,23.733],[92.1,23.677],[92.083,23.68],[92.079,23.648],[92.063,23.645],[92.001,23.671],[91.978,23.733],[91.951,23.726],[91.958,23.694],[91.934,23.685],[91.97,23.478],[91.937,23.467],[91.943,23.435],[91.9,23.441],[91.845,23.405],[91.825,23.352],[91.762,23.303],[91.81,23.165],[91.814,23.099],[91.836,23.093],[91.806,23.063],[91.775,23.07],[91.781,23.029],[91.769,23.041],[91.721,22.987],[91.645,22.985],[91.618,22.938],[91.6,22.955],[91.614,22.958],[91.606,22.972],[91.577,22.965],[91.542,22.999],[91.55,23.038],[91.531,23.038],[91.53,23.092],[91.503,23.13],[91.515,23.145],[91.491,23.158],[91.492,23.178],[91.508,23.184],[91.471,23.196],[91.484,23.209],[91.451,23.219],[91.47,23.228],[91.445,23.247],[91.454,23.26],[91.419,23.256],[91.409,23.285],[91.411,23.256],[91.398,23.265],[91.409,23.248],[91.393,23.246],[91.401,23.229],[91.386,23.228],[91.38,23.185],[91.417,23.065],[91.396,23.056],[91.347,23.102],[91.323,23.158],[91.327,23.252],[91.3,23.292],[91.313,23.306],[91.29,23.319],[91.32,23.36],[91.291,23.351],[91.294,23.375],[91.28,23.377],[91.249,23.49],[91.201,23.52],[91.213,23.55],[91.194,23.547],[91.177,23.593],[91.162,23.595],[91.156,23.671],[91.199,23.647],[91.209,23.686],[91.154,23.688],[91.157,23.742],[91.197,23.751],[91.219,23.736],[91.226,23.791],[91.254,23.837],[91.23,23.881],[91.246,23.913],[91.233,23.927],[91.276,23.923],[91.264,23.944],[91.285,23.982],[91.288,23.968],[91.3,23.972],[91.304,23.998],[91.38,23.975],[91.373,24.003],[91.397,24.05],[91.375,24.108],[91.473,24.102],[91.586,24.073],[91.595,24.096],[91.638,24.103],[91.634,24.138],[91.66,24.19],[91.648,24.218],[91.665,24.234],[91.688,24.162],[91.759,24.142],[91.745,24.247],[91.816,24.21],[91.845,24.226],[91.855,24.212],[91.845,24.191],[91.874,24.174],[91.884,24.139],[91.906,24.139],[91.941,24.268],[91.92,24.337],[91.957,24.357],[91.996,24.322],[91.967,24.38],[91.986,24.377],[91.996,24.394],[92.044,24.375],[92.122,24.382],[92.137,24.425],[92.169,24.428],[92.151,24.495],[92.171,24.531]]]}},{"type":"Feature","properties":{"sid":"S32","name":"Telangana","shd_src_id":"33"},"geometry":{"type":"Polygon","coordinates":[[[78.336,19.884],[78.381,19.88],[78.403,19.832],[78.437,19.814],[78.472,19.817],[78.49,19.793],[78.515,19.819],[78.552,19.824],[78.693,19.791],[78.719,19.767],[78.74,19.783],[78.782,19.778],[78.802,19.757],[78.841,19.762],[78.86,19.689],[78.852,19.658],[78.887,19.655],[78.904,19.67],[78.956,19.656],[78.956,19.6],[78.973,19.582],[78.94,19.552],[78.981,19.561],[78.998,19.54],[79.046,19.548],[79.098,19.532],[79.19,19.459],[79.224,19.469],[79.204,19.494],[79.24,19.535],[79.253,19.593],[79.244,19.617],[79.307,19.597],[79.314,19.566],[79.366,19.576],[79.471,19.5],[79.519,19.52],[79.519,19.543],[79.54,19.555],[79.553,19.524],[79.596,19.507],[79.628,19.573],[79.709,19.584],[79.753,19.608],[79.815,19.575],[79.865,19.511],[79.915,19.496],[79.946,19.468],[79.98,19.389],[79.959,19.336],[79.966,19.303],[79.925,19.227],[79.946,19.169],[79.858,19.102],[79.871,19.041],[79.928,19.049],[79.94,19.033],[79.962,18.867],[79.916,18.83],[79.921,18.81],[79.964,18.774],[80.019,18.77],[80.053,18.725],[80.118,18.681],[80.158,18.701],[80.197,18.681],[80.213,18.706],[80.278,18.722],[80.347,18.595],[80.374,18.612],[80.39,18.598],[80.455,18.63],[80.515,18.619],[80.535,18.588],[80.638,18.523],[80.655,18.476],[80.705,18.44],[80.699,18.421],[80.735,18.413],[80.72,18.391],[80.749,18.308],[80.794,18.257],[80.737,18.222],[80.737,18.177],[80.799,18.172],[80.824,18.194],[80.824,18.239],[80.837,18.242],[80.866,18.233],[80.873,18.214],[80.853,18.205],[80.867,18.14],[80.914,18.145],[80.979,18.179],[80.949,18.086],[80.998,17.917],[81.008,17.798],[81.047,17.782],[81.086,17.798],[81.104,17.772],[81.058,17.733],[80.991,17.75],[80.973,17.78],[80.928,17.762],[80.886,17.736],[80.895,17.701],[80.877,17.655],[80.902,17.64],[80.85,17.617],[80.922,17.575],[80.974,17.592],[81.02,17.52],[81.098,17.504],[81.127,17.526],[81.142,17.489],[81.16,17.484],[81.148,17.464],[81.176,17.464],[81.172,17.449],[81.193,17.436],[81.205,17.45],[81.312,17.409],[81.323,17.375],[81.274,17.317],[81.19,17.325],[81.174,17.23],[81.08,17.215],[81.055,17.225],[81.031,17.19],[80.919,17.22],[80.924,17.158],[80.879,17.161],[80.868,17.123],[80.877,17.07],[80.845,17.04],[80.739,17.08],[80.654,17.069],[80.671,17.101],[80.58,17.153],[80.563,17.133],[80.514,17.122],[80.505,17.069],[80.471,17.05],[80.465,17.03],[80.439,17.038],[80.409,17.092],[80.386,17.068],[80.407,17.016],[80.363,16.976],[80.45,16.955],[80.493,16.927],[80.499,16.956],[80.526,16.948],[80.535,16.961],[80.602,16.919],[80.587,16.904],[80.596,16.885],[80.568,16.869],[80.563,16.833],[80.613,16.794],[80.57,16.768],[80.464,16.795],[80.464,16.82],[80.383,16.865],[80.378,16.852],[80.408,16.848],[80.381,16.817],[80.374,16.852],[80.322,16.88],[80.316,16.948],[80.294,16.996],[80.211,17.01],[80.196,17.044],[80.187,17.02],[80.14,16.991],[80.095,16.991],[80.092,16.968],[80.055,16.971],[80.04,16.918],[80.017,16.915],[79.999,16.865],[80.047,16.853],[80.071,16.802],[80.055,16.745],[79.997,16.702],[79.95,16.636],[79.91,16.634],[79.878,16.697],[79.851,16.706],[79.817,16.692],[79.774,16.731],[79.723,16.69],[79.682,16.694],[79.633,16.66],[79.599,16.673],[79.542,16.632],[79.447,16.62],[79.419,16.58],[79.257,16.566],[79.215,16.488],[79.233,16.459],[79.212,16.447],[79.21,16.358],[79.234,16.334],[79.215,16.226],[79.157,16.209],[79.12,16.232],[79.101,16.223],[79.009,16.24],[78.986,16.211],[78.905,16.183],[78.922,16.105],[78.896,16.086],[78.872,16.144],[78.834,16.145],[78.84,16.078],[78.785,16.021],[78.736,16.008],[78.681,16.035],[78.627,16.088],[78.552,16.043],[78.408,16.075],[78.327,16.037],[78.312,16.012],[78.261,16.026],[78.252,15.935],[78.184,15.91],[78.175,15.858],[78.136,15.855],[78.134,15.836],[78.084,15.841],[78.032,15.907],[78.009,15.862],[77.888,15.906],[77.859,15.884],[77.805,15.874],[77.724,15.896],[77.659,15.885],[77.611,15.918],[77.513,15.927],[77.514,16.008],[77.494,16.037],[77.507,16.079],[77.494,16.087],[77.513,16.108],[77.49,16.12],[77.486,16.163],[77.501,16.222],[77.516,16.224],[77.492,16.229],[77.49,16.255],[77.505,16.276],[77.537,16.267],[77.563,16.302],[77.598,16.293],[77.595,16.343],[77.573,16.341],[77.49,16.385],[77.421,16.366],[77.349,16.384],[77.288,16.409],[77.236,16.473],[77.294,16.477],[77.299,16.496],[77.369,16.489],[77.378,16.514],[77.419,16.522],[77.419,16.549],[77.393,16.57],[77.423,16.569],[77.467,16.599],[77.454,16.617],[77.476,16.65],[77.434,16.641],[77.419,16.669],[77.47,16.687],[77.474,16.717],[77.438,16.712],[77.426,16.723],[77.439,16.789],[77.476,16.788],[77.457,16.83],[77.454,16.914],[77.469,16.919],[77.48,16.996],[77.503,17.014],[77.464,17.11],[77.407,17.125],[77.364,17.159],[77.372,17.196],[77.404,17.21],[77.38,17.222],[77.42,17.238],[77.459,17.279],[77.438,17.292],[77.456,17.331],[77.454,17.374],[77.479,17.371],[77.484,17.355],[77.53,17.371],[77.538,17.406],[77.514,17.414],[77.513,17.431],[77.537,17.444],[77.576,17.431],[77.576,17.456],[77.614,17.446],[77.615,17.473],[77.645,17.478],[77.657,17.507],[77.657,17.481],[77.688,17.475],[77.692,17.497],[77.662,17.523],[77.597,17.534],[77.594,17.565],[77.551,17.552],[77.528,17.575],[77.507,17.542],[77.494,17.568],[77.443,17.584],[77.452,17.695],[77.546,17.727],[77.569,17.749],[77.569,17.766],[77.507,17.786],[77.528,17.828],[77.554,17.82],[77.576,17.875],[77.599,17.873],[77.586,17.908],[77.619,17.904],[77.625,17.96],[77.649,17.95],[77.656,17.969],[77.649,17.999],[77.628,17.997],[77.606,18.02],[77.589,18.012],[77.548,18.056],[77.597,18.088],[77.597,18.156],[77.563,18.196],[77.585,18.22],[77.572,18.244],[77.605,18.281],[77.551,18.292],[77.57,18.318],[77.523,18.345],[77.557,18.417],[77.528,18.442],[77.585,18.447],[77.549,18.469],[77.573,18.47],[77.576,18.487],[77.603,18.477],[77.605,18.496],[77.586,18.504],[77.596,18.549],[77.648,18.555],[77.656,18.531],[77.738,18.557],[77.75,18.589],[77.73,18.667],[77.754,18.701],[77.768,18.706],[77.787,18.683],[77.84,18.805],[77.948,18.829],[77.949,18.843],[77.903,18.867],[77.885,18.904],[77.843,18.909],[77.859,18.949],[77.819,18.946],[77.822,18.979],[77.771,18.979],[77.762,19.033],[77.765,19.063],[77.8,19.051],[77.81,19.105],[77.85,19.089],[77.834,19.134],[77.86,19.18],[77.848,19.19],[77.871,19.255],[77.908,19.268],[77.866,19.284],[77.863,19.304],[77.945,19.342],[78.043,19.271],[78.042,19.243],[78.056,19.237],[78.079,19.255],[78.089,19.239],[78.117,19.249],[78.145,19.229],[78.175,19.238],[78.194,19.315],[78.172,19.349],[78.188,19.395],[78.176,19.412],[78.195,19.407],[78.27,19.456],[78.304,19.456],[78.293,19.542],[78.274,19.554],[78.304,19.569],[78.306,19.607],[78.29,19.646],[78.263,19.665],[78.276,19.692],[78.312,19.691],[78.343,19.713],[78.359,19.803],[78.334,19.815],[78.336,19.838],[78.285,19.854],[78.307,19.914],[78.331,19.915],[78.336,19.884]]]}},{"type":"Feature","properties":{"sid":"S33","name":"Uttarakhand","shd_src_id":"34"},"geometry":{"type":"Polygon","coordinates":[[[79.25,31.255],[79.293,31.221],[79.317,31.137],[79.399,31.108],[79.408,31.077],[79.425,31.071],[79.425,31.03],[79.519,31.027],[79.553,30.96],[79.603,30.933],[79.664,30.967],[79.665,30.983],[79.717,30.976],[79.753,31.008],[79.816,30.974],[79.863,30.975],[79.89,30.919],[79.91,30.915],[79.929,30.882],[79.962,30.89],[80.042,30.836],[80.056,30.842],[80.111,30.779],[80.178,30.804],[80.215,30.749],[80.24,30.762],[80.251,30.737],[80.236,30.69],[80.2,30.683],[80.197,30.662],[80.221,30.642],[80.212,30.622],[80.227,30.579],[80.258,30.559],[80.283,30.572],[80.386,30.515],[80.416,30.525],[80.539,30.449],[80.598,30.479],[80.752,30.394],[80.822,30.316],[81.006,30.263],[81.033,30.246],[81.027,30.228],[81.047,30.211],[80.95,30.178],[80.918,30.19],[80.92,30.214],[80.903,30.215],[80.868,30.174],[80.875,30.126],[80.761,30.05],[80.745,30.004],[80.719,30.001],[80.675,29.957],[80.602,29.958],[80.574,29.924],[80.553,29.851],[80.507,29.823],[80.494,29.796],[80.435,29.806],[80.407,29.795],[80.397,29.758],[80.367,29.749],[80.384,29.675],[80.42,29.638],[80.408,29.596],[80.379,29.561],[80.342,29.553],[80.358,29.533],[80.35,29.519],[80.287,29.477],[80.302,29.453],[80.242,29.443],[80.242,29.412],[80.276,29.392],[80.271,29.364],[80.319,29.304],[80.291,29.232],[80.294,29.198],[80.253,29.221],[80.241,29.203],[80.272,29.142],[80.233,29.118],[80.183,29.137],[80.145,29.103],[80.129,29.063],[80.125,29.013],[80.135,29.007],[80.118,28.982],[80.101,28.987],[80.058,28.917],[80.062,28.783],[80.03,28.749],[79.954,28.723],[79.924,28.773],[79.94,28.788],[79.901,28.782],[79.873,28.797],[79.879,28.815],[79.916,28.804],[79.888,28.837],[79.863,28.84],[79.846,28.823],[79.849,28.8],[79.808,28.801],[79.837,28.832],[79.824,28.839],[79.837,28.84],[79.831,28.855],[79.85,28.859],[79.829,28.884],[79.749,28.872],[79.707,28.841],[79.656,28.87],[79.584,28.846],[79.574,28.855],[79.584,28.879],[79.556,28.899],[79.522,28.865],[79.44,28.862],[79.425,28.868],[79.419,28.94],[79.387,28.95],[79.372,28.987],[79.365,28.968],[79.312,28.977],[79.307,28.967],[79.212,29.028],[79.171,29.012],[79.162,29.029],[79.175,29.046],[79.143,29.067],[79.153,29.115],[79.127,29.133],[79.112,29.128],[79.036,29.169],[79.037,29.145],[79.018,29.154],[79.017,29.131],[79.041,29.128],[79.027,29.112],[79.008,29.112],[78.982,29.143],[78.956,29.12],[78.906,29.125],[78.919,29.136],[78.909,29.179],[78.875,29.205],[78.874,29.23],[78.858,29.242],[78.808,29.237],[78.765,29.279],[78.723,29.299],[78.719,29.307],[78.734,29.303],[78.734,29.322],[78.75,29.317],[78.767,29.337],[78.793,29.328],[78.79,29.315],[78.796,29.312],[78.825,29.368],[78.85,29.345],[78.942,29.439],[78.8,29.465],[78.618,29.558],[78.533,29.639],[78.517,29.719],[78.501,29.733],[78.336,29.797],[78.26,29.738],[78.204,29.737],[78.196,29.693],[78.172,29.692],[78.131,29.653],[78.081,29.635],[78.087,29.625],[78.057,29.631],[78.018,29.598],[78.022,29.581],[77.995,29.596],[77.967,29.58],[77.933,29.601],[77.948,29.617],[77.978,29.613],[77.984,29.644],[77.94,29.696],[77.953,29.707],[77.883,29.702],[77.83,29.668],[77.799,29.686],[77.81,29.702],[77.77,29.718],[77.783,29.736],[77.77,29.745],[77.775,29.791],[77.752,29.811],[77.742,29.852],[77.714,29.87],[77.748,29.911],[77.731,29.932],[77.748,29.952],[77.733,29.956],[77.762,30.009],[77.782,30.019],[77.771,30.048],[77.801,30.096],[77.828,30.086],[77.86,30.113],[77.919,30.211],[77.962,30.242],[77.847,30.272],[77.722,30.33],[77.657,30.401],[77.576,30.397],[77.572,30.411],[77.818,30.508],[77.818,30.561],[77.774,30.558],[77.743,30.594],[77.772,30.597],[77.771,30.616],[77.796,30.614],[77.781,30.647],[77.792,30.66],[77.747,30.68],[77.756,30.707],[77.734,30.735],[77.705,30.743],[77.704,30.765],[77.761,30.826],[77.744,30.847],[77.758,30.877],[77.806,30.853],[77.813,30.922],[77.763,30.918],[77.749,30.954],[77.772,30.974],[77.814,30.954],[77.838,30.953],[77.814,30.962],[77.832,30.994],[77.808,31.016],[77.811,31.032],[77.83,31.029],[77.812,31.059],[77.851,31.073],[77.899,31.15],[77.967,31.173],[78.03,31.151],[78.043,31.179],[78.104,31.185],[78.16,31.226],[78.212,31.22],[78.22,31.234],[78.247,31.23],[78.283,31.266],[78.306,31.26],[78.311,31.283],[78.37,31.286],[78.396,31.275],[78.407,31.242],[78.434,31.255],[78.456,31.241],[78.484,31.199],[78.552,31.2],[78.578,31.225],[78.609,31.229],[78.647,31.215],[78.658,31.185],[78.672,31.197],[78.765,31.186],[78.81,31.198],[78.831,31.141],[78.885,31.099],[79.009,31.11],[78.986,31.174],[78.958,31.187],[78.948,31.217],[78.929,31.217],[78.881,31.284],[78.933,31.253],[78.948,31.32],[79.011,31.357],[79.064,31.462],[79.144,31.425],[79.192,31.363],[79.246,31.33],[79.239,31.314],[79.272,31.283],[79.25,31.255]]]}},{"type":"Feature","properties":{"sid":"S34","name":"Uttar Pradesh","shd_src_id":"35"},"geometry":{"type":"MultiPolygon","coordinates":[[[[79.367,25.144],[79.387,25.086],[79.426,25.059],[79.41,25.034],[79.369,25.054],[79.356,25.04],[79.351,25.069],[79.38,25.065],[79.38,25.101],[79.35,25.118],[79.367,25.144]]],[[[79.373,25.18],[79.354,25.176],[79.359,25.188],[79.373,25.18]]],[[[77.576,30.397],[77.657,30.401],[77.722,30.33],[77.847,30.272],[77.962,30.242],[77.919,30.211],[77.86,30.113],[77.828,30.086],[77.801,30.096],[77.771,30.048],[77.782,30.019],[77.762,30.009],[77.733,29.956],[77.748,29.952],[77.731,29.932],[77.748,29.911],[77.714,29.87],[77.742,29.852],[77.752,29.811],[77.775,29.791],[77.77,29.745],[77.783,29.736],[77.77,29.718],[77.81,29.702],[77.799,29.686],[77.83,29.668],[77.883,29.702],[77.911,29.696],[77.926,29.714],[77.947,29.713],[77.94,29.696],[77.984,29.644],[77.978,29.613],[77.948,29.617],[77.933,29.601],[77.967,29.58],[77.995,29.596],[78.022,29.581],[78.018,29.598],[78.057,29.631],[78.087,29.625],[78.081,29.635],[78.131,29.653],[78.172,29.692],[78.196,29.693],[78.204,29.737],[78.26,29.738],[78.336,29.797],[78.501,29.733],[78.517,29.719],[78.533,29.639],[78.618,29.558],[78.8,29.465],[78.942,29.439],[78.85,29.345],[78.825,29.368],[78.796,29.312],[78.793,29.328],[78.767,29.337],[78.75,29.317],[78.734,29.322],[78.734,29.303],[78.719,29.307],[78.808,29.237],[78.858,29.242],[78.874,29.23],[78.875,29.205],[78.909,29.179],[78.919,29.136],[78.906,29.125],[78.956,29.12],[78.982,29.143],[79.008,29.112],[79.027,29.112],[79.041,29.128],[79.017,29.131],[79.018,29.154],[79.037,29.145],[79.036,29.169],[79.112,29.128],[79.127,29.133],[79.153,29.115],[79.143,29.067],[79.175,29.046],[79.162,29.029],[79.171,29.012],[79.212,29.028],[79.307,28.967],[79.312,28.977],[79.365,28.968],[79.372,28.987],[79.385,28.952],[79.408,28.952],[79.428,28.92],[79.426,28.867],[79.522,28.865],[79.556,28.899],[79.584,28.879],[79.574,28.855],[79.584,28.846],[79.656,28.87],[79.707,28.841],[79.749,28.872],[79.818,28.888],[79.85,28.859],[79.831,28.855],[79.837,28.84],[79.824,28.839],[79.837,28.832],[79.809,28.8],[79.849,28.8],[79.846,28.823],[79.863,28.84],[79.888,28.837],[79.916,28.804],[79.879,28.815],[79.873,28.797],[79.901,28.782],[79.94,28.788],[79.924,28.773],[79.954,28.723],[80.03,28.749],[80.062,28.783],[80.068,28.803],[80.052,28.82],[80.065,28.837],[80.075,28.824],[80.118,28.829],[80.216,28.756],[80.257,28.754],[80.257,28.729],[80.317,28.7],[80.326,28.666],[80.361,28.635],[80.451,28.63],[80.469,28.584],[80.518,28.552],[80.531,28.573],[80.506,28.671],[80.54,28.691],[80.588,28.681],[80.589,28.648],[80.668,28.642],[80.677,28.604],[80.696,28.603],[80.69,28.588],[80.715,28.568],[80.769,28.566],[80.789,28.525],[80.866,28.49],[80.862,28.504],[80.896,28.507],[80.915,28.458],[80.914,28.468],[80.93,28.458],[80.943,28.469],[80.932,28.459],[80.952,28.448],[80.98,28.455],[80.965,28.445],[80.979,28.434],[81.017,28.451],[81.013,28.438],[81.034,28.428],[81.018,28.415],[81.034,28.399],[81.036,28.414],[81.08,28.385],[81.211,28.361],[81.234,28.325],[81.233,28.289],[81.321,28.197],[81.321,28.169],[81.302,28.165],[81.328,28.148],[81.318,28.134],[81.371,28.143],[81.374,28.177],[81.447,28.161],[81.45,28.141],[81.484,28.119],[81.478,28.083],[81.624,28.002],[81.698,27.988],[81.885,27.857],[81.926,27.86],[81.968,27.929],[82.07,27.924],[82.121,27.866],[82.208,27.844],[82.449,27.679],[82.708,27.722],[82.712,27.665],[82.737,27.643],[82.735,27.61],[82.756,27.588],[82.736,27.502],[82.929,27.501],[82.954,27.468],[83.035,27.449],[83.188,27.454],[83.272,27.383],[83.272,27.353],[83.318,27.33],[83.359,27.343],[83.409,27.413],[83.384,27.436],[83.402,27.458],[83.388,27.48],[83.614,27.469],[83.831,27.37],[83.864,27.347],[83.837,27.322],[83.859,27.308],[83.926,27.321],[83.934,27.3],[83.905,27.257],[83.97,27.224],[83.994,27.175],[83.959,27.137],[83.947,27.091],[84.03,27.098],[84.0,27.069],[84.05,27.043],[84.037,27.009],[84.057,26.99],[84.046,26.982],[84.055,26.96],[84.032,26.941],[84.06,26.92],[84.06,26.888],[84.098,26.876],[84.11,26.899],[84.146,26.885],[84.141,26.853],[84.166,26.834],[84.219,26.872],[84.254,26.857],[84.26,26.804],[84.233,26.754],[84.241,26.739],[84.256,26.727],[84.306,26.75],[84.33,26.684],[84.411,26.67],[84.42,26.627],[84.307,26.616],[84.282,26.6],[84.16,26.624],[84.159,26.636],[84.087,26.639],[84.089,26.603],[84.048,26.536],[84.009,26.522],[83.977,26.533],[83.971,26.507],[83.94,26.525],[83.908,26.519],[83.908,26.447],[83.991,26.432],[84.017,26.448],[84.034,26.412],[84.079,26.383],[84.177,26.371],[84.186,26.313],[84.166,26.241],[84.151,26.258],[84.121,26.259],[84.087,26.219],[84.019,26.239],[84.029,26.199],[84.009,26.175],[84.034,26.16],[84.028,26.142],[84.05,26.13],[84.056,26.1],[84.104,26.093],[84.173,26.025],[84.17,25.988],[84.207,26.0],[84.297,25.945],[84.354,25.959],[84.412,25.931],[84.428,25.891],[84.534,25.876],[84.544,25.859],[84.523,25.86],[84.531,25.832],[84.548,25.828],[84.551,25.841],[84.625,25.792],[84.624,25.771],[84.603,25.762],[84.635,25.728],[84.56,25.737],[84.557,25.68],[84.535,25.69],[84.54,25.727],[84.529,25.683],[84.499,25.675],[84.454,25.714],[84.43,25.711],[84.427,25.693],[84.407,25.698],[84.4,25.729],[84.384,25.732],[84.391,25.745],[84.337,25.744],[84.324,25.67],[84.287,25.677],[84.3,25.665],[84.276,25.659],[84.206,25.67],[84.199,25.702],[84.155,25.729],[84.143,25.716],[84.13,25.718],[84.14,25.732],[84.104,25.721],[84.075,25.695],[84.081,25.636],[84.017,25.615],[83.925,25.554],[83.902,25.524],[83.876,25.518],[83.857,25.469],[83.817,25.463],[83.812,25.449],[83.846,25.434],[83.802,25.43],[83.808,25.409],[83.769,25.386],[83.741,25.411],[83.71,25.386],[83.702,25.396],[83.682,25.379],[83.694,25.37],[83.656,25.368],[83.649,25.339],[83.596,25.328],[83.574,25.306],[83.572,25.315],[83.54,25.316],[83.554,25.308],[83.506,25.281],[83.49,25.289],[83.464,25.251],[83.45,25.261],[83.436,25.244],[83.416,25.25],[83.402,25.209],[83.357,25.2],[83.351,25.157],[83.367,25.125],[83.35,25.113],[83.343,25.051],[83.32,25.017],[83.351,25.009],[83.343,24.963],[83.362,24.954],[83.355,24.905],[83.37,24.88],[83.358,24.871],[83.397,24.832],[83.394,24.782],[83.428,24.768],[83.458,24.732],[83.489,24.736],[83.485,24.702],[83.52,24.677],[83.501,24.651],[83.548,24.623],[83.524,24.603],[83.53,24.567],[83.497,24.539],[83.503,24.525],[83.397,24.497],[83.386,24.451],[83.405,24.436],[83.405,24.405],[83.434,24.401],[83.457,24.365],[83.38,24.314],[83.407,24.289],[83.409,24.266],[83.379,24.23],[83.383,24.198],[83.354,24.125],[83.299,24.079],[83.279,24.018],[83.243,24.012],[83.224,23.987],[83.208,23.921],[83.091,23.872],[82.948,23.871],[82.837,23.957],[82.813,23.96],[82.804,24.004],[82.751,24.012],[82.774,24.076],[82.714,24.075],[82.707,24.097],[82.666,24.124],[82.678,24.153],[82.728,24.136],[82.744,24.166],[82.735,24.217],[82.759,24.237],[82.773,24.344],[82.764,24.376],[82.725,24.368],[82.713,24.38],[82.74,24.43],[82.73,24.472],[82.744,24.496],[82.721,24.514],[82.731,24.535],[82.719,24.552],[82.754,24.548],[82.755,24.536],[82.811,24.547],[82.803,24.598],[82.765,24.596],[82.78,24.614],[82.774,24.642],[82.707,24.636],[82.702,24.675],[82.671,24.697],[82.539,24.648],[82.524,24.676],[82.45,24.675],[82.453,24.689],[82.43,24.703],[82.406,24.681],[82.416,24.591],[82.364,24.598],[82.339,24.62],[82.298,24.605],[82.303,24.667],[82.269,24.683],[82.261,24.661],[82.249,24.671],[82.239,24.661],[82.23,24.682],[82.25,24.697],[82.251,24.77],[82.246,24.744],[82.234,24.761],[82.229,24.745],[82.207,24.747],[82.221,24.722],[82.214,24.734],[82.178,24.732],[82.203,24.758],[82.197,24.778],[82.209,24.772],[82.218,24.777],[82.216,24.794],[82.184,24.796],[82.204,24.819],[82.167,24.801],[82.179,24.795],[82.167,24.785],[82.139,24.799],[82.116,24.784],[82.098,24.816],[82.017,24.846],[81.965,24.827],[81.903,24.892],[81.92,24.928],[81.907,25.006],[81.896,25.01],[81.891,24.989],[81.835,25.017],[81.793,25.004],[81.732,25.049],[81.69,25.039],[81.667,25.075],[81.612,25.056],[81.6,25.074],[81.641,25.099],[81.624,25.12],[81.608,25.096],[81.598,25.131],[81.623,25.141],[81.626,25.161],[81.589,25.166],[81.595,25.182],[81.579,25.191],[81.514,25.184],[81.536,25.16],[81.527,25.138],[81.5,25.149],[81.497,25.129],[81.48,25.132],[81.49,25.11],[81.518,25.101],[81.491,25.072],[81.407,25.105],[81.448,25.107],[81.438,25.13],[81.4,25.119],[81.335,25.169],[81.32,25.157],[81.331,25.115],[81.321,25.113],[81.313,25.164],[81.278,25.166],[81.252,25.102],[81.267,25.085],[81.264,25.053],[81.209,24.993],[81.22,24.929],[81.193,24.925],[81.207,24.93],[81.168,24.955],[81.14,24.888],[81.096,24.921],[81.085,24.95],[81.034,24.953],[81.026,24.94],[81.016,24.951],[81.023,24.928],[80.974,24.934],[80.957,24.918],[80.947,24.966],[80.899,24.949],[80.907,24.935],[80.893,24.945],[80.812,24.923],[80.82,24.933],[80.792,24.965],[80.852,24.989],[80.832,25.033],[80.878,25.065],[80.868,25.116],[80.913,25.159],[80.885,25.188],[80.869,25.174],[80.838,25.181],[80.849,25.163],[80.83,25.1],[80.808,25.137],[80.786,25.129],[80.778,25.142],[80.742,25.124],[80.73,25.147],[80.704,25.128],[80.727,25.118],[80.726,25.091],[80.783,25.076],[80.776,25.055],[80.737,25.053],[80.729,25.067],[80.717,25.069],[80.68,25.049],[80.685,25.077],[80.662,25.068],[80.659,25.083],[80.608,25.098],[80.638,25.117],[80.629,25.133],[80.611,25.128],[80.607,25.15],[80.592,25.09],[80.613,25.066],[80.568,25.087],[80.545,25.065],[80.518,25.095],[80.483,25.1],[80.507,25.084],[80.501,25.042],[80.546,25.032],[80.55,25.002],[80.499,25.006],[80.479,24.974],[80.456,24.982],[80.462,25.002],[80.437,24.995],[80.455,25.006],[80.433,25.024],[80.454,25.042],[80.474,25.031],[80.502,25.037],[80.475,25.038],[80.449,25.079],[80.433,25.066],[80.416,25.073],[80.409,25.055],[80.401,25.07],[80.388,25.051],[80.374,25.056],[80.396,25.012],[80.387,25.004],[80.363,25.024],[80.331,24.992],[80.274,25.026],[80.291,25.06],[80.311,25.044],[80.355,25.056],[80.349,25.087],[80.376,25.116],[80.355,25.138],[80.432,25.178],[80.403,25.244],[80.384,25.237],[80.351,25.277],[80.311,25.286],[80.315,25.389],[80.264,25.424],[80.253,25.401],[80.221,25.397],[80.202,25.414],[80.195,25.378],[80.169,25.377],[80.131,25.334],[80.089,25.356],[80.073,25.337],[80.033,25.342],[80.022,25.298],[79.999,25.286],[80.005,25.267],[79.948,25.269],[79.918,25.227],[79.907,25.251],[79.851,25.236],[79.869,25.217],[79.856,25.194],[79.866,25.15],[79.881,25.142],[79.852,25.129],[79.862,25.096],[79.748,25.14],[79.683,25.135],[79.673,25.121],[79.623,25.141],[79.6,25.128],[79.606,25.152],[79.596,25.143],[79.569,25.172],[79.518,25.127],[79.525,25.097],[79.492,25.08],[79.465,25.088],[79.477,25.127],[79.439,25.101],[79.44,25.121],[79.421,25.13],[79.405,25.106],[79.384,25.143],[79.39,25.17],[79.412,25.183],[79.412,25.2],[79.44,25.199],[79.449,25.215],[79.433,25.221],[79.463,25.265],[79.494,25.267],[79.467,25.283],[79.437,25.255],[79.409,25.256],[79.408,25.274],[79.369,25.292],[79.363,25.262],[79.358,25.284],[79.336,25.288],[79.352,25.33],[79.3,25.338],[79.271,25.31],[79.264,25.269],[79.283,25.262],[79.294,25.284],[79.317,25.256],[79.351,25.264],[79.344,25.227],[79.333,25.228],[79.352,25.212],[79.338,25.198],[79.329,25.221],[79.279,25.245],[79.285,25.191],[79.308,25.198],[79.323,25.15],[79.314,25.136],[79.278,25.118],[79.26,25.125],[79.269,25.138],[79.26,25.153],[79.248,25.116],[79.217,25.111],[79.192,25.146],[79.176,25.14],[79.186,25.115],[79.131,25.109],[79.116,25.14],[79.126,25.161],[79.09,25.191],[79.051,25.134],[79.029,25.14],[79.031,25.185],[79.052,25.208],[79.06,25.191],[79.064,25.222],[79.022,25.242],[79.013,25.274],[78.994,25.273],[78.975,25.24],[79.001,25.234],[79.006,25.195],[78.954,25.219],[78.88,25.158],[78.871,25.187],[78.891,25.214],[78.87,25.231],[78.881,25.254],[78.9,25.243],[78.917,25.274],[78.945,25.259],[78.955,25.283],[78.98,25.279],[78.957,25.302],[78.961,25.345],[78.928,25.324],[78.923,25.343],[78.912,25.333],[78.882,25.344],[78.863,25.314],[78.88,25.286],[78.85,25.229],[78.809,25.271],[78.829,25.303],[78.788,25.296],[78.798,25.314],[78.819,25.307],[78.843,25.337],[78.846,25.327],[78.846,25.356],[78.88,25.386],[78.953,25.4],[78.938,25.375],[78.897,25.374],[78.939,25.347],[78.959,25.371],[78.989,25.374],[78.97,25.39],[78.967,25.434],[78.951,25.441],[78.938,25.422],[78.909,25.442],[78.944,25.483],[78.92,25.515],[78.953,25.538],[78.939,25.557],[78.923,25.536],[78.911,25.555],[78.883,25.554],[78.884,25.516],[78.835,25.506],[78.866,25.466],[78.844,25.428],[78.821,25.439],[78.855,25.448],[78.841,25.461],[78.821,25.468],[78.809,25.453],[78.818,25.472],[78.792,25.483],[78.768,25.469],[78.738,25.495],[78.732,25.458],[78.762,25.427],[78.803,25.437],[78.821,25.423],[78.748,25.41],[78.748,25.392],[78.768,25.4],[78.757,25.385],[78.774,25.376],[78.775,25.353],[78.727,25.343],[78.709,25.351],[78.715,25.373],[78.66,25.384],[78.666,25.415],[78.675,25.4],[78.711,25.428],[78.689,25.446],[78.682,25.434],[78.658,25.441],[78.641,25.433],[78.635,25.401],[78.611,25.416],[78.591,25.386],[78.566,25.391],[78.562,25.378],[78.587,25.373],[78.585,25.347],[78.53,25.353],[78.553,25.32],[78.533,25.301],[78.51,25.295],[78.498,25.32],[78.473,25.286],[78.454,25.301],[78.435,25.284],[78.45,25.262],[78.503,25.29],[78.512,25.277],[78.532,25.284],[78.535,25.268],[78.578,25.253],[78.568,25.241],[78.556,25.209],[78.57,25.224],[78.603,25.147],[78.602,25.095],[78.628,25.086],[78.653,25.051],[78.632,24.958],[78.663,24.938],[78.677,24.899],[78.77,24.859],[78.79,24.811],[78.77,24.788],[78.781,24.706],[78.744,24.654],[78.752,24.6],[78.784,24.589],[78.883,24.641],[78.953,24.547],[78.947,24.502],[78.972,24.494],[78.938,24.479],[78.921,24.5],[78.914,24.46],[78.947,24.437],[78.986,24.442],[78.994,24.423],[78.971,24.348],[78.91,24.298],[78.917,24.269],[78.885,24.25],[78.882,24.217],[78.827,24.195],[78.815,24.207],[78.812,24.181],[78.793,24.177],[78.762,24.259],[78.749,24.233],[78.734,24.252],[78.703,24.227],[78.669,24.24],[78.66,24.267],[78.626,24.281],[78.629,24.304],[78.604,24.315],[78.586,24.354],[78.53,24.368],[78.519,24.388],[78.501,24.389],[78.474,24.356],[78.478,24.339],[78.444,24.319],[78.414,24.273],[78.39,24.263],[78.348,24.299],[78.329,24.329],[78.366,24.386],[78.27,24.447],[78.275,24.474],[78.246,24.486],[78.246,24.51],[78.225,24.521],[78.23,24.538],[78.264,24.552],[78.278,24.615],[78.263,24.646],[78.277,24.663],[78.226,24.747],[78.236,24.772],[78.217,24.809],[78.169,24.863],[78.334,24.995],[78.347,25.022],[78.339,25.087],[78.383,25.102],[78.407,25.129],[78.447,25.122],[78.427,25.154],[78.458,25.164],[78.395,25.188],[78.391,25.201],[78.411,25.213],[78.36,25.242],[78.372,25.26],[78.35,25.277],[78.354,25.292],[78.312,25.303],[78.344,25.328],[78.301,25.36],[78.305,25.377],[78.341,25.4],[78.354,25.452],[78.378,25.437],[78.416,25.476],[78.431,25.474],[78.419,25.533],[78.444,25.563],[78.465,25.546],[78.493,25.579],[78.588,25.557],[78.618,25.584],[78.631,25.579],[78.624,25.567],[78.658,25.56],[78.717,25.605],[78.742,25.597],[78.812,25.621],[78.817,25.676],[78.8,25.705],[78.763,25.72],[78.753,25.751],[78.783,25.758],[78.808,25.801],[78.829,25.796],[78.828,25.814],[78.806,25.814],[78.818,25.829],[78.844,25.823],[78.854,25.794],[78.868,25.803],[78.852,25.857],[78.873,25.875],[78.887,25.869],[78.885,25.914],[78.939,25.943],[78.933,25.979],[78.957,25.996],[78.948,26.028],[79.012,26.083],[78.949,26.129],[78.967,26.15],[79.005,26.148],[79.005,26.168],[78.983,26.184],[78.994,26.197],[79.026,26.191],[79.026,26.22],[78.989,26.235],[79.019,26.248],[79.035,26.225],[79.063,26.226],[79.07,26.246],[79.046,26.26],[79.077,26.281],[79.091,26.27],[79.102,26.307],[79.119,26.3],[79.116,26.321],[79.139,26.338],[79.084,26.362],[79.095,26.412],[79.126,26.411],[79.135,26.44],[79.053,26.454],[79.068,26.497],[79.04,26.515],[79.028,26.547],[79.008,26.544],[78.99,26.579],[78.989,26.596],[79.017,26.601],[78.994,26.641],[79.005,26.673],[78.946,26.655],[78.956,26.692],[78.91,26.707],[78.872,26.698],[78.816,26.762],[78.752,26.787],[78.73,26.775],[78.726,26.796],[78.684,26.788],[78.673,26.764],[78.63,26.773],[78.608,26.75],[78.576,26.749],[78.521,26.781],[78.461,26.788],[78.434,26.826],[78.395,26.817],[78.363,26.869],[78.284,26.854],[78.261,26.814],[78.219,26.833],[78.197,26.88],[78.233,26.874],[78.272,26.918],[78.224,26.946],[78.21,26.931],[78.172,26.948],[78.119,26.947],[78.122,26.923],[78.102,26.917],[78.111,26.896],[78.049,26.91],[78.056,26.868],[78.026,26.85],[78.035,26.871],[78.015,26.903],[77.948,26.894],[77.906,26.918],[77.909,26.891],[77.896,26.884],[77.85,26.913],[77.76,26.932],[77.725,26.91],[77.723,26.874],[77.687,26.875],[77.61,26.829],[77.608,26.839],[77.526,26.819],[77.521,26.841],[77.501,26.844],[77.487,26.788],[77.503,26.769],[77.485,26.748],[77.455,26.742],[77.467,26.774],[77.431,26.771],[77.446,26.815],[77.422,26.841],[77.427,26.864],[77.49,26.901],[77.583,26.924],[77.661,26.971],[77.672,26.96],[77.676,26.973],[77.743,26.983],[77.763,27.007],[77.738,27.03],[77.73,26.994],[77.712,26.997],[77.68,27.047],[77.666,27.017],[77.642,27.026],[77.63,27.01],[77.579,27.038],[77.563,27.029],[77.572,27.072],[77.519,27.067],[77.526,27.085],[77.505,27.092],[77.518,27.102],[77.598,27.118],[77.62,27.173],[77.658,27.17],[77.681,27.194],[77.647,27.21],[77.653,27.235],[77.616,27.258],[77.617,27.286],[77.599,27.297],[77.622,27.313],[77.623,27.336],[77.579,27.323],[77.507,27.377],[77.44,27.391],[77.421,27.422],[77.438,27.456],[77.402,27.477],[77.387,27.513],[77.34,27.527],[77.349,27.543],[77.337,27.57],[77.358,27.589],[77.317,27.607],[77.352,27.651],[77.341,27.703],[77.304,27.711],[77.319,27.734],[77.31,27.788],[77.283,27.8],[77.296,27.825],[77.331,27.831],[77.348,27.856],[77.422,27.854],[77.409,27.875],[77.42,27.89],[77.451,27.871],[77.472,27.884],[77.485,27.935],[77.537,27.934],[77.544,27.962],[77.517,27.971],[77.542,27.989],[77.513,28.032],[77.484,28.04],[77.501,28.059],[77.474,28.087],[77.483,28.107],[77.499,28.095],[77.512,28.125],[77.491,28.137],[77.502,28.161],[77.55,28.18],[77.518,28.193],[77.501,28.182],[77.497,28.206],[77.53,28.199],[77.521,28.224],[77.55,28.242],[77.493,28.252],[77.507,28.306],[77.471,28.335],[77.505,28.37],[77.473,28.397],[77.478,28.419],[77.436,28.431],[77.433,28.455],[77.38,28.47],[77.372,28.498],[77.352,28.5],[77.347,28.521],[77.3,28.56],[77.298,28.58],[77.342,28.609],[77.316,28.641],[77.331,28.713],[77.292,28.706],[77.291,28.722],[77.222,28.777],[77.234,28.784],[77.199,28.798],[77.224,28.825],[77.189,28.88],[77.227,28.88],[77.234,28.912],[77.197,28.938],[77.189,29.028],[77.167,29.034],[77.164,29.079],[77.134,29.095],[77.149,29.118],[77.131,29.217],[77.15,29.233],[77.139,29.268],[77.161,29.332],[77.13,29.343],[77.123,29.37],[77.157,29.387],[77.133,29.401],[77.148,29.434],[77.123,29.455],[77.133,29.483],[77.096,29.52],[77.127,29.559],[77.084,29.589],[77.11,29.597],[77.106,29.632],[77.132,29.642],[77.157,29.693],[77.12,29.76],[77.179,29.813],[77.178,29.846],[77.202,29.869],[77.188,29.911],[77.216,29.922],[77.247,29.977],[77.276,29.996],[77.278,30.042],[77.334,30.054],[77.379,30.091],[77.423,30.103],[77.403,30.112],[77.424,30.131],[77.428,30.163],[77.456,30.163],[77.477,30.182],[77.538,30.279],[77.584,30.307],[77.578,30.33],[77.604,30.369],[77.576,30.397]]]]}},{"type":"Feature","properties":{"sid":"S35","name":"West Bengal","shd_src_id":"36"},"geometry":{"type":"MultiPolygon","coordinates":[[[[88.178,21.601],[88.189,21.582],[88.187,21.56],[88.168,21.592],[88.178,21.601]]],[[[88.486,21.588],[88.534,21.578],[88.531,21.542],[88.506,21.541],[88.512,21.558],[88.504,21.565],[88.504,21.544],[88.482,21.555],[88.486,21.588]]],[[[88.948,21.598],[88.945,21.599],[88.947,21.601],[88.948,21.598]]],[[[88.832,21.608],[88.894,21.579],[88.906,21.548],[88.876,21.534],[88.831,21.551],[88.832,21.608]]],[[[89.137,21.601],[89.145,21.593],[89.135,21.596],[89.137,21.601]]],[[[88.524,21.653],[88.588,21.602],[88.581,21.58],[88.55,21.564],[88.537,21.587],[88.543,21.589],[88.556,21.599],[88.557,21.604],[88.537,21.588],[88.51,21.602],[88.524,21.653]]],[[[88.642,21.679],[88.632,21.649],[88.631,21.673],[88.642,21.679]]],[[[88.331,21.705],[88.351,21.677],[88.35,21.647],[88.318,21.605],[88.306,21.615],[88.316,21.672],[88.301,21.703],[88.331,21.705]]],[[[88.206,21.719],[88.217,21.701],[88.198,21.694],[88.196,21.682],[88.204,21.673],[88.226,21.67],[88.232,21.644],[88.212,21.621],[88.212,21.602],[88.182,21.682],[88.206,21.719]]],[[[88.196,21.725],[88.189,21.726],[88.199,21.732],[88.196,21.725]]],[[[88.75,21.65],[88.769,21.656],[88.8,21.591],[88.742,21.562],[88.709,21.585],[88.719,21.635],[88.684,21.684],[88.693,21.72],[88.702,21.688],[88.75,21.65]]],[[[88.197,21.733],[88.185,21.74],[88.2,21.765],[88.204,21.748],[88.197,21.733]]],[[[88.402,21.737],[88.428,21.703],[88.413,21.693],[88.411,21.656],[88.428,21.63],[88.4,21.601],[88.382,21.616],[88.393,21.621],[88.381,21.663],[88.404,21.717],[88.369,21.727],[88.389,21.736],[88.396,21.755],[88.402,21.737]]],[[[88.374,21.717],[88.395,21.714],[88.363,21.686],[88.337,21.708],[88.348,21.722],[88.348,21.76],[88.39,21.761],[88.386,21.74],[88.364,21.73],[88.374,21.717]]],[[[88.289,21.779],[88.305,21.732],[88.297,21.706],[88.276,21.733],[88.285,21.753],[88.289,21.779]]],[[[88.62,21.737],[88.579,21.727],[88.585,21.748],[88.569,21.77],[88.582,21.776],[88.587,21.753],[88.62,21.737]]],[[[88.186,21.79],[88.176,21.793],[88.179,21.799],[88.186,21.79]]],[[[88.608,21.785],[88.63,21.751],[88.628,21.729],[88.611,21.705],[88.597,21.716],[88.62,21.728],[88.622,21.74],[88.587,21.757],[88.59,21.781],[88.608,21.785]]],[[[88.074,21.809],[88.064,21.809],[88.067,21.821],[88.074,21.809]]],[[[88.422,21.811],[88.43,21.799],[88.456,21.789],[88.471,21.792],[88.453,21.718],[88.472,21.674],[88.447,21.626],[88.42,21.653],[88.43,21.71],[88.383,21.778],[88.422,21.811]]],[[[88.58,21.717],[88.609,21.681],[88.591,21.658],[88.603,21.613],[88.526,21.663],[88.506,21.758],[88.542,21.811],[88.573,21.788],[88.56,21.768],[88.58,21.717]]],[[[88.082,21.839],[88.075,21.836],[88.083,21.843],[88.082,21.839]]],[[[88.185,21.829],[88.171,21.831],[88.168,21.844],[88.185,21.829]]],[[[88.483,21.835],[88.5,21.811],[88.464,21.8],[88.452,21.814],[88.483,21.835]]],[[[88.096,21.866],[88.09,21.868],[88.094,21.873],[88.096,21.866]]],[[[88.007,21.818],[88.025,21.876],[88.039,21.881],[88.018,21.846],[88.007,21.818]]],[[[88.174,21.868],[88.169,21.869],[88.165,21.879],[88.174,21.868]]],[[[88.134,21.878],[88.173,21.812],[88.171,21.74],[88.155,21.65],[88.135,21.628],[88.109,21.626],[88.048,21.645],[88.037,21.675],[88.073,21.78],[88.134,21.878]]],[[[88.562,21.88],[88.575,21.879],[88.574,21.856],[88.557,21.828],[88.562,21.88]]],[[[88.541,21.902],[88.576,21.883],[88.559,21.881],[88.553,21.877],[88.552,21.817],[88.531,21.848],[88.543,21.855],[88.55,21.879],[88.549,21.892],[88.541,21.902]]],[[[88.13,21.93],[88.145,21.917],[88.13,21.899],[88.115,21.92],[88.13,21.93]]],[[[88.637,21.922],[88.67,21.912],[88.645,21.788],[88.592,21.798],[88.577,21.818],[88.585,21.845],[88.637,21.922]]],[[[88.912,21.931],[89.031,21.864],[89.012,21.794],[89.019,21.766],[89.094,21.664],[89.094,21.641],[89.068,21.617],[89.029,21.635],[89.026,21.658],[89.02,21.64],[89.037,21.618],[89.024,21.603],[88.954,21.627],[88.939,21.646],[88.951,21.694],[88.921,21.722],[88.932,21.744],[88.921,21.762],[88.915,21.716],[88.94,21.689],[88.923,21.632],[88.884,21.661],[88.87,21.704],[88.877,21.767],[88.835,21.783],[88.853,21.889],[88.819,21.929],[88.86,21.913],[88.903,21.921],[88.912,21.931]]],[[[88.544,21.971],[88.61,21.925],[88.584,21.892],[88.567,21.912],[88.55,21.923],[88.551,21.936],[88.543,21.96],[88.544,21.971]]],[[[88.607,22.0],[88.599,21.968],[88.615,21.938],[88.61,21.929],[88.576,21.961],[88.578,21.982],[88.596,21.989],[88.6,21.991],[88.603,21.997],[88.607,22.0]]],[[[88.143,22.025],[88.088,21.933],[88.047,21.912],[88.073,21.995],[88.143,22.025]]],[[[88.944,22.001],[88.988,21.971],[89.01,21.98],[88.989,21.951],[89.017,21.926],[89.012,21.903],[88.929,21.945],[88.944,22.001]]],[[[89.8,26.351],[89.818,26.321],[89.79,26.342],[89.8,26.351]]],[[[88.053,27.215],[88.08,27.2],[88.096,27.133],[88.154,27.11],[88.182,27.132],[88.232,27.118],[88.302,27.129],[88.324,27.105],[88.431,27.079],[88.53,27.148],[88.526,27.17],[88.555,27.184],[88.596,27.189],[88.655,27.16],[88.686,27.176],[88.726,27.135],[88.804,27.139],[88.871,27.108],[88.877,26.944],[88.922,26.994],[88.952,26.968],[88.944,26.934],[88.98,26.917],[89.022,26.941],[89.051,26.916],[89.049,26.899],[89.096,26.892],[89.101,26.843],[89.134,26.808],[89.262,26.814],[89.318,26.851],[89.379,26.862],[89.39,26.842],[89.439,26.84],[89.47,26.803],[89.56,26.813],[89.566,26.799],[89.651,26.776],[89.644,26.749],[89.617,26.729],[89.624,26.718],[89.658,26.719],[89.672,26.74],[89.724,26.722],[89.753,26.735],[89.771,26.701],[89.862,26.701],[89.852,26.697],[89.866,26.646],[89.85,26.623],[89.87,26.614],[89.874,26.584],[89.858,26.576],[89.851,26.517],[89.869,26.452],[89.848,26.423],[89.856,26.413],[89.835,26.414],[89.828,26.397],[89.846,26.405],[89.856,26.384],[89.825,26.382],[89.82,26.353],[89.82,26.373],[89.781,26.353],[89.783,26.333],[89.751,26.321],[89.757,26.289],[89.72,26.307],[89.738,26.27],[89.702,26.259],[89.732,26.237],[89.701,26.218],[89.734,26.21],[89.712,26.202],[89.713,26.187],[89.699,26.191],[89.71,26.172],[89.726,26.177],[89.737,26.172],[89.701,26.152],[89.681,26.164],[89.702,26.174],[89.673,26.201],[89.691,26.212],[89.68,26.214],[89.689,26.221],[89.686,26.231],[89.662,26.219],[89.634,26.229],[89.65,26.19],[89.63,26.196],[89.628,26.184],[89.659,26.176],[89.646,26.164],[89.632,26.181],[89.607,26.179],[89.62,26.168],[89.591,26.158],[89.597,26.135],[89.604,26.117],[89.625,26.129],[89.63,26.118],[89.594,26.102],[89.609,26.088],[89.63,26.107],[89.65,26.062],[89.621,26.053],[89.605,26.064],[89.613,26.053],[89.579,26.026],[89.585,25.976],[89.569,25.968],[89.566,25.98],[89.555,25.965],[89.538,25.973],[89.541,26.006],[89.462,25.998],[89.428,26.013],[89.434,26.03],[89.424,26.047],[89.391,26.023],[89.393,26.007],[89.349,26.01],[89.3,26.05],[89.276,26.049],[89.281,26.066],[89.254,26.064],[89.267,26.093],[89.252,26.091],[89.23,26.124],[89.155,26.139],[89.157,26.163],[89.135,26.181],[89.149,26.209],[89.141,26.236],[89.1,26.28],[89.105,26.316],[89.122,26.287],[89.136,26.32],[89.084,26.322],[89.101,26.337],[89.098,26.359],[89.08,26.363],[89.096,26.391],[89.034,26.395],[89.005,26.422],[88.994,26.413],[88.965,26.458],[88.946,26.448],[88.945,26.426],[88.926,26.432],[88.927,26.407],[88.905,26.408],[88.918,26.4],[88.91,26.37],[88.958,26.362],[88.946,26.346],[88.956,26.33],[88.961,26.352],[88.987,26.348],[88.986,26.333],[89.001,26.33],[88.983,26.309],[88.996,26.29],[89.007,26.304],[89.018,26.29],[89.021,26.309],[89.02,26.289],[89.04,26.277],[89.046,26.295],[89.059,26.293],[89.051,26.242],[88.957,26.24],[88.926,26.284],[88.898,26.289],[88.861,26.273],[88.878,26.233],[88.842,26.231],[88.813,26.256],[88.819,26.295],[88.794,26.31],[88.666,26.263],[88.675,26.32],[88.747,26.322],[88.734,26.329],[88.746,26.347],[88.733,26.354],[88.703,26.334],[88.681,26.379],[88.702,26.388],[88.624,26.435],[88.623,26.471],[88.595,26.471],[88.593,26.45],[88.56,26.457],[88.557,26.485],[88.526,26.481],[88.521,26.511],[88.49,26.51],[88.484,26.541],[88.436,26.545],[88.409,26.635],[88.387,26.612],[88.398,26.604],[88.376,26.595],[88.332,26.482],[88.355,26.447],[88.371,26.488],[88.405,26.486],[88.42,26.466],[88.485,26.46],[88.523,26.361],[88.482,26.35],[88.458,26.377],[88.436,26.336],[88.404,26.33],[88.415,26.315],[88.385,26.313],[88.35,26.282],[88.351,26.22],[88.269,26.186],[88.242,26.189],[88.177,26.148],[88.158,26.08],[88.183,26.073],[88.17,26.045],[88.183,26.027],[88.14,26.013],[88.115,25.963],[88.122,25.948],[88.087,25.918],[88.103,25.889],[88.094,25.874],[88.114,25.855],[88.101,25.829],[88.12,25.812],[88.114,25.798],[88.144,25.794],[88.151,25.776],[88.184,25.802],[88.21,25.787],[88.236,25.809],[88.27,25.808],[88.267,25.782],[88.321,25.737],[88.374,25.717],[88.371,25.697],[88.405,25.684],[88.402,25.673],[88.454,25.665],[88.444,25.597],[88.5,25.584],[88.494,25.559],[88.523,25.535],[88.533,25.542],[88.54,25.509],[88.552,25.521],[88.596,25.506],[88.609,25.516],[88.622,25.497],[88.648,25.497],[88.647,25.478],[88.7,25.471],[88.708,25.5],[88.742,25.505],[88.745,25.488],[88.769,25.499],[88.759,25.525],[88.811,25.523],[88.814,25.488],[88.83,25.49],[88.839,25.458],[88.83,25.417],[88.812,25.411],[88.841,25.398],[88.84,25.364],[88.885,25.326],[88.906,25.338],[88.929,25.304],[89.009,25.3],[89.008,25.264],[88.987,25.274],[88.955,25.253],[88.962,25.209],[88.936,25.211],[88.949,25.177],[88.933,25.181],[88.923,25.165],[88.911,25.18],[88.875,25.179],[88.875,25.196],[88.864,25.19],[88.844,25.214],[88.806,25.17],[88.769,25.19],[88.749,25.177],[88.712,25.208],[88.613,25.204],[88.566,25.175],[88.558,25.193],[88.534,25.188],[88.538,25.198],[88.499,25.21],[88.444,25.197],[88.461,25.149],[88.441,25.128],[88.453,25.079],[88.435,25.056],[88.453,25.037],[88.437,25.006],[88.426,25.016],[88.412,24.999],[88.417,24.975],[88.395,24.969],[88.399,24.945],[88.364,24.953],[88.341,24.941],[88.324,24.917],[88.347,24.893],[88.331,24.87],[88.321,24.883],[88.302,24.872],[88.276,24.898],[88.258,24.878],[88.261,24.919],[88.226,24.96],[88.138,24.936],[88.175,24.86],[88.132,24.836],[88.136,24.805],[88.124,24.823],[88.106,24.78],[88.068,24.769],[88.063,24.722],[88.009,24.668],[88.141,24.511],[88.198,24.462],[88.272,24.441],[88.336,24.381],[88.446,24.379],[88.527,24.344],[88.555,24.293],[88.568,24.327],[88.628,24.305],[88.697,24.315],[88.735,24.276],[88.731,24.173],[88.746,24.147],[88.693,24.111],[88.742,24.057],[88.725,24.042],[88.757,24.032],[88.729,23.996],[88.76,24.006],[88.769,23.981],[88.738,23.983],[88.733,23.911],[88.706,23.916],[88.704,23.899],[88.664,23.882],[88.668,23.869],[88.626,23.865],[88.616,23.877],[88.608,23.862],[88.576,23.862],[88.602,23.817],[88.585,23.814],[88.596,23.805],[88.578,23.787],[88.571,23.783],[88.559,23.786],[88.558,23.786],[88.556,23.784],[88.581,23.761],[88.565,23.711],[88.574,23.667],[88.558,23.649],[88.562,23.637],[88.594,23.641],[88.58,23.603],[88.646,23.609],[88.654,23.556],[88.696,23.517],[88.725,23.512],[88.743,23.479],[88.761,23.49],[88.775,23.48],[88.786,23.507],[88.801,23.497],[88.787,23.469],[88.795,23.443],[88.764,23.448],[88.749,23.4],[88.765,23.368],[88.732,23.352],[88.745,23.308],[88.73,23.32],[88.725,23.299],[88.71,23.313],[88.696,23.302],[88.724,23.272],[88.719,23.255],[88.77,23.245],[88.79,23.218],[88.811,23.222],[88.811,23.256],[88.829,23.245],[88.823,23.234],[88.907,23.236],[88.915,23.213],[88.943,23.206],[88.979,23.214],[88.976,23.224],[88.996,23.215],[88.98,23.213],[88.98,23.183],[88.962,23.193],[88.939,23.177],[88.918,23.129],[88.868,23.101],[88.861,23.077],[88.884,23.04],[88.88,23.006],[88.845,23.01],[88.871,22.979],[88.857,22.969],[88.859,22.943],[88.894,22.952],[88.887,22.933],[88.908,22.92],[88.896,22.914],[88.909,22.88],[88.945,22.881],[88.968,22.845],[88.958,22.796],[88.938,22.793],[88.911,22.758],[88.928,22.718],[88.962,22.695],[88.927,22.65],[88.935,22.621],[88.96,22.617],[88.939,22.592],[88.941,22.561],[88.962,22.549],[88.996,22.469],[89.0,22.43],[88.972,22.41],[88.994,22.389],[88.984,22.327],[89.024,22.298],[88.995,22.286],[89.02,22.269],[89.014,22.254],[89.034,22.258],[89.039,22.231],[89.072,22.197],[89.071,22.147],[89.099,22.152],[89.038,22.094],[89.077,22.008],[89.068,21.932],[89.028,21.929],[88.997,21.95],[89.014,21.977],[89.012,21.984],[89.001,21.986],[89.027,21.998],[89.03,22.001],[89.014,21.997],[89.0,21.988],[88.988,21.974],[88.954,22.012],[88.936,22.012],[88.918,21.981],[88.915,22.008],[88.902,22.004],[88.904,21.928],[88.858,21.92],[88.816,21.942],[88.8,21.927],[88.84,21.886],[88.82,21.838],[88.831,21.808],[88.821,21.781],[88.865,21.761],[88.841,21.717],[88.862,21.641],[88.846,21.619],[88.804,21.637],[88.822,21.667],[88.815,21.711],[88.763,21.702],[88.794,21.737],[88.79,21.75],[88.79,21.738],[88.756,21.735],[88.767,21.763],[88.75,21.77],[88.766,21.786],[88.781,21.825],[88.746,21.773],[88.76,21.762],[88.752,21.733],[88.778,21.721],[88.757,21.703],[88.769,21.694],[88.81,21.704],[88.808,21.663],[88.745,21.661],[88.711,21.69],[88.694,21.745],[88.711,21.787],[88.696,21.842],[88.725,21.98],[88.751,22.006],[88.71,21.996],[88.69,21.972],[88.696,21.951],[88.679,21.943],[88.631,21.954],[88.638,22.004],[88.624,22.011],[88.609,22.004],[88.602,21.997],[88.599,21.992],[88.595,21.989],[88.581,22.0],[88.571,22.0],[88.584,21.99],[88.574,21.978],[88.574,21.961],[88.554,21.976],[88.535,21.969],[88.549,21.92],[88.569,21.904],[88.541,21.907],[88.539,21.863],[88.53,21.872],[88.519,21.876],[88.536,21.856],[88.45,21.906],[88.439,21.906],[88.431,21.901],[88.421,21.904],[88.418,21.903],[88.434,21.899],[88.451,21.905],[88.483,21.872],[88.488,21.84],[88.447,21.813],[88.46,21.792],[88.417,21.813],[88.379,21.788],[88.374,21.768],[88.343,21.761],[88.344,21.721],[88.321,21.709],[88.306,21.714],[88.309,21.734],[88.3,21.781],[88.283,21.789],[88.272,21.732],[88.312,21.671],[88.284,21.601],[88.31,21.581],[88.276,21.557],[88.248,21.562],[88.236,21.605],[88.218,21.616],[88.237,21.644],[88.23,21.673],[88.2,21.683],[88.22,21.702],[88.215,21.778],[88.197,21.841],[88.163,21.884],[88.171,21.929],[88.15,21.957],[88.198,22.008],[88.223,22.071],[88.21,22.149],[88.188,22.188],[88.073,22.209],[88.088,22.242],[88.085,22.256],[88.061,22.206],[87.986,22.238],[87.956,22.27],[87.948,22.255],[88.007,22.203],[88.035,22.209],[88.074,22.187],[88.137,22.184],[88.19,22.116],[88.183,22.094],[88.086,22.023],[88.056,22.02],[87.976,21.851],[87.929,21.802],[87.894,21.79],[87.841,21.724],[87.791,21.69],[87.758,21.695],[87.683,21.654],[87.486,21.609],[87.477,21.647],[87.462,21.651],[87.47,21.732],[87.445,21.734],[87.445,21.768],[87.385,21.777],[87.369,21.765],[87.355,21.792],[87.338,21.785],[87.297,21.811],[87.277,21.805],[87.249,21.854],[87.239,21.903],[87.255,21.927],[87.236,21.957],[87.196,21.959],[87.17,21.979],[87.162,21.935],[87.096,21.914],[87.099,21.866],[87.038,21.868],[87.002,21.914],[87.032,21.993],[87.017,22.046],[86.96,22.088],[86.838,22.098],[86.828,22.118],[86.809,22.119],[86.796,22.157],[86.722,22.147],[86.727,22.217],[86.776,22.218],[86.782,22.237],[86.795,22.228],[86.778,22.218],[86.802,22.218],[86.813,22.241],[86.794,22.243],[86.792,22.266],[86.803,22.244],[86.813,22.267],[86.817,22.254],[86.824,22.267],[86.887,22.257],[86.888,22.297],[86.833,22.324],[86.846,22.4],[86.765,22.427],[86.751,22.456],[86.751,22.482],[86.801,22.488],[86.789,22.548],[86.767,22.556],[86.766,22.576],[86.659,22.576],[86.633,22.611],[86.635,22.666],[86.548,22.721],[86.514,22.718],[86.511,22.705],[86.419,22.791],[86.439,22.831],[86.435,22.861],[86.451,22.862],[86.467,22.901],[86.436,22.926],[86.477,22.952],[86.489,22.938],[86.526,22.947],[86.547,22.989],[86.519,22.971],[86.501,22.995],[86.447,22.988],[86.419,23.0],[86.394,22.981],[86.377,22.998],[86.326,22.995],[86.305,23.017],[86.237,22.995],[86.186,23.005],[86.142,23.057],[86.146,23.075],[86.049,23.106],[86.044,23.145],[85.958,23.161],[85.922,23.145],[85.894,23.155],[85.883,23.198],[85.864,23.222],[85.837,23.22],[85.838,23.247],[85.82,23.268],[85.884,23.35],[85.87,23.389],[85.903,23.398],[85.886,23.405],[85.885,23.43],[85.864,23.432],[85.871,23.475],[86.054,23.487],[86.017,23.547],[86.042,23.586],[86.092,23.563],[86.159,23.559],[86.148,23.465],[86.177,23.47],[86.229,23.443],[86.233,23.462],[86.246,23.46],[86.23,23.431],[86.247,23.412],[86.264,23.431],[86.31,23.412],[86.318,23.427],[86.306,23.435],[86.349,23.44],[86.379,23.474],[86.362,23.485],[86.375,23.509],[86.365,23.531],[86.388,23.574],[86.447,23.598],[86.462,23.63],[86.529,23.63],[86.598,23.674],[86.713,23.699],[86.748,23.679],[86.799,23.689],[86.812,23.745],[86.828,23.753],[86.804,23.801],[86.805,23.837],[86.827,23.814],[86.875,23.847],[86.89,23.82],[86.881,23.863],[86.916,23.883],[86.947,23.846],[86.974,23.869],[87.123,23.796],[87.15,23.797],[87.167,23.825],[87.129,23.869],[87.197,23.858],[87.189,23.842],[87.234,23.856],[87.217,23.83],[87.241,23.826],[87.256,23.844],[87.241,23.87],[87.246,23.909],[87.27,23.874],[87.295,23.902],[87.293,23.959],[87.262,23.967],[87.263,24.004],[87.248,23.999],[87.234,24.024],[87.245,24.045],[87.288,24.028],[87.337,24.034],[87.319,24.008],[87.329,23.999],[87.361,24.013],[87.46,23.984],[87.438,24.013],[87.476,24.012],[87.512,24.036],[87.493,24.054],[87.493,24.077],[87.511,24.083],[87.49,24.09],[87.498,24.118],[87.559,24.081],[87.581,24.087],[87.585,24.124],[87.61,24.132],[87.576,24.161],[87.694,24.151],[87.695,24.186],[87.638,24.215],[87.639,24.255],[87.658,24.236],[87.685,24.246],[87.706,24.261],[87.713,24.294],[87.761,24.308],[87.765,24.34],[87.813,24.412],[87.789,24.415],[87.795,24.436],[87.825,24.461],[87.811,24.477],[87.828,24.499],[87.812,24.492],[87.81,24.514],[87.802,24.494],[87.794,24.501],[87.806,24.554],[87.791,24.572],[87.771,24.571],[87.772,24.584],[87.851,24.554],[87.892,24.566],[87.912,24.61],[87.892,24.606],[87.876,24.616],[87.906,24.615],[87.889,24.63],[87.91,24.632],[87.918,24.662],[87.889,24.679],[87.907,24.722],[87.818,24.755],[87.835,24.789],[87.837,24.766],[87.869,24.775],[87.882,24.799],[87.87,24.826],[87.901,24.823],[87.891,24.855],[87.903,24.964],[87.884,25.03],[87.777,25.105],[87.782,25.177],[87.768,25.218],[87.829,25.214],[87.819,25.242],[87.853,25.29],[87.784,25.34],[87.79,25.377],[87.765,25.384],[87.767,25.416],[87.779,25.41],[87.787,25.449],[87.821,25.436],[87.839,25.468],[87.863,25.463],[87.884,25.52],[87.903,25.505],[87.926,25.539],[87.966,25.536],[87.998,25.499],[88.014,25.514],[88.049,25.486],[88.073,25.484],[88.077,25.507],[88.052,25.549],[88.031,25.554],[88.04,25.574],[88.021,25.57],[88.035,25.581],[88.022,25.596],[88.044,25.61],[88.034,25.631],[88.055,25.645],[88.036,25.649],[88.051,25.654],[88.05,25.702],[88.021,25.696],[88.001,25.723],[87.968,25.726],[87.942,25.774],[87.904,25.772],[87.9,25.807],[87.918,25.816],[87.889,25.83],[87.916,25.853],[87.83,25.872],[87.811,25.928],[87.821,25.936],[87.834,25.93],[87.84,25.934],[87.856,26.035],[87.886,26.043],[87.927,26.084],[87.949,26.06],[87.954,26.075],[87.982,26.073],[87.964,26.095],[87.989,26.105],[87.969,26.119],[87.982,26.127],[87.975,26.143],[88.01,26.145],[88.035,26.179],[88.073,26.175],[88.116,26.224],[88.142,26.227],[88.146,26.25],[88.228,26.285],[88.253,26.334],[88.278,26.325],[88.301,26.35],[88.283,26.378],[88.238,26.381],[88.237,26.396],[88.273,26.419],[88.215,26.477],[88.228,26.492],[88.198,26.485],[88.183,26.504],[88.235,26.545],[88.233,26.571],[88.216,26.573],[88.218,26.553],[88.169,26.553],[88.146,26.522],[88.105,26.551],[88.16,26.637],[88.188,26.772],[88.168,26.839],[88.174,26.865],[88.136,26.899],[88.145,26.922],[88.12,26.951],[88.134,26.986],[88.092,27.005],[88.078,27.035],[88.038,27.036],[88.021,27.088],[87.991,27.106],[88.019,27.171],[88.015,27.212],[88.053,27.215]]]]}}]}